assessmentId,internalTaxonId,scientificName,redlistCategory,redlistCriteria,yearPublished,assessmentDate,criteriaVersion,language,rationale,habitat,threats,population_x,populationTrend,range,useTrade,systems,conservationActions,realm,yearLastSeen,possiblyExtinct,possiblyExtinctInTheWild,scopes,taxonid,kingdom_name,phylum_name,class_name,order_name,family_name,genus_name,scientific_name,taxonomic_authority,infra_rank,infra_name,population_y,category,main_common_name,location_clean,location_detail_clean,threat_clean,main_threat_clean,needs_manual_review,country_code
1496235,177724,Stagnicola pilsbryi,Extinct,,2012,2012-03-05 00:00:00 UTC,3.1,English,"Stagnicola pilsbryi has been assessed as Extinct. Live specimens of the species have not been collected since 1968, despite a targeted survey being carried out in 1990. Clarke (1991) believes that the species became extinct due to habitat decline due to abstraction of water and diversion of the spring that it formerly inhabited.",This species was found in freshwater springs (NatureServe 2009).,This species is considered to be extinct due to slash and burn activities in the 1970s and spring diversion and drainage (Clarke 1991). This species was only known from one spring and is unlikely to be found in any others.,NatureServe (2009) state that this species is extinct and that it was only known from the Utah type locality. (This is based on the assumption that Stagnicola pilsbryi is the same species as Lymnaea pilsbryi).,,"This species is only known from the type locality at Fish Spring, Juab County, Utah (Oliver and Bosworth 1999). No live specimens of the species have been collected since 1968 (J. Cordeiro pers. comm. 2012). Russell (1971) found shells in Fish Springs only, but he reported that some of the shells appeared to have been relatively fresh. Live individuals or fresh snails have not been found since then including a targeted survey by Clarke (1991) in 1990. Therefore, it is believed that the species is extinct and only known from the Utah type locality (J. Cordeiro pers. comm. 2012). Clarke (1991) believes this species is extinct due to slash and burn activities in 1970 and the diversion and drainage of the spring.",This species was not utilised.,Freshwater (=Inland waters),This species has been given a NatureServe Global Heritage Status Rank of GX - Extinct (NatureServe 2009).,Nearctic,1968,FALSE,FALSE,Global,177724,ANIMALIA,MOLLUSCA,GASTROPODA,HYGROPHILA,LYMNAEIDAE,Stagnicola,Stagnicola pilsbryi,"Hemphill, 1890",,,,EX,Fish Springs Marshsnail,North America,United States,Overharvesting; Agriculture; Water Modification; Fire,Overharvesting,,US
1970358,191116,Atherinella callida,Extinct,,2019,2018-02-23 00:00:00 UTC,3.1,English,"Atherinella callida was a narrow endemic freshwater fish species known only from a single collection taken at Refugio, Veracruz, Mexico just west-north-west of Acatlan (Eschmeyer 1998, Chernoff 1986). The species has not been reported from the wild since 1957 (Burkhead 2012). Over the last fifty years there have been several comprehensive surveys but all the attempts (with Dr. and Mrs. Robert Rush Miller in February, 1982) to capture this species in the vicinity of Refugio and in the Rio Amapa (also tributary to the Rio Tonto) were unsuccessful (Chernoff 1986). A continuing decline of the species' habitat quality has been reported as a result of water pollution from urban and industrial discharges and agricultural run-off, increased sedimentation, dewatering, and anthropogenic modifications to natural channels and flow regimes due to the construction of large dams within the species distribution range (Harrison &amp; Stiassny 1999,  Jelks, et al. 2008, Garrido et al. 2010). Based on these observations and the survey effort, the species is assessed as Extinct.","Very little is known about this freshwater riverine species, other than inhabiting rocky-bottomed waters, with a maximum known size of 55 mm (SL) (Miller 2005).","The specific threats which caused and related to the extinction of Atherinella callida are thought to be a direct result of habitat loss and degradation, including perturbations caused by factors such as sedimentation, water pollution from urban and industrial discharges and agricultural run-off, dewatering, and anthropogenic modifications to natural channels and flow regimes, as a result of the construction of large dams within the species distribution range (Harrison &amp; Stiassny 1999, Jelks et al. 2008, Garrido et al. 2010).",This species is thought to be extinct.,,"Atherinella callida is a narrow endemic known only from a single collection taken at Refugio, Veracruz, Mexico just west north west of Acatlan (Eschmeyer 1998 Chernoff, 1986). The streams around Refugio drain into the Rio Tonto, a tributary to the Rio Papaloapan. There have been several comprehensive surveys over the last fifty years but all the attempts (with Dr. and Mrs. Robert Rush Miller in February, 1982) to capture this species in the vicinity of Refugio and in the Rio Amapa (also tributary to the Rio Tonto) were unsuccessful (Chernoff 1986). The species has not been reported from the wild since 1957, which is considered the estimated year of extinction (Burkhead 2012).",Atherinella callida is believed to be extinct.,Freshwater (=Inland waters),Atherinella callida is believed to be extinct.,Neotropical,1957,FALSE,FALSE,Global,191116,ANIMALIA,CHORDATA,ACTINOPTERYGII,ATHERINIFORMES,ATHERINOPSIDAE,Atherinella,Atherinella callida,"Chernoff, 1986",,,,EX,Cunning Silverside,North America,Mexico,Habitat Loss; Overharvesting; Agriculture; Water Modification; Pollution; Urbanization,Habitat Loss,,MX
2443283,196286,Thomasettia seychellana,Extinct,,2014,2012-12-01 00:00:00 UTC,3.1,English,"This species was last collected in 1908 despite searches for it in suitable habitat and therefore, it is assessed as Extinct.",This species was recorded from woodland habitats.,This species was likely threatened by invasive plant species causing habitat deterioration.,This species is assumed to be extinct as it was last recorded in 1908 in small numbers. Since then no individuals have been located despite searches of suitable habitat.,,"This species was endemic to the Seychelles islands of Mahe and Silhouette where it was recorded in 1908. A record from Praslin island is uncertain. Historically, the species had an area of occupancy (AOO) of 30 km2 and an extent of occurrence (EOO) of 300 km2.",,Terrestrial,No conservation actions were taken.,Afrotropical,1908,FALSE,FALSE,Global,196286,ANIMALIA,ARTHROPODA,ARACHNIDA,ARANEAE,SPARASSIDAE,Thomasettia,Thomasettia seychellana,"Hirst, 1911",,,,EX,,Indian Ocean Islands,Seychelles,Invasive Species; Habitat Loss; Overharvesting,Invasive Species,,SC
2443290,196288,Pleorotus braueri,Extinct,,2014,2012-12-01 00:00:00 UTC,3.1,English,"This species has not been collected since 1894 despite searches for this and similar species in likely sites and therefore, it is assessed as Extinct.",There are no precise details on the habitats and ecology of this species. The only known specimen was probably collected from mountain forest habitat.,"This species occupied habitats that are deteriorating due to the effects of invasive plants, especially Cinnamomum verum.","This species has not been recorded since 1894 and therefore, is assumed to be extinct.",,This species was endemic to the Seychelles island of Mahe. It is known from a single specimen from an imprecise locality in 1894 and was probably collected from high forest.,,Terrestrial,No conservation actions were taken.,Afrotropical,1894,FALSE,FALSE,Global,196288,ANIMALIA,ARTHROPODA,ARACHNIDA,ARANEAE,SPARASSIDAE,Pleorotus,Pleorotus braueri,"Simon, 1898",,,,EX,,Indian Ocean Islands,Seychelles,Invasive Species; Habitat Loss; Overharvesting,Invasive Species,,SC
2443297,196290,Stipax triangulifer,Extinct,,2014,2012-12-01 00:00:00 UTC,3.1,English,"This species was last recorded in 1894 despite searches for it and similar species in potentially suitable habitat and therefore, it is assessed as Extinct.",No details on the habitats and ecology of this species are known but it probably occurred in mountain forests.,This species was likely threatened by invasive plant species causing habitat deterioration.,This species is assumed to be extinct as it has not been recorded since 1894.,,This species was endemic to the Seychelles island of Mahe where it was collected once in 1894 from an imprecise locality. It probably occurred in mountain forests.,,Terrestrial,No conservation actions were taken.,Afrotropical,1894,FALSE,FALSE,Global,196290,ANIMALIA,ARTHROPODA,ARACHNIDA,ARANEAE,SPARASSIDAE,Stipax,Stipax triangulifer,"Simon, 1898",,,,EX,,Indian Ocean Islands,Seychelles,Invasive Species; Habitat Loss,Invasive Species,,SC
2503535,197874,Macrobrachium leptodactylus,Extinct,,2013,2011-11-30 00:00:00 UTC,3.1,English,"The species is only known from the type specimen collected from an unknown location in the Bogor Regency (2,664 km2) in Java, Indonesia in 1888. Surveys in the past 30 years in the area have failed to collect the species. This complex of freshwater shrimp species have been well surveyed in the wider region and based on the total lack of records over the past 30 years (surveyed every year) in the Bogor Regency and the level of development of the Regency since the description, the species is assessed as Extinct. It is however noted that Ou and Yeo (1995) consider that Macrobrachium leptodactylus could be a synonym of M. pilimanus, a widespread species in Java.",The exact habitat requirements are unknown.,"Since the species was collected 1888, the Bogor Regency has developed significantly (urban and agriculture). There are now 1,791 people per km2 according to 2010 official population census of the Bogor Regency.",Extinct. Surveys in the past 30 years in the area have failed to collect the species.,Stable,"The species is only known from the type specimen collected from an unknown location in the Bogor Regency in Java, Indonesia in 1888 (Chace and Bruce 1993). Surveys in the past 30 years in the area failed to collect the species.",No information is available.,Freshwater (=Inland waters),,Indomalayan,1888,FALSE,FALSE,Global,197874,ANIMALIA,ARTHROPODA,MALACOSTRACA,DECAPODA,PALAEMONIDAE,Macrobrachium,Macrobrachium leptodactylus,"(De Man, 1892a)",,,,EX,,Asia,Indonesia,Overharvesting; Agriculture; Urbanization; Unknown,Overharvesting,,ID
2594210,199495,Margatteoidea amoena,Extinct,,2012,2007-10-25 00:00:00 UTC,3.1,English,This species has not been recorded since 1905 despite thorough searches in 2006.,The island where the species has been recorded is dominated by coastal woodland and coconut plantation.,The entire range of the species is at sea level; any change will eliminate all habitat. It has not been recorded since 1905 and is probably extinct. A large fire in 2007 severely damaged remaining woodland areas.,"There is no information available on population size or trends. Despite thorough searches in 2006, the species is known only from five specimens collected in 1905.",Unknown,"The species is endemic to Seychelles, where it has been recorded only from Desroches Island.",This species is not utilized.,Terrestrial,No conservation actions are in place for this species.,Afrotropical,1905,FALSE,FALSE,Global,199495,ANIMALIA,ARTHROPODA,INSECTA,BLATTODEA,BLATTELLIDAE,Margatteoidea,Margatteoidea amoena,"(Bolivar, 1924)",,,,EX,,Indian Ocean Islands,Seychelles,Climate Change; Fire,Climate Change,,SC
2706765,201472,Eucarlia alluaudi,Extinct,,2014,2012-11-01 00:00:00 UTC,3.1,English,This species is assessed as Extinct. It was restricted to coastal woodland on Marianne island where it was last recorded in 1892. The island is heavily degraded as a result of almost complete clearance in the early 1900s and subsequent abandonment of the coconut placation. Coastal woodland on other islands has also been reduced to small and degraded fragments and searches of these have failed to locate the species.,This species was historically found in coastal woodland.,"The species is now extinct but it was threatened by habitat deterioration due to the effects of invasive plant species, mainly as a result of abandonment of coconut plantations on Marianne island.",This species is extinct as it has not been recorded since 1892 despite subsequent searches of appropriate habitat.,,"This species was endemic to the Seychelles island of Marianne, where it was last recorded in 1892.",,Terrestrial,No conservation actions were taken before the extinction of this species.,Afrotropical,1892,FALSE,FALSE,Global,201472,ANIMALIA,ARTHROPODA,DIPLOPODA,SPIROBOLIDA,PACHYBOLIDAE,Eucarlia,Eucarlia alluaudi,"(Brolemann, 1896)",,,,EX,,Indian Ocean Islands,Seychelles,Invasive Species; Habitat Loss,Invasive Species,,SC
2706821,201484,Orthomorpha crinita,Extinct,,2014,2012-11-01 00:00:00 UTC,3.1,English,"This species is known from a single specimen from 1894 from Mahe island (precise locality not known). Since then several searches have been made in the most likely habitats over most of the island and no individuals have been found. This species is large enough that it is unlikely to have been overlooked in the searches and therefore, it is assessed as Extinct.",No details are known on the habitats and ecology of this species but it was probably a forest species found in leaf litter.,"It is likely that this species was threatened by habitat deterioration due to the effects of invasive plants, especially Cinnamomum verum, and climate change causing drying of higher, cloud associated habitats.","This species has not been located since 1894 despite subsequent searches and therefore, is assumed to be extinct.",,This species was endemic to the Seychelles island of Mahe where a single specimen was collected in 1894. The precise locality is unknown.,,Terrestrial,No conservation actions were taken for this species.,Afrotropical,1894,FALSE,FALSE,Global,201484,ANIMALIA,ARTHROPODA,DIPLOPODA,POLYDESMIDA,PARADOXOSOMATIDAE,Orthomorpha,Orthomorpha crinita,"Attems, 1900",,,,EX,,Indian Ocean Islands,Seychelles,Invasive Species; Habitat Loss; Climate Change; Unknown,Invasive Species,,SC
4521607,153621,Cambarellus chihuahuae,Extinct,,2010,2010-06-01 00:00:00 UTC,3.1,English,"Cambarellus chihuahuae has been assessed as Extinct. The sites from which this species was previously known, have now dried up and the only remaining spring in the area contains no crayfish. There is no other suitable habitat in the area as a result of excessive groundwater abstraction for agriculture. There have been a number of targeted surveys for this species.","The type locality was a clear shallow spring, 10 cm deep and 1 - 2.5 m wide, which flows at a moderate rate over sand and gravel substrate, with sparse vegetation consisting of filamentous algae and submerged grass (Hobbs 1980). There is no suitable habitat surrounding the type locality, as the region is very arid (M. López-Mejía., F. Alvarez. and C. Pedraza-Lara pers. comm. 2009). This species was thought to co-occur with the Endangered pupfish Ciprynodon fontinalis (C. Pedraza-Lara pers. comm. 2010).","Ojo de Carbonera spring is threatened by increased pumping of groundwater for irrigation, which has already resulted in the failure of other spring flows in nearby areas (Echelle et al. 2003). An increased level of desiccation has also been reported from the area once occupied by this species (C. Pedraza-Lara pers. comm. 2010). This seems to have led to the complete desiccation of most, if not all, of the springs which formerly supported populations of this species (F. Alvarez pers. comm. 2010), while the agricultural industry responsible for this water abstraction has now collapsed in the area owing to a lack of groundwater.","Fewer than 100 specimens have been collected of this species (F. Alvarez pers. comm. 2009). After targeted surveys of this species, no new specimens were found, and it is believed to be Extinct (F. Álvarez pers. comm 2010).",Unknown,"Until recently, this species was known from the type locality, Ojo de Carbonera spring, 4.3 km south of Ejido Rancho Nuevo, approximately 57.6 km west of Villa Ahumada, Chihuahua, Mexico, and three other springs within 3 km of Ojo de Carbonera (Hobbs 1980). These springs were highly discontinuous, meaning the distribution of this species was highly fragmented (C. Pedraza-Lara pers. comm. 2010). A recent survey for this species found the type locality of this species, and several other former locations, to be completely devoid of water in 2009 (F. Alvarez pers. comm. 2010). A single spring in the area still contained water but was not found to support any crayfish after extensive searches (F. Alvarez pers. comm. 2010).",,Freshwater (=Inland waters),There are no species-specific conservation measures in place for this species.,Nearctic,1980,FALSE,FALSE,Global,153621,ANIMALIA,ARTHROPODA,MALACOSTRACA,DECAPODA,CAMBARIDAE,Cambarellus,Cambarellus chihuahuae,"Hobbs, 1980",,,,EX,,North America,Mexico,Agriculture; Water Modification,Agriculture,,MX
4550209,153825,Cambarellus alvarezi,Extinct,,2010,2010-07-01 00:00:00 UTC,3.1,English,"Cambarellus alvarezi has been assessed as Extinct. This species was endemic to a single location, though this no longer exists, having undergone reduction due to water abstraction, and since 1994 has been permanently dry. Furthermore, this species has been surveyed for 10 times, over a period of 4 -5 years within known habitat, but no specimens have been found.  The most recent visit to the site in 2009 confirmed there was no surface water at Ejido El Potosí. ","This species is known from a single pond with an area of approximately 0.01 km2 (Rodriguez and Campos 1994). Miller and Walters (1972) described this pond as having clear water of varying depth and abundant vegetation. Furthermore, this species was most commonly found in the southeastern part of the pond, in association with plants of the Ceratophyllum genus(Rodriguez and Campos 1994). However, this location is now known to be completely dry (M. López-Mejía., F. Alvarez. and C. Pedraza-Lara pers. comm. 2009).","The pond habitat of this species is thought to have been relatively stable between 1960 and 1989 (Rodriguez and Campos 1994). However, since then, intensive pumping of groundwater for agriculture has led to a dramatic reduction in the size of the pond and the amount of aquatic vegetation that it supports (Rodriguez and Campos 1994, Contreras-Balderas and Lozano-Vilano 1996). Furthermore, this location is now known to be completely dry (M. López-Mejía., F. Alvarez. and C. Pedraza-Lara pers. comm. 2009), confirmed in 2006 and 2009 (C. Pedraza-Lara pers. comm. 2010).","This species has been surveyed for on 10 occasions, over a period of 4-5 years within the spring of Ejido El Potosi, Galeana, in the state of Nuevo Leon, Mexico, but no specimens have been found (M. López-Mejía., F. Alvarez. and C. Pedraza-Lara pers. comm. 2009).",Unknown,"This species is endemic to the spring of Ejido El Potosi, Galeana, in the state of Nuevo Leon, Mexico (Rodriguez and Campos 1994).  It is only known from a single pond with a surface area of approximately 0.01 km² (Rodriguez and Campos 1994). In 2006, the type locality Ejido El Potosi was found to have no water in it, which was subsequently confirmed in 2009 (C. Pedraza-Lara pers. comm. 2010): This means there have been as many as 15 continuous years of desiccation at the only location this species is found.",,Freshwater (=Inland waters),There are no species-specific conservation measures in place for this species.,Nearctic,1991,FALSE,FALSE,Global,153825,ANIMALIA,ARTHROPODA,MALACOSTRACA,DECAPODA,CAMBARIDAE,Cambarellus,Cambarellus alvarezi,"Villalobos, 1952",,,,EX,,North America,Mexico,Agriculture; Water Modification,Agriculture,,MX
4821485,155676,Eupaludestrina spinellii,Extinct,,2010,2009-05-21 00:00:00 UTC,3.1,English,"This species is endemic to Italy, where it was originally recorded from a single site in the alpine region. Currently it is considered Extinct as it has not been recorded since 1850 despite survey efforts in the region over the last 30 years. It is listed on the Italian Red List as Extinct (CK Map 5.3.8, Manganelli et al. 2000).",This freshwater mollusc was originally recorded as living in standing marsh water (CK Map 5.3.8).,"The species is considered Extinct as it hasn't been found again since 1850. The causes of its extinction are uncertain, but the habitat has probably been lost.",This species was restricted to a small area and has not been recorded since 1850.,Unknown,This species is endemic to Italy. Specifically it was found within the alpine region of Lombardy between Lake Garda and Lake Idro. It has not been recorded since 1850 and hence is considered to be Extinct.,,Freshwater (=Inland waters), No specific conservation measures are known. This species is assessed as Extinct in the Italian Red List (CK Map 5.3.8).,Palearctic,1850,FALSE,FALSE,"Global, Europe & Mediterranean",155676,ANIMALIA,MOLLUSCA,GASTROPODA,LITTORINIMORPHA,COCHLIOPIDAE,Eupaludestrina,Eupaludestrina spinellii,"(Gredler, 1860)",,,,EX,,Europe,Europe,Unknown,Unknown,Yes,IT
4831171,155726,Islamia ateni,Extinct,,2011,2010-01-28 00:00:00 UTC,3.1,English,"This species is known from only a single thermal spring in Lerida Spain that is used by people as a public bath. The actual site has been altered by road construction, and frequent surveys in the 1990s failed to find any specimens, so according to the Spanish Red List (e.g., Verdú and Galante 2009) it has been classified as Extinct (EX).  This species has also been assessed at the regional level:European regional assessment: Extinct (EX)EU27 regional assessment: Extinct (EX)Mediterranean regional assessment: Extinct (EX).","This species occurred in springs: hot spring where Boeters (1969) described the species as living ""on a wall ... flowing hot water smells of sulphur"".",This spa has been profoundly altered due to the construction of a road as well as future possible changes to the habitat through site management for tourism and water use.,"In spite of several surveys over the last decade, no specimens have been found. So this species is only known from the original description in 1969. As the species has not been found and the habitat has been altered, Arconada et al. (in Verdu and Galante 2006 p. 323) consider the species to be extinct.",,"This species was only known from Balneario de San Vicente, Lerida (northeastern Spain). The Spa of San Vicente was built near a hot spring, and in the original description for this species (Boeters 1969) the site was described as ""on a wall ... flowing hot water smells of sulphur"". This spa has been profoundly altered due to the construction of a road, so that in recent visits to this locality it has not been possible to find this species (Arconada et al, in Verdu and  Galante, 2006 p. 323).",This species is assessed as Extinct and is therefore not utilized. It was not known to be utilized before it became extinct.,Freshwater (=Inland waters),"This species was listed as Extinct (Verdu and Galante 2009), so the remaining measures can only be regular resurvey of last known locality as well as other sources and springs where they could live. It is also necessary to inform the population about the importance of conservation of these hot springs, which are home to a diversity of freshwater species.",Palearctic,1969,FALSE,FALSE,"Global, Europe & Mediterranean",155726,ANIMALIA,MOLLUSCA,GASTROPODA,LITTORINIMORPHA,HYDROBIIDAE,Islamia,Islamia ateni,"(Boeters, 1969)",,,,EX,,Europe,Europe,Urbanization,Urbanization,,ES
4881283,155997,Bythinella gibbosa,Extinct,,2010,2009-11-09 00:00:00 UTC,3.1,English,"This species is listed as Extinct by Falkner et al. (2002). It was originally recorded from the villages around Toulouse in the 19th century, and hasn't been recorded in the last 50 years, despite surveys conducted in this region and these habitats have been lost due to encroachment of the town including the airport at Blagnac. It is considered that the species has probably been Extinct for over 50 years, and as such has been listed as Extinct, rather than Critically Endangered (Possibly Extinct), as there are considered to be no small pockets of habitat that survive.",This species lived in freshwater springs.,"The species was recorded from springs in the small villages adjacent to Toulouse in the 1850-1860's, however these locations are now all part of the city of Toulouse, and the sites are believed to have been lost during urbanisation.","This species is believed to be Extinct. It has not been recorded for over 50 years, despite survey efforts; possibly it became Extinct 30-50 years before that.",Unknown,"This species is endemic to France. In Falkner et al. (2002), the range is described as 'environs of Toulouse' in the department of Haute-Garonne. In Falkner et al. (2002) two locations were considered valid from Moquin-Tandon, in the 1850's at Bourassol and Blagnac and a third locality from the Locard Collections at MNHN, Paris from 'St Michel s. Touch, près de Toulouse'.  Much of this region is now part of the city of Toulouse, and Boeters (pers. comm. in Falker et al., 2002) has searched for the species in the Bourassol parts of Toulouse and considered that this species has been lost during this century.",,Freshwater (=Inland waters),The species is believed to now be Extinct.,Palearctic,before 1960,FALSE,FALSE,Global & Europe,155997,ANIMALIA,MOLLUSCA,GASTROPODA,LITTORINIMORPHA,BYTHINELLIDAE,Bythinella,Bythinella gibbosa,"(Moquin-Tandon, 1856)",,,,EX,,Europe,Europe,Unknown,Unknown,Yes,FR
6178632,166049,Anabarilius macrolepis,Extinct,,2011,2011-01-18 00:00:00 UTC,3.1,English,"Considered to have gone extinct when the Yilong Lake dried up as a result of water abstraction for agriculture in 1981. The species was surveyed for in 1983 and 1984, but was not found, and recent surveys by the Kunming Institute of Technology have also not found the species (W.  Zhou pers. comm. 2011).",Pelagic fish; freshwater lake.,The water level of the lake declined since the 1950s. In 1981 the lake completely dried up (for about 20 days) as a result of water abstraction for agriculture. The lake is also polluted by increased organic pollution caused by sedimentation from the surrounding catchment.,"Considered to have gone extinct in 1981 because the Yilong Lake dried (for 20 days) up as a result of water abstraction for agriculture in the 1970-80s. The species was surveyed for in 1983 and 1984, but was not found, and recent surveys by the Kunming Institute of Technology have also not found the species (W.  Zhou pers comm. 2011).",,Only known from Yilong Lake in Yunnan Province.,Was used as food in the past.,Freshwater (=Inland waters),Survey should be undertaken to confirm absence.,Indomalayan,1970s,FALSE,FALSE,Global,166049,ANIMALIA,CHORDATA,ACTINOPTERYGII,CYPRINIFORMES,XENOCYPRIDIDAE,Anabarilius,Anabarilius macrolepis,"Yih &amp; Wu, 1964",,,,EX,,Unknown,Unknown,Agriculture; Pollution,Agriculture,Yes,CN
6451870,168112,Pachnodus ladiguensis,Extinct,,2009,2006-01-11 00:00:00 UTC,3.1,English,"The species is known only from subfossil material. Extinction probably occurred in the mid-1800s, as a result of habitat degradation caused mainly by large-scale conversion of woodlands to plantations.","This was probably a terrestrial forest species, occupying moist lowland forests.","The cause of extinction is believed to be habitat destruction, as natural woodlands were replaced with large-scale wood plantations in the 1800s.",It is known only from subfossil material; extinction likely took place in the mid-1800s.,,"This extinct snail species was endemic to La Digue island, Seychelles.",,Terrestrial,,Afrotropical,,FALSE,FALSE,Global,168112,ANIMALIA,MOLLUSCA,GASTROPODA,STYLOMMATOPHORA,CERASTIDAE,Pachnodus,Pachnodus ladiguensis,"Gerlach, 2003",,,,EX,,Indian Ocean Islands,Seychelles,Habitat Loss,Habitat Loss,,SC
6453154,168116,Pachnodus curiosus,Extinct,,2009,2006-01-11 00:00:00 UTC,3.1,English,The species is known only from subfossil material; extinction probably occurred in the early 1800s as a result of fires which eliminated all forest habitats on the island the species inhabited.,It is suspected that this was probably a lowland forest species.,"Extinction was probably caused by extensive fires in the early 1800s, which destroyed all forest habitat on the island.",This snail species is known only from subfossil material.,,"A Seychelles endemic, this extinct snail species was known only from Curieuse island.",,Terrestrial,,Afrotropical,,FALSE,FALSE,Global,168116,ANIMALIA,MOLLUSCA,GASTROPODA,STYLOMMATOPHORA,CERASTIDAE,Pachnodus,Pachnodus curiosus,"Gerlach, 2003",,,,EX,,Indian Ocean Islands,Seychelles,Unknown,Unknown,Yes,SC
6955940,173001,Cyclura onchiopsis,Extinct,,2011,2010-09-23 00:00:00 UTC,3.1,English,"No individuals of this iguana have been collected or observed since the middle of the 19th century, despite a number of visits to the island and its occupation during the early 20th century by a resident lighthouse keeper. Schwatrz and Carey (1977) suggested that the introduction of goats and/or cats by the lighthouse keepers might have been responsible for its extinction, but Powell (1999) indicated that exploitation by mine workers on the island during the latter half of the 19th century is a more probable explanation.","Surrounded by cliffs, the portions of Navassa Island presumably capable of supporting iguanas prior to their extinction was characterized by Ekman (1929), Proctor (1959), and paraphrased in Powell (1999). The island is a relatively flat shelf of pot-holed, karstic dolomite covered by sparse, shrubby vegetation (largely the result of 19th century mining operations) with a second, higher plateau with apparently natural savannas as well as areas cleared during the mining operations, interspersed with dense but stunted woodland dominated by four tree species: Short Leaf Fig (Ficus populnea var. brevifolia), False Mastic (Sideroxylon foetidissimum), Pigeon Plum (Coccoloba diversifolia), and Poisonwood (Metopium brownei). Although iguanas probably occurred island-wide prior to their extinction, preferred habitat almost certainly consisted of rocky areas and savannas instead of the densely forested portions of the island. Because Navassa lacks beaches, nesting presumably occurred in pockets of mineralized phosphate that accumulated in potholes. The phosphate (which was commercially extracted during the period when the iguanas presumably became extinct) might have been either of marine or terrestrial origin: precipitates of seawater during periods of submergence or from fish digested by birds and deposited as guano, respectively.Among the five specimens known for this iguana, the maximum snout-vent length is 42 cm for the largest male and 37.8 cm snout-vent length for the largest female (Powell 2000). Based on the morphology of similar species, this is probably far less than the maximum for this iguana.","Like other rock iguanas, the Navassa Rhinoceros Iguana was probably threatened by non-native predators, hunting for human consumption, and non-native competitors which destroyed the vegetation. Schwartz and Carey (1977) suggested that the introduction of goats and/or cats by the lighthouse keepers might have been responsible for its extinction, but Powell (1999) indicated that exploitation by mine workers on the island during the latter half of the 19th century was a more probable explanation.",No individuals have been collected or observed since the middle of the 19th century. The last specimen collection date was July 1878.,,"The Navassa Rhinoceros Iguana was known only from Navassa Island, West Indies, a 5.2 km² island owned by the United States. The iguana presumably occurred island-wide before its extinction.",,Terrestrial,,Neotropical,July 1878,FALSE,FALSE,Global,173001,ANIMALIA,CHORDATA,REPTILIA,SQUAMATA,IGUANIDAE,Cyclura,Cyclura onchiopsis,"Cope, 1885",,,,EX,Navassa Rhinoceros Iguana,North America,United States,Invasive Species; Overharvesting,Invasive Species,,US
7657156,180996,Platytropius siamensis,Extinct,,2011,2011-02-07 00:00:00 UTC,3.1,English,"This species has not been encountered since 1975–1977 (C. Vidthayanon, pers. comm.), despite periodic surveys undertaken within the Chao Phraya and Bang Pakong river drainages. Because of the complete absence of evidence that any individuals of this species can still be found either in the wild or as captive populations, this species is assessed as Extinct.","This species was previously found in the main channels of rivers and larger streams. It might have also been found in large swamps and marshes, although all known museum records of this species come from material collected in fluviatile systems.","This species is believed to have gone extinct as a result of damming and canalization of the Chao Phraya River (Harrison and Stiassny 1999), as well as extensive reclamation of wetlands around Bangkok and the known range of the species. In addition, the lower parts of both rivers are very highly polluted.","This species was still abundant in the Chao Phraya (and possibly Bang Pakong) River drainage in the 1920s (Smith 1945), but is now considered extinct, as no individuals have been encountered since 1975–1977 (from specimens seen from Ayutthaya; specimens at Thai Department of Fisheries (C. Vidthayanon pers. comm. 2011)) in spite of numerous surveys within the Chao Phraya River drainage and areas where this species has been historically reported. The Bang Pakong has also been extensively surveyed over the period 1990–2000 (C. Vidthayanon, pers. comm. 2011), and the species has not been recorded, nor do fishers report the species.",,"This species was known from the Chao Phraya and Bang Pakong river drainages in Thailand (Smith 1945). Although there have been numerous general fish surveys in the drainages where the species had been recorded, this species has not been encountered since 1975–1977.","This species was utilized as a food fish, most likely in artisanal fisheries.",Freshwater (=Inland waters),"None needed, as this species is considered extinct.",Indomalayan,1977,FALSE,FALSE,Global,180996,ANIMALIA,CHORDATA,ACTINOPTERYGII,SILURIFORMES,HORABAGRIDAE,Platytropius,Platytropius siamensis,"(Sauvage, 1883)",,,,EX,Siamese flat-barbelled catfish,Unknown,Unknown,Pollution,Pollution,Yes,TH
8281715,184497,Pseudamnicola latasteana,Extinct,,2010,2007-10-19 00:00:00 UTC,3.1,English,This species is only known from one oasis where it has not been recorded any more since the 19th century. Boeters didn't find it despite surveys in the area. It must be considered Extinct.,It inhabits small streams in the oasis of Oudref.,No information available.,No information available.,,This species is known from Oudref (Tunisia).,,Freshwater (=Inland waters),No information available.,Palearctic,19th century,FALSE,FALSE,"Global, Northern Africa & Pan-Africa",184497,ANIMALIA,MOLLUSCA,GASTROPODA,LITTORINIMORPHA,HYDROBIIDAE,Pseudamnicola,Pseudamnicola latasteana,"Letourneux &amp; Bourguignat, 1887",,,,EX,,Unknown,Unknown,Unknown,Unknown,Yes,TN
8283720,184510,Chambardia letourneuxi,Extinct,,2010,2007-10-03 00:00:00 UTC,3.1,English,"This species is only known from museum collections. The original description was based on subfossil material and was considered as possibly extinct already at the time of discovery. Live specimens were collected subsequently during the early 20th Century and misidentified as another species, but are now seen to be this one. The species is (or was) endemic to the Nile Delta, presently one of the most densely populated regions in North Africa. It has not been found since despite more recent surveys, therefore it is almost certainly Extinct.",It is found in muddy bottoms in slow flowing waters in chaneks of the Nile Delta,Aquatic pollution threatens this species.,This species is possibly extinct.,,"This species is endemic to the Lower Nile in Egypt. This species is only known from museum collections. It has not been collected during recent surveys, and is possibly extinct. (The type locality for this species is Lower Egypt near Ramses).",,Freshwater (=Inland waters),None known.,Palearctic,early 20th century,FALSE,FALSE,"Global, Northern Africa & Pan-Africa",184510,ANIMALIA,MOLLUSCA,BIVALVIA,UNIONIDA,IRIDINIDAE,Chambardia,Chambardia letourneuxi,"Servain, 1890",,,,EX,,Africa,Africa,Overharvesting; Pollution,Overharvesting,,EG
8283903,184511,Bythinella mauritanica,Extinct,,2010,2007-10-19 00:00:00 UTC,3.1,English,"This species was recorded in 1887 but it has not been found since by specialists (Haas, Boeters) during the 1970s. It is considered Extinct.",No information available.,No information available.,No information available.,,"This species was originally found in 1887 in Djebel Zaghouan in Tunisia in one single Roman temple where there was a bath, and it hasn't been found since.",,Freshwater (=Inland waters),No information available.,Afrotropical,,FALSE,FALSE,"Global, Northern Africa & Pan-Africa",184511,ANIMALIA,MOLLUSCA,GASTROPODA,LITTORINIMORPHA,BYTHINELLIDAE,Bythinella,Bythinella mauritanica,Letourneux &amp; Bourguignat 1887,,,,EX,,Unknown,Unknown,Unknown,Unknown,Yes,TN
8286338,184524,Pseudamnicola desertorum,Extinct,,2010,2007-10-19 00:00:00 UTC,3.1,English,"The generic status of this species is uncertain due to lack of anatomical data. The taxonomy of the hydrobiids of Algeria has not been revised since 1864. However, the thermal springs from which this species is known is are no longer there, so it is considered Extinct.",This is a crenobiont of warm springs.,Pollution and disappearance of springs threaten this species.,No information available.,,"It is recorded from the thermal springs at Djenndel near Annaba (Algeria), Bourgignat 1862. That is the only time it is been seen, and these springs no longer exist.",,Freshwater (=Inland waters),No information available.,Palearctic,19th century,FALSE,FALSE,"Global, Northern Africa & Pan-Africa",184524,ANIMALIA,MOLLUSCA,GASTROPODA,LITTORINIMORPHA,HYDROBIIDAE,Pseudamnicola,Pseudamnicola desertorum,"(Bourguignat, 1862)",,,,EX,,Unknown,Unknown,Pollution,Pollution,Yes,DZ
8292538,184558,Pseudamnicola oudrefica,Extinct,,2010,2007-10-19 00:00:00 UTC,3.1,English,"This species was described in the 19th century from a single locality in Tunisia, and has not been found during later surveys. Boeters did not find in extensive surveys in 1970s so it is thought to be Extinct.",No information available.,No information available.,No information available.,,This species is known from small streams in the oasis of Oudref (Tunisia),,Freshwater (=Inland waters),No information available.,Palearctic,19th century,FALSE,FALSE,"Global, Northern Africa & Pan-Africa",184558,ANIMALIA,MOLLUSCA,GASTROPODA,LITTORINIMORPHA,HYDROBIIDAE,Pseudamnicola,Pseudamnicola oudrefica,"(Letourneux &amp; Bourguignat, 1887)",,,,EX,,Unknown,Unknown,Unknown,Unknown,Yes,TN
8300538,184605,Hydrobia gracilis,Extinct,,2010,2007-10-19 00:00:00 UTC,3.1,English,This species is only known from one museum specimen. It was collected at two springs in Morocco that are not active any more and that are situated in regions with polluted ground water. It is now considered to be Extinct.,This species is a crenobiont.,No information available.,No information available.,,This species was known from a spring at Casablanca and spring at Settat (Morocco). In both locations no active springs presently persist.,,Freshwater (=Inland waters),No information available.,Palearctic,,FALSE,FALSE,"Global, Northern Africa & Pan-Africa",184605,ANIMALIA,MOLLUSCA,GASTROPODA,LITTORINIMORPHA,HYDROBIIDAE,Hydrobia,Hydrobia gracilis,"Morelet, 1880",,,,EX,,Unknown,Unknown,Overharvesting; Pollution,Overharvesting,Yes,MA
8301493,184612,Pseudamnicola singularis,Extinct,,2010,2007-10-19 00:00:00 UTC,3.1,English,"This species was described in the 19th century, and has not been found in later surveys. It is considered Extinct.",Also lives on rocks by springs feeding oases in the desert. This species is a crenobiont. Most of Pseudamnicola are like this - springs and clear springs coming from them. The snails are found only in the tiny distance between spring and oasis (mainly a metre or two). They are replaced by Mercuria immediately below that level (physical succession). Mercuria is spreading (Ghamizi et al. 1997).,"These are found on rocks where water seeps out of desert into oases. As soon as they start pumping water from the ground, the springs stop and the snails disappear.",No information available.,,"This species is known from Oudref and Oued Gabés near Gabés (Tunisia), found only by Letourneux and Bourguignat 1887. The three sites are all right near each other so one location. It has not been found since.",,Freshwater (=Inland waters),No information available.,Palearctic,19th century,FALSE,FALSE,"Global, Northern Africa & Pan-Africa",184612,ANIMALIA,MOLLUSCA,GASTROPODA,LITTORINIMORPHA,HYDROBIIDAE,Pseudamnicola,Pseudamnicola singularis,"Letourneux &amp; Bourguignat, 1887",,,,EX,,Unknown,Unknown,Unknown,Unknown,Yes,TN
8302229,184618,Pseudamnicola barratei,Extinct,,2010,2007-10-19 00:00:00 UTC,3.1,English,"This species was recorded in the 19th century. It was previously only found from two locations (four close sites) in areas which have been badly degraded. It was not found any more during extensive surveys carried out in the 1970s, and therefore it is considered Extinct.",It was found in little streams.,No information available.,No information available.,,"This species is endemic to north Africa. It was reported from El Goléa, Nefta, Kebili and Limaguess (Tunisia) in 1887 by Letourneux and Bourguignat but Boeters did not find it any more.",,Freshwater (=Inland waters),No information available.,Palearctic,19th century,FALSE,FALSE,"Global, Northern Africa & Pan-Africa",184618,ANIMALIA,MOLLUSCA,GASTROPODA,LITTORINIMORPHA,HYDROBIIDAE,Pseudamnicola,Pseudamnicola barratei,"Letourneux &amp; Bourguignat, 1887",,,,EX,,Africa,Africa,Unknown,Unknown,Yes,TN
8318247,184705,Bythinella microcochlia,Extinct,,2010,2007-10-19 00:00:00 UTC,3.1,English,"This species was recorded in the 19th century in one single locality, it has not been found any more during subsequent surveys by Boeters and considered to be Extinct.",No information available.,No information available.,No information available.,,This species is known only from Oued Melah near Oudref (Tunisia) but Boeters did not find it there anymore so it is now considered extinct.,,Freshwater (=Inland waters),No information available.,Palearctic,19th century,FALSE,FALSE,"Global, Northern Africa & Pan-Africa",184705,ANIMALIA,MOLLUSCA,GASTROPODA,LITTORINIMORPHA,BYTHINELLIDAE,Bythinella,Bythinella microcochlia,"Letourneux &amp; Bourguignat, 1887",,,,EX,,Unknown,Unknown,Unknown,Unknown,Yes,TN
8322868,184731,Pseudamnicola ragia,Extinct,,2010,2007-10-19 00:00:00 UTC,3.1,English,"Described in the 19th century from two locations in Tunisia, this species has not been recorded during later surveys by Boeters who surveyed extensively. It is expected to now be Extinct.",No information available.,No information available.,No information available.,,This species is known from Kriz and Limaguess (Tunisia).,,Freshwater (=Inland waters),No information available.,Palearctic,19th century,FALSE,FALSE,"Global, Northern Africa & Pan-Africa",184731,ANIMALIA,MOLLUSCA,GASTROPODA,LITTORINIMORPHA,HYDROBIIDAE,Pseudamnicola,Pseudamnicola ragia,"Letourneux &amp; Bourguignat, 1887",,,,EX,,Unknown,Unknown,Unknown,Unknown,Yes,TN
8324236,184739,Bythinella limnopsis,Extinct,,2010,2007-10-19 00:00:00 UTC,3.1,English,"This species was recorded in 1887 but it has not been found any more by specialists (Haas, Boeters) during the 1970s, who checked all the original sites where it had been found. It is now considered Extinct.",This species is a crenobiont.,No information available.,No information available.,,"This species has been found only in the basin of a Roman temple on Djebel Zaghouan, and springs at Kairouan (Tunisia). It has not been found since despite good surveys by Boeters so it is now considered extinct.",,Freshwater (=Inland waters),No information available.,Palearctic,,FALSE,FALSE,"Global, Northern Africa & Pan-Africa",184739,ANIMALIA,MOLLUSCA,GASTROPODA,LITTORINIMORPHA,BYTHINELLIDAE,Bythinella,Bythinella limnopsis,"Letourneux &amp; Bourguignat, 1887",,,,EX,,Unknown,Unknown,Unknown,Unknown,Yes,TN
8325175,184742,Pseudamnicola globulina,Extinct,,2010,2007-10-19 00:00:00 UTC,3.1,English,This species has not been recorded since the 19th century despite intensive surveys in the 1970s by Boeters. It is reasonably assumed to be Extinct.,It is found in springs and small streams; crenobiont.,No information available.,No information available.,,"This species is known from Djebel Zaghouan (in temple basin), Kairouan, El Kis and Feriana (all in Tunisia).",,Freshwater (=Inland waters),No information available.,Palearctic,19th century,FALSE,FALSE,"Global, Northern Africa & Pan-Africa",184742,ANIMALIA,MOLLUSCA,GASTROPODA,LITTORINIMORPHA,HYDROBIIDAE,Pseudamnicola,Pseudamnicola globulina,"Letourneux &amp; Bourguignat, 1887",,,,EX,,Unknown,Unknown,Unknown,Unknown,Yes,TN
8326304,184749,Pseudamnicola letourneuxiana,Extinct,,2010,2007-10-19 00:00:00 UTC,3.1,English,"The generic status of this species is uncertain due to lack of anatomical data. The taxonomy of the hydrobiids of Algeria has not been revised since 1864. This species was only recorded from one locality in the 19th century, within thermal springs which no longer exist. Therefore it is considered Extinct.",This is a crenobiont of thermal springs (42°C).,This species is threatened by pollution of the thermal springs.,No information available.,,"This species is only recorded from thermal springs of Djenndel near Annaba (Algeria), which no longer exist.",,Freshwater (=Inland waters),Protection of thermal springs would have protected this species.,Palearctic,19th century,FALSE,FALSE,"Global, Northern Africa & Pan-Africa",184749,ANIMALIA,MOLLUSCA,GASTROPODA,LITTORINIMORPHA,HYDROBIIDAE,Pseudamnicola,Pseudamnicola letourneuxiana,"(Bourguignat, 1862)",,,,EX,,Unknown,Unknown,Pollution,Pollution,Yes,DZ
8327042,184753,Pseudamnicola doumeti,Extinct,,2010,2007-10-19 00:00:00 UTC,3.1,English,This species was collected in a single location in Tunisia during the 19th century but was not found any more during the intensive surveys in the 1970s by Boeters.,This species is a crenobiont.,No information available.,No information available.,,This species is known from Thala (Tunisia).,,Freshwater (=Inland waters),No information available.,Palearctic,19th century,FALSE,FALSE,"Global, Northern Africa & Pan-Africa",184753,ANIMALIA,MOLLUSCA,GASTROPODA,LITTORINIMORPHA,HYDROBIIDAE,Pseudamnicola,Pseudamnicola doumeti,"Letourneux &amp; Bourguignat, 1887",,,,EX,,Unknown,Unknown,Overharvesting,Overharvesting,Yes,TN
10304648,40091,Pachnodus velutinus,Extinct,,2009,2006-01-11 00:00:00 UTC,3.1,English,"Range contraction in this species has been recorded since 1972, following range expansion by Pachnodus niger which eventually led to hybridization. Hybrids exhibited a selective advantage in being tolerant of dry conditions; P. velutinus required constant humidity levels in excess of 90%. In 1994, no true P. velutinus could be located and since that date its range has been occupied exclusively by P. niger x velutinus hybrids.","This snail once inhabited high forests, requiring constant humidity levels in excess of 90%. By the early 1990s, it was restricted to the dampest area of moss forests, and by 1994 it had become extinct.","Being vulnerable to dessication, this species was historically threatened by habitat degradation and climatic changes. Hybridization with Pachnodus niger led to the extinction of this species in 1994.",,,"Endemic to the Seychelles, this extinct snail was found only on Mahé island.",,Terrestrial,This snail was historically present in the Morne Seychellois National Park.,Afrotropical,1994,FALSE,FALSE,Global,40091,ANIMALIA,MOLLUSCA,GASTROPODA,STYLOMMATOPHORA,CERASTIDAE,Pachnodus,Pachnodus velutinus,"(Pfeiffer, 1841)",,,,EX,,Indian Ocean Islands,Seychelles,Habitat Loss,Habitat Loss,,SC
10310990,40046,Clappia umbilicata,Extinct,,2000,2000-06-30 00:00:00 UTC,2.3,English,Revision of current survey information concludes that this species is now extinct due to silting of the river bed habitat after damming.,,,,,,,Freshwater (=Inland waters),,Nearctic,,FALSE,FALSE,Global,40046,ANIMALIA,MOLLUSCA,GASTROPODA,LITTORINIMORPHA,LITHOGLYPHIDAE,Clappia,Clappia umbilicata,"(Walker, 1904)",,,,EX,Umbilicate Pebblesnail,Unknown,Unknown,Unknown,Unknown,Yes,
10311237,40048,Pyrgulopsis nevadensis,Extinct,,2000,2000-06-30 00:00:00 UTC,2.3,English,Hershler (1994) considered this species was extinct when he described it.,,,,,,,Freshwater (=Inland waters),,Nearctic,,FALSE,FALSE,Global,40048,ANIMALIA,MOLLUSCA,GASTROPODA,LITTORINIMORPHA,HYDROBIIDAE,Pyrgulopsis,Pyrgulopsis nevadensis,"(Stearns, 1833)",,,,EX,Corded Pyrg,Unknown,Unknown,Unknown,Unknown,Yes,
10311559,40053,Somatogyrus alcoviensis,Extinct,,2000,2000-06-30 00:00:00 UTC,2.3,English,Restricted distribution and habitat disturbance threatened this species and despite recent surveys this species has not been found at its only known locality.,,,,,,,Freshwater (=Inland waters),,Nearctic,,FALSE,FALSE,Global,40053,ANIMALIA,MOLLUSCA,GASTROPODA,LITTORINIMORPHA,LITHOGLYPHIDAE,Somatogyrus,Somatogyrus alcoviensis,"Krieger, 1915",,,,EX,Reverse Pebblesnail,Unknown,Unknown,Unknown,Unknown,Yes,
10313943,40100,Elimia gibbera,Extinct,,2000,2000-06-30 00:00:00 UTC,2.3,English,Lack of information in 1996 led to this species being thought of as Critically Endangered. More recent information concludes that it is Extinct.,,,,,,,Freshwater (=Inland waters),,Nearctic,,FALSE,FALSE,Global,40100,ANIMALIA,MOLLUSCA,GASTROPODA,SORBEOCONCHA,PLEUROCERIDAE,Elimia,Elimia gibbera,"(Goodrich, 1922)",,,,EX,Shouldered Elimia,Unknown,Unknown,Unknown,Unknown,Yes,
10313984,40101,Elimia lachryma,Extinct,,2000,2000-06-30 00:00:00 UTC,2.3,English,"Lack of survey information resulted in this species being regarded as Critically Endangered in 1996. Based on survey information it was concluded in 2000 that this species was Extinct. However, in 2005, a news release from The Nature Conservancy indicated that this species had been rediscovered by Jeff Garner of the Alabama Department of Conservation and Natural Resources. The rediscovery requires confirmation before the species status can be reassessed, but it is likely to be Critically Endangered.",,,,,,,Freshwater (=Inland waters),,Nearctic,,FALSE,FALSE,Global,40101,ANIMALIA,MOLLUSCA,GASTROPODA,SORBEOCONCHA,PLEUROCERIDAE,Elimia,Elimia lachryma,"(Reeve, 1861)",,,,EX,Teardrop Elimia,Unknown,Unknown,Unknown,Unknown,Yes,
10314023,40102,Elimia macglameriana,Extinct,,2000,2000-06-03 00:00:00 UTC,2.3,English,This species was thought of as Critically Endangered in 1996 because of a lack of survey information. More recent information concludes that the species is Extinct.,,,,,,,Freshwater (=Inland waters),,Nearctic,,FALSE,FALSE,Global,40102,ANIMALIA,MOLLUSCA,GASTROPODA,SORBEOCONCHA,PLEUROCERIDAE,Elimia,Elimia macglameriana,"(Goodrich, 1936)",,,,EX,Wrinkled Elimia,Unknown,Unknown,Unknown,Unknown,Yes,
10359912,40726,Pentagenia robusta,Extinct,,1996,1996-08-01 00:00:00 UTC,2.3,English,"Known only from the Ohio River area. The type specimen was collected in 1926 (McCafferty 1994). This riverine species was probably sensitive to changes in river flow and water quality, especially increasing sedimentation.",,,,,,,Terrestrial|Freshwater (=Inland waters),,Nearctic,1926,FALSE,FALSE,Global,40726,ANIMALIA,ARTHROPODA,INSECTA,EPHEMEROPTERA,EPHEMERIDAE,Pentagenia,Pentagenia robusta,"McDunnough, 1926",,,,EX,Robust Burrowing Mayfly,Unknown,Unknown,Overharvesting,Overharvesting,Yes,GR
10390353,41027,Graecoanatolica macedonica,Extinct,,2011,2009-11-27 00:00:00 UTC,3.1,English,"The species was first listed as Extinct in 2000. Population declines were first noted in the 1970s when lake levels were lowered. In 1988 a massive outflow event resulted in a catastrophic drop in lake level of 60 cm, isolating the zone were the species is normally found. This combined with interference of inflow streams, and hot, dry summers have led to extensive damage to the entire lake's littoral zone. Repeated visits to the area between 1992 and 2000 failed to locate the species leading to the conclusion that the species should be considered extinct. However some shells of this species were collected in 2009 (Fischer et al. 2009), so there are two possible conclusions a) these are subfossil shells washed out from sediment b) that it is possible that the species may have survived in a small groundwater source and that species is extant. As the species was not live collected, it is still considered Extinct, however if more dead shells continue to be found then the species should be considered as Critically Endangered (Possibly Extinct) and intensive surveys and rehabilitation programmes will be required. This species has also been assessed at the regional level:Europe: : Extinct (EX)EU 27: Extinct (EX) Mediterranean: Extinct (EX)","Graecoanatolica macedonica was a freshwater species. It was restricted to stony and sandy substrates in the littoral zone of Lake Dorjan, usually at depths of 0 to approximately 50 cm (Ryan and Griffiths 2001).","The species is thought to have become extinct as a result of habitat loss through water abstraction (Ryan and Griffiths 2001). Lake levels declined from maximum water depth of 10.4 m in the 1930s to 5.6 m in 1995, and water abstraction is still ongoing in the area as the lake's feeder streams and underlying aquifer continue to be used for agricultural purposes (Ryan and Griffiths 2001). Recently, shells have been found at the lake, suggesting that it is possible that the species may survive in a small pocket, or has modified it's habitat.","The population was noted to have suffered declines in the 1970s as the lakes water levels lowered from maximum depth of 10.4 m in the 1930s to 5.6 m in 1995. In 1987, densities were estimated at 2,500 individuals per m², however, in 1988 the lake's water level decreased by a further 60 cm as a result of a single outflow event (Ryan and Griffiths 2001). The species was not recorded in the area between 1992 and 2001 (Griffiths pers. comm. 2001). The species was thought to be extinct as a result of habitat loss through water abstraction (Ryan and Griffiths 2001). Water abstraction is still ongoing in the area as the lake's feeder streams and underlying aquifer continue to be used for agricultural purposes. Recently (2009) some fresh looking shells have been found at the lake, suggesting that it is possible that the species may survive in a small pocket, or has modified its habitat. Further survey work is required in order to identify whether these shells are 'subfossil' or whether the species survives somewhere at the lake.",,"Graecoanatolica macedonica was endemic to Lake Dorjan, on the border of Macedonia and Greece. It was first described from shells taken from a site on the western shore of the lake, on the border of Macedonia and Greece (Ryan and Griffiths 2001).",This species is currently assessed as Extinct and is therefore not utilized. It was also not known to be utilized before its extinction.,Freshwater (=Inland waters),"Further survey work is required in order to identify whether the recently collected shells are 'subfossil' or whether the species survives somewhere at the lake. As water quality needs to be good for these small freshwater gastropods, the use of fertilizer, pesticide and herbicide use for agricultural purposes needs to be drastically reduced.",Palearctic,1992,FALSE,FALSE,"Global, Europe & Mediterranean",41027,ANIMALIA,MOLLUSCA,GASTROPODA,LITTORINIMORPHA,HYDROBIIDAE,Graecoanatolica,Graecoanatolica macedonica,"Radoman &amp; Stanovic, 1978",,,,EX,,Europe,Europe,Habitat Loss; Overharvesting; Agriculture; Water Modification,Habitat Loss,,IL
10414562,41213,Megalobulimus cardosoi,Extinct,,1996,1996-08-01 00:00:00 UTC,2.3,English,,,,,,,,Terrestrial,,Neotropical,,FALSE,FALSE,Global,41213,ANIMALIA,MOLLUSCA,GASTROPODA,STYLOMMATOPHORA,STROPHOCHEILIDAE,Megalobulimus,Megalobulimus cardosoi,"(Morretes, 1952)",,,,EX,,Unknown,Unknown,Unknown,Unknown,Yes,SY
10424837,41254,Hypolimnus pedderensis,Extinct,,2003,2003-04-30 00:00:00 UTC,3.1,English,"The Lake Pedder Earthworm is only known by the type specimen collected from a beach on Lake Pedder, Tasmania in 1971. In 1972, the area was inundated for hydroelectric power generation. A survey in 1996 was carried out to determine the conservation and taxonomic status of Lake Pedder earthworms and to determine whether H. pedderensis still existed in the area. Directed sampling of the area leading to the original collection site failed to find the species. Several new species were found, however, none are conspecific to H. pedderensis and the species is likely to be extinct due to inundation of its original and unique habitat.",,,,,,,Terrestrial,,Australasian,1971,FALSE,FALSE,Global,41254,ANIMALIA,ANNELIDA,CLITELLATA,MEGADRILACEAE,MEGASCOLECIDAE,Hypolimnus,Hypolimnus pedderensis,"(Jamieson, 1974)",,,,EX,Lake Pedder Earthworm,Unknown,Unknown,Overharvesting,Overharvesting,Yes,SC
12399367,60792,Tristramella intermedia,Extinct,,2006,2006-01-31 00:00:00 UTC,3.1,English,This species was endemic to Lake Hula. The lake and its adjacent marshes were drained in the 1970s. The species is now Extinct.,A lacustrine species.,Lake Hula has now been drained.,Now extinct.,,This species was endemic to Lake Hula.,,Freshwater (=Inland waters),None known to be in place.,Palearctic,1970s,FALSE,FALSE,Global,60792,ANIMALIA,CHORDATA,ACTINOPTERYGII,CICHLIFORMES,CICHLIDAE,Tristramella,Tristramella intermedia,"Steinitz &amp; Ben-Tuvia, 1959",,,,EX,,Island,Island,Unknown,Unknown,Yes,US
12468486,61365,Tristramella magdelainae,Extinct,,2006,2006-01-31 00:00:00 UTC,3.1,English,The species was described from collections made in the 1950s. The species has not been reported since. Presumed Extinct.,Not known.,"Drought, pollution and water extraction may have resulted in destroying available habitat for this species.","This fish is likely to now be extinct (M. Goren, pers. comm).",,Known only from Damascus.,,Freshwater (=Inland waters),None known to be in place.,Palearctic,1950s,FALSE,FALSE,Global,61365,ANIMALIA,CHORDATA,ACTINOPTERYGII,CICHLIFORMES,CICHLIDAE,Tristramella,Tristramella magdelainae,"(Lortet, 1883)",,,,EX,,Unknown,Unknown,Water Modification; Pollution; Climate Change,Water Modification,Yes,RE
15280799,201488,Spirobolellus praslinus,Extinct,,2014,2012-11-01 00:00:00 UTC,3.1,English,This species is assessed as Extinct as it has only been collected in 1902 despite subsequent searches.,This species probably occupied woodland habitats but there are no precise details regarding habitats and ecology.,This species was likely threatened by invasive plant species causing habitat deterioration.,This species is assumed to be extinct as it was last recorded in 1902 despite subsequent searches.,,This species was endemic to the Seychelles island of Praslin where it was collected in 1902 with no precise locality.,,Terrestrial,No conservation actions were taken.,Afrotropical,1902,FALSE,FALSE,Global,201488,ANIMALIA,ARTHROPODA,DIPLOPODA,SPIROBOLIDA,SPIROBOLELIIDAE,Spirobolellus,Spirobolellus praslinus,"Saussure &amp; Zehntner, 1902",,,,EX,,Indian Ocean Islands,Seychelles,Invasive Species; Habitat Loss; Overharvesting,Invasive Species,,RE
15362268,202375,Cyprinodon arcuatus,Extinct,,2013,2011-11-18 00:00:00 UTC,3.1,English,"It is listed as Extinct because the species has not been detected for several decades, despite ample survey efforts.",Its habitat included springs and their effluents (Page and Burr 2011). This species was known from the margins of an artificial pond fed by an irrigation canal from Monkey Spring. Under natural conditions this species probably lived in marshes formed upstream from an extensive travertine terrace (Minckley 1973).,"This species was a victim of water depletion caused by increasing aridity, channel incision (arroyo cutting), groundwater pumping for irrigation, and flow diversion for domestic use (Minckley et al. 2002). Monkey Spring (the occupied habitat) was altered into a pond and canal about a century ago. Extirpation occurred in the late 1960s during the repair and modification of an irrigation system fed by Monkey Spring, combined with predation resulting from unauthorized introduction of largemouth bass (Minckley and Marsh 2009).",It is probably extinct. Minckley et al. (2002) speculated that there is a possibility that an unknown captive stock exists somewhere in the tank(s) of a fish hobbyist.See Minckley et al. (1991) for an extensive account of the history of this species and of Monkey Spring.,,"Its historical range included the upper Santa Cruz River basin (Gila River drainage), Arizona and probably Sonora (Minckley et al. 2002, Minckley and Marsh 2009). Attempts to maintain captive stock failed in 1971 (Miller et al. 1989).",This species was not utilized.,Freshwater (=Inland waters),"This species is extinct and cannot benefit from any protection or major management, monitoring, or research action.",Nearctic,,FALSE,FALSE,Global,202375,ANIMALIA,CHORDATA,ACTINOPTERYGII,CYPRINODONTIFORMES,CYPRINODONTIDAE,Cyprinodon,Cyprinodon arcuatus,"Minckley &amp; Miller, 2002",,,,EX,Santa Cruz Pupfish,Unknown,Unknown,Invasive Species; Water Modification,Invasive Species,Yes,MU
17023353,17023321,Gongylomorphus borbonicus,Extinct,,2021,2020-03-16 00:00:00 UTC,3.1,English,Listed as Extinct on the basis that this species has not been recorded for more than 180 years despite ongoing herpetological research throughout Réunion and its outlying islands.,"Surviving members of this genus are terrestrial and subfossorial. Its closest sister species, Gongylomorphus bojerii from Mauritius, is diurnal and inhabits most habitats on the island (Cole et al. 2009), including lowland forest, grassland, sparsely vegetated areas with creepers as ground cover, and bare rock with crevices and rock piles (M. Sanchez pers. comm. 2020). The Réunion species was probably found in dry forest in the west of the island and in coastal vegetation (Probst 1998). It was probably primarily insectivorous in common with its extant relatives (Probst 1998)","This species is extinct, and the most likely cause of its extinction is the introduction of the Southeast Asian Wolf Snake (Lycodon capucinus), a specialist feeder on lizards, to Réunion in the mid-19th century (Austin et al. 2009). The documented timing of this snake's establishment on both Réunion (by 1840, based on testimony taken in 1839 - Cheke 1987) and mainland Mauritius (before 1873 - Daruty de Grandpré 1883) coincides with the extinction of Gongylomorphus skinks on both islands. Musk Shews (Suncus murinus), have been observed preying on Mauritian Gongylomorphus (Cole 2011), and this invasive species probably contributed to the historical decline (M. Sanchez pers. comm. 2020). Gongylomorphus fontenayi survives on the Mauritian mainland only in an area where Wolf Snake and shrew densities are low (Jones 1993, Cheke and Hume 2998).","This species is reported as having once been abundant in some areas of Réunion, from which it was last reported in 1839 (Austin et al. 2009). Its extinction has been attributed to the introduction of the Wolf Snake Lycodon capucinus, which is known to have been ""well-established"" on the island by 1840 (Austin et al. 2009).",,This species was endemic to Réunion (Austin et al. 2009).,"There is no use of or trade in this species, which is extinct.",Terrestrial,"No conservation measures are possible for this skink, which was last observed in 1839 and is considered to be extinct.",Afrotropical,1839,FALSE,FALSE,Global,17023321,ANIMALIA,CHORDATA,REPTILIA,SQUAMATA,SCINCIDAE,Gongylomorphus,Gongylomorphus borbonicus,"Vinson &amp; Vinson, 1969",,,,EX,,Indian Ocean Islands,Reunion,Invasive Species,Invasive Species,,MG
17023949,17023550,Leiolopisma ceciliae,Extinct,,2019,2019-02-19 00:00:00 UTC,3.1,English,"Listed as Extinct on the basis that this large skink is known only from subfossil remains and appears to have become extinct more than 300 years ago, but possibly after 1500 AD.",There is no information on the ecology of this species or any other member of its genus. It is presumed that it occurred in most coastal areas and semi-xeric forest on the island's east coast (Probst 1998).,"Nothing is known of the causes of this species' extinction, although molecular clock data indicates that it survived a ""catastrophic"" volcanic eruption 180,000-200,000 years ago (Arnold and Bour 2008). None of the three recognized Leiolopisma species is reported in historical accounts from Mauritius or Réunion, and it has been suggested that the extinction of the Mauritian species followed the introduction of rats to Mauritius (Arnold and Bour 2008). Probst (1998) and Arnold and Bour (2008) propose that this may also have been the case for L. ceciliae, which would date the species' extinction later than 1670 (when Rattus rattus was first reported from the island). Probst (1998) suggests that cats may also have preyed on this species if it was still extant when these were introduced to the island.","This species is known only from subfossil remains. No historical reports of this species exist; as a large and presumably conspicuous skink, this suggests it has been extinct for at least 300 years.",,This species is known from subfossil remains and DNA sequences from La Réunion.,"There is no use of or trade in this species, which is extinct.",Terrestrial,"No conservation actions can be proposed. No population is known to be extant; as this is a large skink found on an island which has had a human population for more than 300 years it can confidently be considered extinct. Three weeks of intensive surveys on Réunion in 2013 focused on skinks and Nactus geckos (M. Sanchez, C. Raxworthy, J.-M. Probst and S. Caceres unpubl. data) failed to record a surviving population.",Afrotropical,post-1550,FALSE,FALSE,Global,17023550,ANIMALIA,CHORDATA,REPTILIA,SQUAMATA,SCINCIDAE,Leiolopisma,Leiolopisma ceciliae,"Arnold &amp; Bour, 2008",,,,EX,Réunion Giant Skink,Indian Ocean Islands,Reunion,Invasive Species,Invasive Species,,JM
17432636,17432631,Phelsuma edwardnewtonii,Extinct,,2021,2020-01-28 00:00:00 UTC,3.1,English,"Listed as Extinct on the basis that this species has not been recorded since the early 20th century despite recent intensive surveys and, as a once-conspicuous species that had already become rare by the late 19th century, there is no reasonable doubt that this species is now extinct.","This diurnal species was brightly coloured, as summarized from historical accounts by Vinson and Vinson (1969): in life, the dorsal colour was bright green with multiple bright blue spots, having a yellow ventral surface and deeper yellow throat, light brown markings around the eyes of preserved specimens may have been red in life (Vinson and Vinson 1969). Historical accounts describe how they could rapidly change colour from the vibrant green to black (Vinson and Vinson 1969). The geckos were reported to measure 20 to 27 cm in total length (Vinson and Vinson 1969), with museum specimens ranging in size from 155 to 207 mm in total length, with snout to vent lengths of 85 to 108 mm (Vinson and Vinson 1969, Bour et al. 2014). The tooth morphology suggests that the species was primarily frugivorous (N. Arnold pers. obs. in Austin et al. 2014). Historical accounts state that they consumed the fruit of palm trees, flies and other insects and had a liking for palms, but would venture into buildings, onto roofs and were very tame (Vinson and Vinson 1969, Austin et al. 2014, Cheke and Hume 2008). Natural predators that were recorded by early visitors to Rodrigues consisted of the now extinct Rodrigues Night Heron (Nycticorax megacephalus) and Rodrigues Owl (Mascarenotus murivorus) (Vinson and Vinson 1969, Cheke and Hume 2008).","This gecko species is likely to have become extinct as a result of predation by introduced rats that were present on the main island by the late 1600s, and possibly cats introduced between 1725 and 1761 to control rat populations (Vinson and Vinson 1969, Cheke and Hume 2008). By the late 1800s, when the geckos were scarce or had already possibly become restricted to the islets, much of the forests had gone (Cheke and Hume 2008). It is therefore likely that habitat loss was a contributory factor, although when recorded in abundance on Ile aux Foux in the late 1700s, there was virtually no vegetation and the geckos would take refuge in rock crevices (Vinson and Vinson 1969).","This species is extinct. Only seven preserved specimens are known, six of which are in museums (Bour et al. 2014), in addition to numerous sub-fossil bones from approximately 100 individuals (Austin et al. 2004). The species survived for longer than other endemic lizards on Rodrigues, none of which are extant. Until 1795, it was still abundant on the main island and was probably found on several of the 21 offshore islets, but the only islet from which it was confirmed as being present is Ile aux Fous (0.33 ha), where it was recorded in great numbers by Pingré in 1761 (Vinson and Vinson 1969, Bour et al. 2014). In the late 1700s, Philibert Marragon observed that fewer geckos were encountered in winter compared to summer (Vinson and Vinson 1969). In 1874, they could not be found on the mainland and two specimens collected in 1884 were thought to have been from one of the islets (Vinson and Vinson 1969). The last two geckos - collected by Etienne Thirioux in 1917 - were also thought to have been from an islet (Vinson and Vinson 1969). Targeted surveys for a surviving populations on the mainland and islets were undertaken in the 1960s and again in 2013 without success (Vinson and Vinson 1969, Cole et al. 2013, Jean-Baptiste 2013).",,"This species was known only from Rodrigues, a remote, autonomous island within the territory of Mauritius, and at least one of its offshore islets.","There is no use of or trade in this species, which is extinct.",Terrestrial,"No conservation measures are possible for this species, which is extinct. The species is listed in CITES Appendix II.",Afrotropical,1917,FALSE,FALSE,Global,17432631,ANIMALIA,CHORDATA,REPTILIA,SQUAMATA,GEKKONIDAE,Phelsuma,Phelsuma edwardnewtonii,"Vinson &amp; Vinson, 1969",,,,EX,Rodrigues Blue-dotted Day Gecko,Indian Ocean Islands,Mauritius,Invasive Species; Habitat Loss,Invasive Species,,TR
17971784,136532,Palaeopropithecus ingens,Extinct,,2021,2021-04-14 00:00:00 UTC,3.1,English,"Palaeopropithecus ingens is one of the last survivors of the large-bodied extinct lemurs of Madagascar.  It is known only from subfossil remains on Madagascar, where radiocarbon dating from southwestern Madagascar suggests that it survived until ~1500 CE. When, in the late 1600s, Etienne de Flacourt interviewed local Malagasy people in the region of Tolagnaro (Fort Dauphin), southeastern Madagascar, he found that his informants believed this to be still alive. Locally known as the “tretretretre”, the animal was said to have a short, round head, human-like face and ears, monkey-like hands and feet with elongated digits, frizzy hair, and a short tail. Folklorists recorded stories of an “ogre” with peculiar sloth-like behavioural characteristics into the late 1800s.","Palaeopropithecus was morphologically strongly convergent on extant arboreal sloths, hence the name ""sloth lemur.""  It lived in a wide variety of forested habitats, and while its postcranial adaptations reveal tree-slothlike (highly suspensory, arboreal) behaviour, it is also known to have descended to the ground, where it sometimes fell victim to crocodiles.  The Family to which it belongs (i.e., the Palaeopropithecidae) is closely related to the Family Indriidae.  However, unlike living indriids, Palaeopropithecus was not able to leap, and would have moved in a four-footed suspensory manner in trees, and in a sprawling manner on the ground, grabbing onto ground vegetation and slowly moving forward, as do tree sloths when they descend to the ground.  It is believed to have been highly folivorous.Palaeopropithecus ingens lived in the subarid forests of southern and southwestern Madagascar (spiny thicket and succulent woodland).  P. maximus lived in the sub-humid forests of the central highlands and in the dry deciduous forests of the extreme north.  P. kelyus is known from the lowland western dry forests in the Mahajanga region (northwest) and at the Beanka reserve just north of the tsingy of Bemaraha (near the west coast).","The reasons for the extinction are not known, although multiple hypotheses have been proposed. These are reviewed, for example, in Burney et al. (2004), Goodman and Jungers (2014), Douglass et al. (2019) and Godfrey et al. (2019). ","This species is Extinct. Relict populations may have survived until after 1500 CE (Godfrey and Jungers 2003, Burney et al. 2004).",,The genus Palaeopropithecus is known from subfossil remains on Madagascar from the extreme south to the extreme north and through the central highlands. ,,Terrestrial,No conservation actions are needed.,Afrotropical,1620,FALSE,FALSE,Global,136532,ANIMALIA,CHORDATA,MAMMALIA,PRIMATES,PALAEOPROPITHECIDAE,Palaeopropithecus,Palaeopropithecus ingens,"G. Grandidier, 1899",,,,EX,Large Sloth Lemur,Africa,Madagascar,Unknown,Unknown,Yes,IL
17976302,136515,Xenothrix mcgregori,Extinct,,2021,2021-02-10 00:00:00 UTC,3.1,English,"The Jamaican Monkey is assessed as Extinct. It is known exclusively from subfossil specimens discovered at several localities in Jamaica. Its disappearance date is uncertain. Sir Hans Sloane (1707–1725) mentioned the presence of monkeys on the north coast of Jamaica, but thought they had come from Africa. One recent estimate based on radiocarbon dated fossils suggests that Xenothrix became extinct ~900 bp (1100 CE), possibly at a time when Jamaica was first occupied by humans (Cooke et al. 2018).","Xenothrix mcgregori is known only as a fossil taxon. It was most probably a frugivore. Several features of the known limb skeleton suggest a slow quadrupedal locomotor style that has no evident counterpart among extant platyrrhines, but was possibly somewhat convergent on sloths (MacPhee and Fleagle 1991).",The reasons for the extinction of this species are not known.,This species is now Extinct. There are no observations of the monkey in life and all dated fossils are considerably older than 1500 CE.,,"The type site of the Jamaican Monkey is Long Mile Cave on the island’s north coast (Williams and Koopman 1952). Additional cranial and postcranial material attributed to Xenothrix has also been recovered from caves in southern Jamaica, suggesting an islandwide distribution (MacPhee and Fleagle 1991, MacPhee and Horovitz 2004).",,Terrestrial,No conservation actions are required for this Extinct species.,Neotropical,around 1700,FALSE,FALSE,Global,136515,ANIMALIA,CHORDATA,MAMMALIA,PRIMATES,PITHECIIDAE,Xenothrix,Xenothrix mcgregori,"Williams &amp; Koopman, 1952",,,,EX,Jamaican Monkey,Africa,Africa,Unknown,Unknown,Yes,US
19007061,40747,Pseudophoxinus handlirschi,Extinct,,2014,2013-03-18 00:00:00 UTC,3.1,English,"This species was restricted to Lake Egirdir, Turkey. Its main threat was the alien invasive predator, Pikeperch (Sander lucioperca). No individuals have been found since the 1980s despite intensive field work (F. Kücük, pers. comm.). It is therefore assessed as Extinct.",It was a pelagic lacustrine species restricted to the lake itself.,The introduction of Pikeperch (Sander lucioperca) is believed to be the reason for the extirpation of the species.,"The species is Extinct. No individuals have been found since the 1980s despite intensive field work (F. Kücük, pers. comm.).",,"This species was restricted to Lake Egirdir in Central Anatolia, Turkey.",,Freshwater (=Inland waters),It is too late for any conservation actions to be implemented for this species.,Palearctic,1980,FALSE,FALSE,Global,40747,ANIMALIA,CHORDATA,ACTINOPTERYGII,CYPRINIFORMES,LEUCISCIDAE,Pseudophoxinus,Pseudophoxinus handlirschi,"(Pietschmann, 1933)",,,,EX,Eğirdir Minnow,Unknown,Unknown,Invasive Species,Invasive Species,Yes,TR
19010617,61372,Tristramella sacra,Extinct,,2014,2013-03-18 00:00:00 UTC,3.1,English,"This species was endemic to one lake in Israel; it is now Extinct. It has not been recorded since 1989/90, in spite of searches for the species both in the lake and in local markets. Destruction of breeding habitat (marsh area in north part of the lake) may be the reason for its apparent disappearance.",This was a lacustrine species. Reproduction occured in spring (April-July): it was a paternal mouth brooder. The species fed on zooplankton and small fish.,"The reasons for the extinction of this species are unknown. Destruction of marshes, the breeding area of the species, has been speculated. as a reason for its extinction.","This species is now Extinct. It was last seen in 1989/90. Since then, it has not been found (either in the lake or in local markets) in spite of attempts to find it.",,This species was restricted to the Kinneret (Tiberias) Lake in Israel.,,Freshwater (=Inland waters),Conservation actions are no longer relevant to this species as it is now Extinct.,Palearctic,1989/90,FALSE,FALSE,Global,61372,ANIMALIA,CHORDATA,ACTINOPTERYGII,CICHLIFORMES,CICHLIDAE,Tristramella,Tristramella sacra,"(Günther, 1865)",,,,EX,Long Jaw Tristramella,Island,Island,Unknown,Unknown,Yes,SC
19033113,39291,Moxostoma lacerum,Extinct,,2013,2012-08-04 00:00:00 UTC,3.1,English,"This species is listed as Extinct because it has not been detected for more than 100 years, despite adequate surveys.","This species apparently preferred medium to large, warm streams of moderate gradient and with relatively low turbidity and silt levels. It probably occurred in slower runs and pools. Deep pools between shoal areas with clear water over a bedrock or rocky bottom in moderate to large streams (Miller et al. 1989).","Formerly, the species was common but it is now extinct, probably due to increased turbidity and siltation of habitat resulting from agricultural practices (Miller et al. 1989).",No extant populations are known to exist.,,"This species is now Extinct. It was collected between 1859 and 1893; known from five drainages of lower and central Ohio River basin, upper White River drainage of the Ozarks, and Maumee River drainage of Lake Erie basin.",This species was not utilized.,Freshwater (=Inland waters),"This species is extinct and does not require protection or management, monitoring, or research action.",Nearctic,,FALSE,FALSE,Global,39291,ANIMALIA,CHORDATA,ACTINOPTERYGII,CYPRINIFORMES,CATOSTOMIDAE,Moxostoma,Moxostoma lacerum,"(Jordan &amp; Brayton, 1877)",,,,EX,Harelip Sucker,Unknown,Unknown,Agriculture,Agriculture,Yes,SC
19222798,19018670,Alburnus nicaeensis,Extinct,,2014,2013-01-29 00:00:00 UTC,3.1,English,"The species was only known from Lake Iznik basin, Turkey. This species has not been found since the late 20th century despite several intensive studies on Lake Iznik (1996-2003), the only known habitat of this species. The species is now Extinct most likely due to alien species invasion which were stocked into the lake to improve fisheries yields.","It was a pelagic, lacustrine species which most likely spawned in lake tributaries.",The species most likely because Extinct due to alien species (Atherina boyeri) invasion which were stocked into the lake to improve fisheries yields.,"The species has not been recorded since the late 20th century, most likely due to alien species invasion in the lake. It is now considered Extinct, as the species has not been found in fishermen's catches or in several intensive studies on Lake Iznik (1996-2003).",,"The species was only known from Lake Iznik basin, Turkey.","This species was of commercial interest for fisheries but as it has vanished, fishermen now harvest alien species.",Freshwater (=Inland waters),It is too late for conservation efforts to be implemented for this species as it is now Extinct.,Palearctic,late 20th century,FALSE,FALSE,Global,19018670,ANIMALIA,CHORDATA,ACTINOPTERYGII,CYPRINIFORMES,LEUCISCIDAE,Alburnus,Alburnus nicaeensis,"Battalgil, 1941",,,,EX,Iznik Shemaya,Unknown,Unknown,Invasive Species,Invasive Species,Yes,SC
21514465,21460734,Hirstienus nanus,Extinct,,2014,2012-12-01 00:00:00 UTC,3.1,English,"This species has not been recorded since 1908 despite extensive searches of potentially suitable habitat. Therefore, it is assessed as Extinct.",There is no data on the habitats and ecology of Hirstienus nanus but is was probably collected from woodland habitat.,"The habitats that this species probably occurred in are deteriorating due to the effects of invasive plant species, especially Cinnamomum verum.",This species is assumed to be extinct as it has not been recorded since 1908 despite extensive searches in potentially suitable areas.,,This species was endemic to the Seychelles island of Mahe where it was recorded from an imprecise locality in 1908.,,Terrestrial,No conservation actions were taken.,Afrotropical,1908,FALSE,FALSE,Global,21460734,ANIMALIA,ARTHROPODA,ARACHNIDA,OPILIONES,PHALANGODIDAE,Hirstienus,Hirstienus nanus,"(Hirst, 1913)",,,,EX,,Indian Ocean Islands,Seychelles,Invasive Species; Habitat Loss,Invasive Species,,SC
21573797,196771,Centrobunus braueri,Extinct,,2014,2012-12-01 00:00:00 UTC,3.1,English,"This species was collected in 1894 and has not been recorded since despite searches of potentially suitable habitat. Therefore, it is assessed as Extinct.",This species was probably recorded from woodland.,"This species was threatened by habitat deterioration due to the effects of invasive plant species, especially the tree Cinnaomomum verum. Since the species was last recorded in 1894 habitat degradation has been severe on Mahe and as a result the remaining area of relatively healthy habitat is extremely small.",This species is assumed to be extinct as it has not been recorded since 1894 despite searches of potentially suitable habitat.,,This species was endemic to the Seychelles island of Mahe where it was recorded in 1894 from an imprecise locality.,,Terrestrial,No conservation actions were taken prior to the extinction of this species.,Afrotropical,1894,FALSE,FALSE,Global,196771,ANIMALIA,ARTHROPODA,ARACHNIDA,OPILIONES,PODOCTIDAE,Centrobunus,Centrobunus braueri,"Loman, 1902",,,,EX,,Indian Ocean Islands,Seychelles,Invasive Species; Habitat Loss; Overharvesting,Invasive Species,,AR
21579740,196768,Sitalcicus gardineri,Extinct,,2014,2012-12-01 00:00:00 UTC,3.1,English,"This species has not been recorded since 1908 despite searches of potentially suitable habitat and therefore, is assessed as Extinct.",This species was probably found in woodland where it occurred in leaf litter.,The apparent decline of the species since 1908 can be attributed to the extensive habitat degradation on Mahe during the 20th century.,This species has not been recorded since 1908 despite searches of potentially suitable habitat.,,This species was endemic to the Seychelles island of Mahe.,,Terrestrial,No conservation actions were taken.,Afrotropical,1908,FALSE,FALSE,Global,196768,ANIMALIA,ARTHROPODA,ARACHNIDA,OPILIONES,PODOCTIDAE,Sitalcicus,Sitalcicus gardineri,"(Hirst, 1911)",,,,EX,,Indian Ocean Islands,Seychelles,Habitat Loss,Habitat Loss,,PR
21579916,21460777,Metazalmoxis ferruginea,Extinct,,2014,2012-12-01 00:00:00 UTC,3.1,English,"This species has not been recorded since 1892 despite searches of potential habitat and therefore, it is assessed as Extinct.",There are no recorded details on the habitats and ecology of this species but it was probably found in woodland.,This species was last recorded in 1892. Since this time habitat has deteriorated significantly due to the effects of invasive plant species and this was probably the main factor leading to its extinction.,"This species has not recorded since 1892 despite searches of potentially suitable habitat and therefore, is assumed to be extinct.",,This species was endemic to the Seychelles island of Mahe.,,Terrestrial,No conservation actions were taken.,Afrotropical,1892,FALSE,FALSE,Global,21460777,ANIMALIA,ARTHROPODA,ARACHNIDA,OPILIONES,ZALMOXIDAE,Metazalmoxis,Metazalmoxis ferruginea,"Roewer, 1912",,,,EX,,Indian Ocean Islands,Seychelles,Invasive Species; Habitat Loss,Invasive Species,,CU
22177809,41320,Cryptonanus ignitus,Extinct,,2016,2016-06-15 00:00:00 UTC,3.1,English,"Listed as Extinct because it has not been recorded since the year 1962, the entire area where the type specimen was collected has been converted to agriculture and industry and extensive searches over the last 44 years have failed to locate this species.",The type specimen was collected when the region was less disturbed by agricultural development. Nothing is known about the natural history of this species (Díaz et al. 2002).,"The major threats to this species, which are presumed to have driven it to extinction, are the human impact of agricultural and technological development, cattle ranching, and deforestation (Díaz et al. 2002).","This species has not been recorded since 1962. Despite being described as a new species fairly recently, it is difficult to know if it still exists in the region (Díaz et al. 2002). After numerous surveys in the regions where it was known to occur, no individuals have been located (Diaz M. pers. comm). The forest habitat where it was originally captured was destroyed and the species is presumed to be extinct.",,"This species is only known from the type specimen and type locality in Argentina, recorded as Jujuy, ""Yuto"" (Gardner 2008, Díaz et al. 2002).",,Terrestrial,This species is presumed to be extinct.,Neotropical,1962,FALSE,FALSE,Global,41320,ANIMALIA,CHORDATA,MAMMALIA,DIDELPHIMORPHIA,DIDELPHIDAE,Cryptonanus,Cryptonanus ignitus,"(Díaz, Flores &amp; Barquez, 2002)",,,,EX,Red-bellied Gracile Mouse Opossum,South America,South America,Habitat Loss; Overharvesting; Agriculture; Urbanization,Habitat Loss,,EC
22281466,41313,Nesophontes edithae,Extinct,,2017,2017-08-24 00:00:00 UTC,3.1,English,"Listed as Extinct, because this species is known to have survived across its range (based on radiocarbon dating) only until the time of European arrival (post 1500), but has not been recorded since.",It was a nocturnal and Insectivorous mammal. It was the largest species of Nesophontes because it evolved on an island where there where no large Solenodon competitors.,Introduced rats are the most likely reason for the species' extinction.,"This species most likely became extinct sometime around the 16th century, it is known to have survived across its range (based on radiocarbon dating) until the time of European arrival (post 1500) (Turvey et al. 2007).According to Wilson and Reeder (2005), this species may have died out much earlier than 1500 AD. McFarlane (1999) reported a date of 5410 +/- 80 yrs B.P.",,Prior to its extinction this species occurred on Puerto Rico (including Vieques Island) and the U.S. Virgin Islands (on the islands of St Johns and St Thomas).,,Terrestrial,Conservation actions are not applicable to this species as it is now extinct.,Neotropical,known only from fossils,FALSE,FALSE,Global,41313,ANIMALIA,CHORDATA,MAMMALIA,EULIPOTYPHLA,NESOPHONTIDAE,Nesophontes,Nesophontes edithae,"Anthony, 1916",,,,EX,Edith's Island-shrew,Caribbean,Caribbean,Invasive Species,Invasive Species,,BR
22281785,136381,Nesophontes major,Extinct,,2017,2017-08-23 00:00:00 UTC,3.1,English,This species is listed as Extinct because it is known only from recent fossil deposits.,This was an insectivorous species.,Introduced rats are the most probable reason for the extinction of this species. Fossil deposits of this species have been found with rat fossils.,This species is known from recent fossil deposits suggesting that they persisted until the modern era and their extinction followed the arrival of European settlers.,,This species was endemic to Cuba.,,Terrestrial,Conservation actions are not applicable to this species as it is already extinct.,Neotropical,Fossil,FALSE,FALSE,Global,136381,ANIMALIA,CHORDATA,MAMMALIA,EULIPOTYPHLA,NESOPHONTIDAE,Nesophontes,Nesophontes major,"Arredondo, 1970",,,,EX,,Caribbean,Caribbean,Invasive Species,Invasive Species,,JM
22330270,136657,Megaoryzomys curioi,Extinct,,2019,2017-08-22 00:00:00 UTC,3.1,English,This species is listed as Extinct as it is known only from a subfossil record which showed that is recently occurred on the island and was likely eradicated by numerous invasive species which have been introduced to the island. Exhaustive surveys in suspected habitat throughout its historic range have failed to record an individual.,The species is thought to have occurred in shrub forests.,"This species is extinct. The cause of its extinction is not known, but may have involved invasive species such as feral dogs, cats, pigs, and black rats.","The chronology of extinction of Megaoryzomys curioi is very speculative. There are no absolute age determinations available as yet for any mammal-bearing fossil deposit in Galápagos. The possibility of the involvement of feral dogs, cats, pigs, and black rats in its extinction is also suggestive of a recent extinction (Steadman and Ray 1982).",,"This species was found on the island of Santa Cruz of the Galápagos Islands. It is known only from late Quaternary and subfossil cave deposits. This species is considered to have very recently become extinct (Steadman and Ray 1982, Musser and Carleton 2005).",,Terrestrial,This species is extinct.,Neotropical,Subfossil record,FALSE,FALSE,Global,136657,ANIMALIA,CHORDATA,MAMMALIA,RODENTIA,CRICETIDAE,Megaoryzomys,Megaoryzomys curioi,"(Niethammer, 1964)",,,,EX,Galapágos Giant Rat,Island,Island,Invasive Species; Unknown,Invasive Species,,FR
22333193,136692,Noronhomys vespuccii,Extinct,,2019,2017-08-24 00:00:00 UTC,3.1,English,"This species is known only from fossil information; however, historical archives indicate that the species persisted until after the year 1500 AD. The species was likely extirpated soon thereafter (Carleton and Olson 1999).",The suitable habitats and ecology of this species are unknown. It may have occurred on beach dunes and associated habitats.,The causes of its extinction are not known.,This species is now extinct.,,"This species is known from late Quaternary fossils, with the type locality given as: Brazil, Territorio de Fernando de Noronha, Ilha Fernando de Noronha, beach dunes (late Quaternary) near Ponta de Santo Antonio (Carleton and Olson 1999). There is historical archival information from Amerigo Vespucci's 1503 voyage to the New World that this species existed on Fernando de Noronha at that time. The species was likely extirpated soon thereafter (Carleton and Olson 1999).",,Terrestrial,Conservation actions are not applicable to this species as it is already extinct.,Neotropical,1500,FALSE,FALSE,Global,136692,ANIMALIA,CHORDATA,MAMMALIA,RODENTIA,CRICETIDAE,Noronhomys,Noronhomys vespuccii,"Carleton &amp; Olson, 1999",,,,EX,,South America,Brazil,Unknown,Unknown,Yes,CA
22388029,136540,Oryzomys antillarum,Extinct,,2017,2017-08-22 00:00:00 UTC,3.1,English,This species is listed as Extinct because it has not been recorded since the year 1877.,The habitats and ecology of this species are not known.,The species likely became extinct following the introduction of mongoose. It was last recorded five years after the introduction of mongoose to Jamaica.,The species is now Extinct.,,This species was known from Jamaica.,,Terrestrial,Conservation actions are not applicable to this species as it is already extinct.,Neotropical,1877,FALSE,FALSE,Global,136540,ANIMALIA,CHORDATA,MAMMALIA,RODENTIA,CRICETIDAE,Oryzomys,Oryzomys antillarum,"Thomas, 1898",,,,EX,Jamaican Rice Rat,Caribbean,Caribbean,Unknown,Unknown,Yes,MG
44798207,44792108,Pseudoyersinia brevipennis,Extinct,,2020,2019-12-19 00:00:00 UTC,3.1,English,"Pseudoyersinia brevipennis has been recorded only for its type locality and never after 1860. This area is well known and frequently investigated in terms of its entomological fauna; this species has been listed as extinct in Fontaine et al. 2007 (citing Voisin 2003). Even if most of the authors consider it a valid species (see: Lombardo 1984, Ehrmann 2002, Battiston et al. 2010), due to the similarity of this species with other similar species of the Mediterranean basin (especially the Italian Pseudoyersinia lagrecai, Lombardo 1984), this cannot be unequivocally stated. This species is assessed as Extinct.",This species is known only from its type locality.,Threats for this species are unknown.,No vital populations have been recorded after the species' description in 1860.,,"Pseudoyersinia brevipennis has been recorded only from its type locality in Hyères, France.",There is no use or trade information available.,Terrestrial,No conservation actions are in place as it considered to be Extinct.,Palearctic,1860,FALSE,FALSE,Global & Europe,44792108,ANIMALIA,ARTHROPODA,INSECTA,MANTODEA,MANTIDAE,Pseudoyersinia,Pseudoyersinia brevipennis,"Yersin, 1860",,,,EX,,Europe,Europe,Unknown,Unknown,Yes,RW
45204492,40784,Neogale macrodon,Extinct,,2016,2015-05-02 00:00:00 UTC,3.1,English,"Sea Mink is Extinct. It was thought to have survived until about 1894 in New Brunswick (Campbell 1988, Nowak 1999), but it is uncertain whether these animals belonged to this species or to Neovison vison. Mead et al. (2000) substantiated the validity of Sea Mink as a species and estimated the extinction date as about 1860.",The Sea Mink reportedly made its home among the rocks along the ocean. The diet consisted mainly of fish and probably also included molluscs (Nowak 2005).,This species was hunted to extinction (apparently for the fur trade).,Extinct.,,"Formerly occurred along the coasts of Canada (New Brunswick, Newfoundland) and in some coastal eastern states of the United States of America (Massachusetts, Maine). The Sea Mink was exterminated, in the late nineteenth century (Mead et al. 2000). Its range seems subsequently to have been occupied by N. vison (Nowak 1999).",Sea Mink was hunted for its fur.,Terrestrial|Marine,No conservation is possible: the species is extinct.,Nearctic,1860,FALSE,FALSE,Global,40784,ANIMALIA,CHORDATA,MAMMALIA,CARNIVORA,MUSTELIDAE,Neogale,Neogale macrodon,"(Prentis, 1903)",,,,EX,Sea Mink,North America,United States,Overharvesting,Overharvesting,,CR
45221489,136456,Cryptoprocta spelea,Extinct,,2015,2015-01-28 00:00:00 UTC,3.1,English,This species is listed as Extinct as there is no evidence to suggest that this large species of Cryptoprocta currently survives on Madagascar. It is currently known only from subfossil remains and is believed to have survived at least into the recent geological past.,"Given the size of Cryptoprocta spelea, its massive jaws and large carnassial teeth, it must have been a formidable predator and certainly capable of taking larger prey than the extant C. ferox. Evidence suggests that the two forms of Cryptoprocta might have been separated well enough in size to be able to coexist (Goodman et al. 2004).",The reasons for the disappearance of this species on Madagascar (its entire world range) are unknown.,It is extinct.,,"On the basis of current subfossil evidence, Cryptoprocta spelea occurred at a variety of sites from Lakaton’ny Akanga in the far north near Antsiranana, along the western portion of Madagascar, south to numerous sites at the southern end of the island; it is also recorded on the central highlands at Antsirabe (Goodman et al. 2004).",There are no uses at present as this species is extinct.,Terrestrial,No conservation actions are needed because the species is extinct.,Afrotropical,pre 1658,FALSE,FALSE,Global,136456,ANIMALIA,CHORDATA,MAMMALIA,CARNIVORA,EUPLERIDAE,Cryptoprocta,Cryptoprocta spelea,"Grandidier, 1902",,,,EX,Giant Fosa,Africa,Madagascar,Unknown,Unknown,Yes,PA
47242030,61247,Barbus microbarbis,Extinct,,2016,2015-11-06 00:00:00 UTC,3.1,English,Barbus microbarbis was only known from one specimen (the holotype) from Lake Luhondo in Rwanda. It disappeared after introduction of Tilapia and some Haplochromis in the lake and has not been recorded for over 50 years despite regular surveys. This large barb is therefore listed as Extinct.,It probably inhabited both lakes and rivers. Little is known about the suitable habitat and the ecological requirements of this species. The maximum size was 27.0 cm TL (David and Poll 1937).,Introduction of Tilapia and Haplochromis species led to the extinction of the species in Lake Luhondo (De Vos et al. 1990).,"This species is only known from one specimen (Banister 1973, De Vos et al. 2001) and should be considered as Extinct (De Vos et al. 1990).",,"This species is only known from the holotype, collected in Lake Luhondo (Upper Akagera system) in Rwanda (David and Poll 1937, Banister 1973, De Vos and Thys van den Audenaerde 1990, De Vos et al. 2001).",As this species is a large fish it is assumed that it was probably utilised previously.,Freshwater (=Inland waters),No conservation actions were known for this species.,Afrotropical,1950s,FALSE,FALSE,"Global, Eastern Africa & Pan-Africa",61247,ANIMALIA,CHORDATA,ACTINOPTERYGII,CYPRINIFORMES,CYPRINIDAE,Barbus,Barbus microbarbis,"David &amp; Poll, 1937",,,,EX,,Unknown,Unknown,Unknown,Unknown,Yes,CR
54340769,54498,Atelopus chiriquiensis,Extinct,,2020,2019-09-10 00:00:00 UTC,3.1,English,"Listed as Extinct because it has not been recorded since 1996, and extensive searches in the appropriate habitat, during the appropriate season within the known range, have failed to locate this species. Its disappearance has been attributed, at least in part, to chytridiomycosis-related declines.","It is a diurnal, terrestrial species of stream margins in lower montane wet forest and rainforest. Males are territorial and use an advertisement call to maintain a breeding site. Breeding and larval development for this species takes place in forest streams (Savage 2002).","The amphibian chytrid fungus, Batrachochytrium dendrobatidis (Bd), was confirmed in this species in 1993 and 1994 (see Lips et al. 2003). The subsequent drastic population decline, including disappearances within undisturbed habitat, occurred over a five year period between 1992–1996 and has been linked to chytridiomycosis (Lips 1998). Climate change or the synergistic effects of multiple factors cannot be ruled out as playing a role in the declines (Costa Rica Red List Assessment Workshop September 2019). Tadpoles of this species may possibly have been threatened by exotic predatory trout, but the severity of this threat remains unknown (Costa Rica Red List Assessment Workshop September 2019).","This species was once considered locally abundant along streams (Lindquist and Swihart 1997, Lips 1998) and was formerly a very easy species to find (F. Bolaños pers. comm. September 2019). In Costa Rica, this species has disappeared from its entire range, and there have been no sightings since 1996, despite many searches in appropriate montane habitats since its disappearance (Leenders 2001, Garcia-Rodriguez 2012, F. Bolaños pers. comm. September 2019). Since 2014, searches for the species in 15 peaks across its historical range in Costa Rica failed to detect this species (G. Chaves and E. Arias pers. comm. September 2019). The Las Tablas site has been regularly surveyed (both targeted and general herpetological surveys), but no observations of this species have been made (D. Gómez and F. Bolaños pers. comm. September 2019). Visits to Cerro de la Muerte in 2019, and exhaustive surveys in Parque Nacional Chirripó were not successful in detecting the species (F. Bolaños pers. comm. September 2019). There have been no records in Panama since the late 1990s (Gratwicke et al. 2016), despite repeated surveys to known sites, the most recent of which was in December 2017 (R. Ibanez pers. comm. May 2018). Exhaustive searches throughout this species' range and within suitable habitat suggest it is probably extinct (Costa Rica Red List Assessment Workshop September 2019).",,"This species has disappeared from its entire range, but was historically found in the lower montane zone of the Cordillera de Talamanca-Chiriquí axis of Costa Rica (1,800–2,500 m asl) and western Panama (1,400–2,100 m asl) (Savage 2002).",There are no records of this species being utilized.,Terrestrial|Freshwater (=Inland waters),"Conservation Actions In-PlaceThe historical range of this species includes the protected areas of Parque Nacional Chirripó, Zona Protectora Las Tablas, Zona Protectora Los Santos (Costa Rica Red List Assessment Workshop September 2019), and Parque Internacional La Amistad in Panama. It has been designated as a high priority for conservation in the Panama National Amphibian Conservation Action Plan (ANAM 2011).Research NeededRecent observations of Atelopus varius Lazarus subpopulations in Costa Rica provide continued incentives for ongoing monitoring of sites where the species was previously know to occur.",Neotropical,1996,FALSE,FALSE,Global,54498,ANIMALIA,CHORDATA,AMPHIBIA,ANURA,BUFONIDAE,Atelopus,Atelopus chiriquiensis,"Shreve, 1936",,,,EX,Chiriqui Harlequin Frog,Unknown,Unknown,Invasive Species; Disease; Climate Change; Unknown,Invasive Species,Yes,HN
54344718,55201,Oophaga speciosa,Extinct,,2020,2018-06-05 00:00:00 UTC,3.1,English,This is a diurnal highly visible animal that has been extensively searched for in the wild and is listed as Extinct due to the lack of records of this species from its restricted range.,It is a terrestrial species of humid lowland and montane forest. Breeding takes place in plants by larval development.,The chytrid fungus Bd swept through the region in 1996 (Lips et al. 2008) and the species has not been recorded since.,"The species was formerly considered to be common, but it has not been recorded since 1992 when the last animals were exported from Panama to the US for the pet trade (LEMIS data obtained by B. Klocke in 2016). Multiple targeted surveys (including 2008, 2009 and 2010- Abel pers. comm. August 2019) have failed to record the species, as well as general biodiversity surveys within the species range in 2012 (R. Ibáñez pers. comm. August 2019). The effect of Batrachochytrium dendrobatidis (Bd) caused the species to decline and eventually become extinct.",,"This species is a Panamanian endemic of the western Cordillera Central adjacent to Costa Rica, at 1,370 m asl.",The species is highly sought after for the international pet trade. It is unknown if any animals persist in private collections; no individuals of the species are held in any of the world's zoo collections (ZIMS 2018).,Terrestrial,"Conservation ActionsThere are historical records of the species from the Bosque Protector Palo Seco and Parque Internacional La Amistad. Research NeededIt is unknown whether this species persists in private captive collections, but there is a very slim possibility given that this was once a highly common species in the international pet trade and this should be investigated as a matter of extreme urgency.",Neotropical,1992,FALSE,FALSE,Global,55201,ANIMALIA,CHORDATA,AMPHIBIA,ANURA,DENDROBATIDAE,Oophaga,Oophaga speciosa,"(Schmidt, 1857)",,,,EX,Splendid Poison Frog,Island,Island,Disease,Disease,,GT
54358350,54549,Atelopus senex,Extinct,,2020,2019-09-09 00:00:00 UTC,3.1,English,"Listed as Extinct because it has not been recorded since 1986, and extensive searches in the appropriate habitat, during the appropriate season within the known range, have failed to locate this species. Its disappearance has been attributed, at least in part, to chytridiomycosis-related declines.","It occurs and reproduces in stream margins in premontane rainforest and lower montane rainforest. It is a diurnal, stream-breeding species, and used to be found in great concentrations during the reproductive period from July to August (Savage 2002).","This species appears to have undergone rapid, dramatic declines across Costa Rica, including disappearances within undisturbed habitat, which has been associated with chytridiomycosis as observed in many other montane, steam-associated species across Mesoamerica. Climate change or the synergistic effects of multiple factors cannot be ruled out as playing a role in the declines (Costa Rica Red List Assessment Workshop September 2019). Other past threats to this species might have included collecting for the pet trade and pollution.","It was formerly a common species up until 1985 (F. Bolanos pers. comm. Sept 2019), but underwent serious declines and disappeared from its historical sites between 1987 and 1988 (Savage 2002, Cossel Jr. and Kubicki 2017). It has now disappeared from its entire range, and there have been no sightings since 1986, despite many searches in appropriate montane habitats since its disappearance. Annual surveys to multiple sites within Parque Nacional Braulio Carrillo from 2001–2019 were not successful in recording the species (J. Abarca and V. Acosta pers. comm. September 2019). Additional surveys in Parque Nacional Tapantí and Orosi since the 1990s until 2019 have not observed the species (F. Bolaños, K. Castro, J. Klank, G. Chaves and V. Acosta pers. comm. September 2019). It is now declared Extinct throughout its entire range (Costa Rica Red List Assessment Workshop September 2019).",,"This species has disappeared from its entire range, but historically it occurred in humid montane forest in central Costa Rica in the Cordilleras Central and Talamanca in Costa Rica from 1,280-2,040 m asl (Savage 2002).","It is Extinct, and therefore, unlikely to be in international trade any longer.",Terrestrial|Freshwater (=Inland waters),"The historical range of this species includes five protected areas in Costa Rica, including Parque Nacional Tapantí and Parque Nacional Braulio Carrillo.",Neotropical,1986,FALSE,FALSE,Global,54549,ANIMALIA,CHORDATA,AMPHIBIA,ANURA,BUFONIDAE,Atelopus,Atelopus senex,"Taylor, 1952",,,,EX,Pass Stubfoot Toad,Unknown,Unknown,Overharvesting; Pollution; Climate Change,Overharvesting,Yes,HN
54365740,56413,Craugastor anciano,Extinct,,2019,2019-04-13 00:00:00 UTC,3.1,English,"Listed as Extinct. It was last seen in 1990, and exhaustive surveys at the species' known sites and the only other adjacent site with suitable habitat at suitable elevations have failed to record the species in several decades. The species experienced drastic population declines, probably due to chytridiomycosis and habitat loss, and has apparently not recuperated.","This species lived on the ground along mountain streams in premontane and lower montane moist forest. It presumably bred by direct development, with eggs laid on land, similar to other species in the Craugastor rugulosus series (McCranie and Castaneda 2007). It was not though to have tolerated habitat disturbance.","Species of the Craugastor rugulosus group appear to have undergone dramatic declines between mid 1980s to early 1990s across Honduras, including within undisturbed habitat which is a strong indicator of chytrid-related declines (Honduras Red List Assessment Workshop March 2019). Chytridiomycosis is thought to have contributed to the extinction of this species (J. Townsend, L. Herrera and J. Kolby pers. comm. March 2019), as well as habitat loss and degradation caused by agricultural encroachment, wood extraction, forest fires, water pollution, and landslides. The type locality of this species was already within a disturbed area of human settlement (J. Townsend pers. comm. March 2019). The second locality, Rio Arcaqual, is affected at lower elevations by a small dam that is undergoing increased use pressure by local communities; and if the species was still present, then it is thought that this would be a threat to it (L. Herrera, J. Townsend and H. Vega pers. comm. March 2019).Highland amphibians are adapted to inhabit a narrow climatic envelope. Changes in climate are expected to reduce the available suitable habitat and required microclimates. Rapid shifts in the climatic conditions required by these species would not allow sufficient opportunity for adaptation, especially in light of the limited possibility for elevational migration. Tropical Montane Cloud Forest (&gt;1,000 m asl) has been demonstrated to be negatively affected by climatic changes to a greater extent than other habitats (Foden et al. 2013, Wicaksono et al. 2017, Lyra et al. 2017, Neate-Clegg et al. 2018). An increase in high rainfall events is being observed throughout its range, as well as an increase in the frequency of extreme weather events (hurricanes and droughts) in the Caribbean, destroying the riparian habitat required by stream-dwelling and stream-associated amphibian species (Honduras Amphibian Red List Workshop March 2019). Climate change is therefore considered to be both a current and future threat to all amphibian species in this habitat type. Furthermore, amphibians globally are at an increased risk of disease (e.g. chytridiomycosis) and a decline in fecundity due to such changes (Pounds et al. 2006, Blaustein et al. 2010).","It had always been extremely rare, and is now considered to be extinct. Surveys were conducted for this species in 1995 and 1997, and no individuals were found (McCranie and Castaneda 2007). A two-night survey was conducted in 2008 at the type locality and did not record this species, and a 12 day survey (involving nine people for three days, and five people for the remaining six days) was conducted in 2015 that specifically looked for the two endemic amphibians on this mountain within suitable elevation range (including areas not previously surveyed for amphibians), and did not find the species (J. Townsend pers. comm. March 2019). Mapance NGO have conducted monthly biodiversity surveys since 2015, surveying from the visitor centre up the mountain which includes the second site that this species is known from for which there have been no records (H. Vega pers. comm. March 2019).  Furthermore, in 2017 and 2018 survey work was conducted in Volcan Pacayita, which is the only adjacent area with suitable habitat for the species; and no records of the species were found (F. Castañeda pers. comm. March 2019). The last verified sighting was in 1987 at the type locality, and in 1990 in Rio Arcaqual (Wilson and McCranie 2002). Given that there have been no records since 1990, despite extensive surveys in suitable habitat, it is likely that this species is extinct (J. Townsend, L. Herrera and J. Kolby pers. comm. March 2019).",,"This species was only known from two sites in the Montana de Celaque, Departments of Lempira and Ocotepeque, western Honduras, between 1,400-1,840 m asl. It was thought to be endemic to the mountain, and there is a lot of unsuitable habitat between the known locality and the next mountain (J. Townsend pers. comm. March 2019). Its extent of occurrence (EOO) was 97 km2.",There are no records of this species being utilized.,Terrestrial|Freshwater (=Inland waters),This species occurred in Parque Nacional Celaque.,Neotropical,1990,FALSE,FALSE,Global,56413,ANIMALIA,CHORDATA,AMPHIBIA,ANURA,CRAUGASTORIDAE,Craugastor,Craugastor anciano,"(Savage, McCranie &amp; Wilson, 1988)",,,,EX,Corquin Robber Frog,Island,Island,Habitat Loss; Agriculture; Water Modification; Pollution; Urbanization; Disease; Climate Change,Habitat Loss,,GT
54369332,56782,Craugastor myllomyllon,Extinct,,2020,2019-08-21 00:00:00 UTC,3.1,English,"Listed as Extinct because it has not been recorded since 1978, and extensive searches in appropriate habitat, during the appropriate season within the known range, have failed to locate this species.","This species was known to inhabit premontane wet forest, where it presumably reproduced by direct development (Savage 2000).",The habitat at the type locality has been destroyed by agriculture (Guatemala Red List Assessment Workshop August 2019).,"This species is known from only a single female specimen collected in 1978 (Savage 2000). It is likely to be rare, since numerous surveys between 1998 and 2019 have been unsuccessful in locating this species, whereas other species of Craugastor have been recorded (Guatemala Red List Workshop Assessment Workshop August 2019). It is thought that this species is now Extinct (Guatemala Red List Workshop Assessment Workshop August 2019).",,"This species was formerly known to occur at the type locality of Finca Volcán in the Sierra de Xucaneb, Alta Verapaz Department, in central Guatemala. It was recorded at 875 m asl.",There are no records of this species being utilized.,Terrestrial,This species has not been recorded in any protected areas.,Neotropical,1978,FALSE,FALSE,Global,56782,ANIMALIA,CHORDATA,AMPHIBIA,ANURA,CRAUGASTORIDAE,Craugastor,Craugastor myllomyllon,"(Savage, 2000)",,,,EX,,Unknown,Unknown,Agriculture,Agriculture,Yes,MG
54369525,56810,Craugastor omoaensis,Extinct,,2019,2019-03-12 00:00:00 UTC,3.1,English,"Listed as Extinct because it has not been recorded since 1974, and extensive searches in the appropriate habitat, during the appropriate season within the known range, have failed to locate this species in several decades. The species experienced drastic population declines, probably due to habitat loss or a combination of habitat loss and chytridiomycosis, and has apparently not recuperated.",The species stream-associated species occurred in the Premontane Wet Forest formation. It reproduced by direct development along streams.,"Habitat loss due to urbanisation and coffee farming is taking place in the region where this species was previously extant, which may have played a role in the the dramatic population decline. Some other species of Craugastor that are associated with streams have undergone dramatic declines and disappearances at higher elevations, possibly due to chytridiomycosis, which probably contributed to the extinction of this species (Honduras Red List Assessment Workshop March 2019).","It is known from 24 specimens. Formerly, it was moderately common, but has experienced a precipitous decline. It was last observed in 1974 by J. Lynch. A visit to the area of the type locality in 27 July 1996 failed to turn up individuals of this or any other amphibian and the area at that time was considerably more deforested than it was during 1974 (McCranie and Wilson 2002). Apparently the small stream where Lynch collected the type series had presumably long since dried up as a result of the continued deforestation of the steep montane slopes in the vicinity of the type locality (McCranie and Wilson 2002). There have been many efforts to locate this species since its apparent disappearance. For example, surveys between 2016-2018 have been conducted at the vicinity of the type locality at least 10 times and did not recorded the species, but recorded other species of Craugastor (L. Herrera pers. comm. March 2019).In addition to the habitat devastation having taken place in the vicinity of its type locality, the chytrid fungus Batrachochytrium dendrobatidis was reported in some frogs at a higher elevation site (1,690 m asl) from the Sierra de Omoa in northwestern Honduras by Kolby et al. (2010). Given that there have been no records since 1974, despite extensive surveys in suitable habitat, it is likely that this species is extinct (Honduras Red List Assessment Workshop March 2019).",,"This species was formerly known from moderate elevations in the Sierra de Omoa, near San Pedro Sula, on the slope of the Atlantic in Cortés, Honduras, between 760-1,150 m asl (McCranie and Castañeda 2007).",There are no records of this species being utilized.,Terrestrial|Freshwater (=Inland waters),It was not known to occur in any protected areas.,Neotropical,1974,FALSE,FALSE,Global,56810,ANIMALIA,CHORDATA,AMPHIBIA,ANURA,CRAUGASTORIDAE,Craugastor,Craugastor omoaensis,"(McCranie &amp; Wilson, 1997)",,,,EX,Sierra de Omoa Streamside Frog,Unknown,Unknown,Habitat Loss; Agriculture,Habitat Loss,Yes,MW
54381158,59376,Pseudoeurycea exspectata,Extinct,,2020,2019-08-21 00:00:00 UTC,3.1,English,"Listed as Extinct. It was last seen in 1976, and exhaustive surveys at the species' type locality and adjacent areas with suitable habitat have failed to record the species in several decades.","This species was known to inhabit deciduous broadleaf forest. Individuals have been collected from inside and beneath rotting logs, and from within bromeliads. It had also been found in severely degraded forest edges. Reproduction occurred by direct development, with females guarding the egg clutch.",The habitat in the species' range is seriously threatened by extensive smallholder farming activities (including cattle grazing) and logging.,"This species used to be relatively common (J. Campbell pers. comm. August 2019), but it has not been recorded since 1976 (Wake and Lynch 1976; Guatemala Red List Assessment Workshop August 2019). Ten trips to the type locality to search for salamanders, between 1985 and 2000, did not record the species (J. Campbell and M. Acevedo pers. comm. August 2019). Visits to the range in 2005 and 2007 (S. Rovito and C. Vásquez Almazán pers. comm. 2007), as well as, six additional visits to the type locality between 2010–2018 did not reveal any individuals (C. Vásquez Almazán pers. comm. August 2019). It is thought that this species is now Extinct (Guatemala Red List Assessment Workshop August 2019).",,"This species was formerly known only from the vicinity of the type locality on Cerro Miramundo, in the highlands to the southwest of Jalapa, Departamento de Jalapa, Guatemala, at 2,530 m asl (Stuart 1954).",There are no records of this species being utilized.,Terrestrial,This species is not known from any protected areas.,Neotropical,1976,FALSE,FALSE,Global,59376,ANIMALIA,CHORDATA,AMPHIBIA,CAUDATA,PLETHODONTIDAE,Pseudoeurycea,Pseudoeurycea exspectata,"Stuart, 1954",,,,EX,Jalpa False Brook Salamander,Unknown,Unknown,Habitat Loss; Agriculture,Habitat Loss,Yes,UY
58308545,44504,Ptychochromis onilahy,Extinct,,2016,2016-05-15 00:00:00 UTC,3.1,English,"This species was formally described in 2006 based on specimens held at MNHN, Paris (Stiassny and Sparks 2006). It has not been collected for many years despite targeted efforts within its former range. Five preserved specimens represent the only known material collected from the Onilahy River in 1962. The main impacts thought to have caused the decline of this species are deforestation leading to loss of habitat through increased sedimentation, competition from introduced tilapias and overfishing. This species is assessed as Extinct. Further information is available in Stiassny and Sparks (2006).","Ptychochromis onilahy is currently known only from the type series that was collected in the Onilahy River, a major westward flowing basin in southwestern Madagascar. Although detailedlocality information is lacking, these specimens were collected by Kiener and almost certainly correspond to the ‘‘forme’’ of P. oligacanthus identified by Kiener and Mauge´ (1966) from the southwest of Madagascar (Stiassny and Sparks, 2006). According to Kiener (1963) this taxon was particularly abundant in the Onilahy River to Ambohimahavelona (Lower Onilahy), and Kiener and Mauge´ (1966) indicate that it occurred, historically at least, from the Lower Onilahy River in the south, and northward in coastal basins to a little south of the Mangoky River (Stiassny and Sparks, 2006).","The main impacts thought to have caused the decline of this species are deforestation leading to loss of habitat through increased sedimentation, competition from introduced tilapias and overfishing.","Despite a number of collecting expeditions to southwestern Madagascar in recent years, no additional specimens referable to P. onilahy have been collected since the type series and the species is considered to be extinct (Stiassny and Sparks, 2006).",,This species was endemic to southwestern Madagascar.,Species in this genus would normally be fished for.,Freshwater (=Inland waters),"Species is considered to be extinct based on recent survey efforts (Stiassny and Sparks, 2006). However, the area is very remote, hard to access and there are issues of security so it is recommended that field survey be conducted in the future to search again for the species.",Afrotropical,1962,FALSE,FALSE,Global,44504,ANIMALIA,CHORDATA,ACTINOPTERYGII,CICHLIFORMES,CICHLIDAE,Ptychochromis,Ptychochromis onilahy,"Stiassny &amp; Sparks, 2006",,,,EX,,Africa,Madagascar,Invasive Species; Habitat Loss; Overharvesting,Invasive Species,,CN
58341426,57507878,Labeo worthingtoni,Extinct,,2018,2018-05-16 00:00:00 UTC,3.1,English,"This species was collected from various parts of Lake Malawi in 1932 by Dr Christy, but has not been seen since. It is treated as a valid species by Reid (1985) and is easily recognised as distinct from the other two species in the lake, Labeo cylindricus and L. mesops, and hence is unlikely to have been overlooked by the numerous research programmes conducted in the lake in the nine decades since the initial collection. Causes for its extinction are unknown. The factors affecting the other threatened species in the lake, Labeo mesops, were not present in the 1930s. Spawning streams were in healthy condition and fishing effort was very light.",There is no information available but it is presumed to have been a bottom-dwelling detritivore like other Labeo species.,There is no information on the threats to this species as it is presumed extinct. The cause of its extinction is unknown.,This species has not been seen since its original initial description in 1933.,,"The type series of this species comes from several places around Lake Malawi, but it has never been recorded since.",There is no use or trade information for this species.,Freshwater (=Inland waters),There are no conservation measures in place as this species is extinct.,Afrotropical,1932,FALSE,FALSE,Global,57507878,ANIMALIA,CHORDATA,ACTINOPTERYGII,CYPRINIFORMES,CYPRINIDAE,Labeo,Labeo worthingtoni,"Fowler, 1958",,,,EX,,Unknown,Unknown,Overharvesting; Unknown,Overharvesting,Yes,CA
63488710,63488699,Contomastix charrua,Extinct,,2016,2014-11-12 00:00:00 UTC,3.1,English,"Different systematic searches have been made without success to find the species since its last record in 1977. Therefore it is listed as Extinct. It seems likely that the increasing human settlement of Cabo Polonio by people, the actions of domestic predatory animals, and disturbance resulting from tourism, particularly during the breeding season, were all factors contributing to its extinction.",Cabo Polonio is a small coastal granitic outcrop of about 0.2 km2 with sandy soil (Borteiro et al. 2013).,"It seems likely that the increasing human settlement of Cabo Polonio by people, with an attendant increase in the numbers of predatory dogs and cats, and massive tourism, particularly during the summer months (the lizards’ reproductive season) could have caused its extinction (Cabrera and Carreira 2009).","This lizard is thought to be extinct. The last record is from the 1977 (Cabrera and Carreira 2009). Federico Achaval discovered this population, at the time considered conspecific with C. lacertoides. Besides this researcher's efforts (probably more than 30 days of surveys in each of the past 20 years) to locate this species, several systematic surveys have been carried on the area in the decades following its discovery but the species has not been located since then.",,"Contomastix charrua was known only from Cabo Polonio, southern Uruguay (Cabrera and Carreira 2009, Borteiro et al. 2013). It is believed to be extinct (Cabrera and Carreira 2009). Cabo Polonio is no more than 15 m asl (Borteiro et al. 2013).",This species was not utilized or traded.,Terrestrial,"It was a priority species for conservation in Uruguay (Carreira and Estrades 2013), but was considered extinct by Carreira and Maneyro (2015). It was found in Cabo Polonio National Park. Taxonomic research is required to emsure that this species is not conspecific with another extant taxon (see Taxonomic Notes).",Neotropical,1977,FALSE,FALSE,Global,63488699,ANIMALIA,CHORDATA,REPTILIA,SQUAMATA,TEIIDAE,Contomastix,Contomastix charrua,"Cabrera &amp; Carreira, 2009",,,,EX,,Unknown,Unknown,Invasive Species; Urbanization,Invasive Species,Yes,MY
63869216,59445,Hypselotriton wolterstorffi,Extinct,,2020,2019-06-18 00:00:00 UTC,3.1,English,"Listed as Extinct because many exhaustive surveys in known and/or expected habitat, in appropriate seasons, throughout its historical range have failed to record an individual since 1979.","The species formerly inhabited shallow lake waters and the adjacent irrigation channels, ponds and marshes. Breeding and larval development took place in these aquatic habitats. Eggs would have been laid on aquatic plants (Fei et al. 2012). Female salamanders were dissected and 442 eggs were found in their abdomen (Fei et al. 2012).","The extinction of this species was related to habitat destruction and degradation resulting from general pollution, land reclamation, domestic duck farming, and the introduction of exotic fish and frog species.","No individuals have been recorded since 1979 and the species is considered to be extinct (IUCN 2004, D.-Q. Rao pers. comm. June 2019).",,"This species was restricted to Kunming Lake and the surrounding areas in Yunnan, China, at about 1,900 m asl (see Fei et al. 2012).",There are no records of this species having being utilized.,Terrestrial|Freshwater (=Inland waters),"Conservation measures are no longer needed, as this species is considered extinct.",Palearctic,1979,FALSE,FALSE,Global,59445,ANIMALIA,CHORDATA,AMPHIBIA,CAUDATA,SALAMANDRIDAE,Hypselotriton,Hypselotriton wolterstorffi,"(Boulenger, 1905)",,,,EX,Yunnan Lake Newt,Asia,China,Invasive Species; Habitat Loss; Agriculture; Pollution,Invasive Species,,PE
69633018,69620808,Galba vancouverensis,Extinct,,2017,2015-09-01 00:00:00 UTC,3.1,English,"The only known record for Galba vancouverensis is the type locality reported in Baker (1939) from southern Vancouver Island, and documentation of the species as extirpated in San Juan Islands in extreme northwest Washington. If it is taxonomically valid, this species has not been seen in several decades and may now be extinct.",No specific habitat information is available for this species.,Southern Vancouver Island is a highly developed area and it is likely that many freshwater habitats have been impacted and continue to face threats such as development and habitat loss (Lee 2000).,There are no known extant populations of Galba vancouverensis.,,"This species is only known from the type locality (Hospital, Nanaimo) in the southern part of Vancouver Island, British Columbia (Baker 1939, Burch 1989). It was also known from the San Juan Islands in extreme northwest Washington (WA NHP pers. comm. 2004). The species has not been seen in several decades and may now be extinct. The species was listed as ""possibly extinct"" by Johnson et al. (2013).",,Freshwater (=Inland waters),There are no conservation measures in place for this species as it is presumed extinct.,Nearctic,1939,FALSE,FALSE,Global,69620808,ANIMALIA,MOLLUSCA,GASTROPODA,HYGROPHILA,LYMNAEIDAE,Galba,Galba vancouverensis,"(Baker, 1939)",,,,EX,,Island,Island,Habitat Loss; Urbanization,Habitat Loss,,AR
77504770,168180,Plectostoma sciaphilum,Extinct,,2015,2014-03-27 00:00:00 UTC,3.1,English,"This species had a very small area of occupancy (AOO) and was known only from a single locality. Surveys within suitable habitat around the last known site failed to locate any specimens of this species, hence it is considered to have been endemic to this site. The karst habitat was removed by quarrying in the mid 2000s, and recent survey work has confirmed that this species now extinct.",This was a lowland forest species which lived in leaf litter on the forest floor.,"Limestone quarrying has removed the habitat of this species, and quarrying continues within the region.",Recent surveys to establish if the species is still extant have failed to locate the species.,,"Plectostoma sciaphilum was only known from the limestone karst at Bukit Panching, Pahang, Peninsular Malaysia (Maassen 2001, Liew et al. 2014). It occurred in an area with an extremely small possible area of occupancy, however this limestone hill site was quarried away by 2007, and hence it is considered that the species is no longer extant.",There was no known trade in this species.,Terrestrial,There are no proposed conservation actions as the species is considered to be extinct.,Indomalayan,2001,FALSE,FALSE,Global,168180,ANIMALIA,MOLLUSCA,GASTROPODA,ARCHITAENIOGLOSSA,DIPLOMMATINIDAE,Plectostoma,Plectostoma sciaphilum,"(van Benthem-Jutting, 1952)",,,,EX,,Island,Island,Unknown,Unknown,Yes,WS
78324250,136452,Lagostomus crassus,Extinct,,2016,2016-03-01 00:00:00 UTC,3.1,English,This species is listed as Extinct because it is only known from one skull collected in southern Peru. A living specimen has not been located during any surveys (Spotorno and Patton 2015).,There is nothing known about the ecology of this species.,Nothing is known of the threats to this species.,The are no population data on this species.,,"Known only by a single skull from southern Peru, presumably of an animal that lived in recent times. Probably a Plains Viscacha that was taken to Peru (Spotorno and Patton 2015)",,Terrestrial,,Neotropical,1910,FALSE,FALSE,Global,136452,ANIMALIA,CHORDATA,MAMMALIA,RODENTIA,CHINCHILLIDAE,Lagostomus,Lagostomus crassus,"Thomas, 1910",,,,EX,,South America,South America,Overharvesting,Overharvesting,,GR
82337485,82337482,Dusicyon avus,Extinct,,2015,2015-08-13 00:00:00 UTC,3.1,English,"Dusicyon avus was found in the southern parts of South America. Radiocarbon evidence indicates a very recent disappearance (about 324–496 years cal BP), concurrent with European colonisation of this region. This species is the sister taxon of the also extinct, but insular, Falklands Wolf Dusicyon australis.","The species occupied relatively open habitats, such as grass steppe and shrub steppes, in the Pampean and Patagonian regions.","The demise of the species has been linked to habitat changes, hybridization with dogs and persecution. The abundant fossils of Dusicyon avus show a clear archaeological and temporal overlap with modern humans. A specimen was discovered in a grave from the late second millennium BC, suggesting that the animal might have been kept as a pet (Prates 2014); the teeth of Dusicyon avus were used in a religions context in some aboriginal sites of Buenos Aires province. According to new radiocarbon evidence, the species would have become extinct about 326-496 years BP (Prevosti et al. 2015), supporting the hypothesis that its disappearance might have happened after the arrival of Europeans. Anecdotal evidence exists from the diaries of 19th century naturalists and explorers of a large canid in Patagonia attributable to Dusicyon avus. Prevosti et al. (2015) found no evidence for hybridization, and proposed that the drivers of the recent extinction of the species were anthropogenic impacts, including hunting and domestic dogs, coupled with climatic change. The indigenous Ona of Tierra del Fuego recognized two species of fox, one of a large size.",The species had a widespread distribution and would have conceivably been relatively common.,,"Dusicyon avus lived in the Pampean and Patagonian regions of Argentina, southern Chile, Uruguay and southern Brazil. The species has a rich fossil record, based on several Late Pleistocene localities, and a few Holocene records (in the southern parts of its range).","A specimen was discovered in a grave from the late second millennium BC, suggesting that the animal might have been kept as a pet (Prates 2014); the teeth of Dusicyon avus were used in a religions context in some aboriginal sites of Buenos Aires province.",Terrestrial,This species is now extinct.,Neotropical,1464–1636,FALSE,FALSE,Global,82337482,ANIMALIA,CHORDATA,MAMMALIA,CARNIVORA,CANIDAE,Dusicyon,Dusicyon avus,"(Burmeister, 1866)",,,,EX,,South America,Brazil,Overharvesting,Overharvesting,,GR
84882990,84882966,Pteropus allenorum,Extinct,,2020,2018-09-09 00:00:00 UTC,3.1,English,This species is listed as Extinct because it has not been found within or nearby its only known range much after the original collection date.,There is nothing known about the habitat requirements or biology of this species.,There are no known threats as the species is presumed Extinct.,This species is known only from the holotype.,,"This species is known only from the holotype, which was collected in 1856 in Upolu, Independent Samoa. While the species is likely extinct, it should be sought after in future survey efforts in Samoa of the extant fauna in isolated habitats or the study of subfossil bats in a pre-human context to determine the extent of its historical distribution (Helgen et al. 2009).",,Terrestrial,There are no conservation measures in place as the species is presumed Extinct. Additional surveys could be considered in isolated habitats or the study of subfossil bats in a pre-human context to determine the extent of its historical distribution (Helgen et al. 2009).,Oceanian,1856,FALSE,FALSE,Global,84882966,ANIMALIA,CHORDATA,MAMMALIA,CHIROPTERA,PTEROPODIDAE,Pteropus,Pteropus allenorum,"Helgen, Helgen &amp; Wilson, 2009",,,,EX,Small Samoan Flying Fox,Pacific Islands,Pacific Islands,Overharvesting,Overharvesting,,GR
85577984,171131,Zonites santoriniensis,Extinct,,2017,2016-08-30 00:00:00 UTC,3.1,English,"The present species is endemic to the Santorini (Thira) Island (Aegean Sea, Greece). It is regarded as extinct (EX). The species has only been reported from the type locality on Santorini, and only from fossils. It most probably did not survive the 1450 BP volcanic eruptions.",No data are available.,The species probably became extinct due to the 1450 BP volcanic eruption.,The species is considered to be extinct.,,"This species is considered to be endemic to Santorini (Thira) Island in the Aegean Sea, Greece (Riedel and Norris 1987, Riedel 1992, Kornilios et al. 2009). It is only known from the type locality on Santorini, and only from fossils. It most probably did not survive the 1450 BP volcanic eruption.",The species is probably extinct.,Terrestrial,The species is probably extinct.,Palearctic,1450 BP (estimated year of extinction),FALSE,FALSE,Global & Europe,171131,ANIMALIA,MOLLUSCA,GASTROPODA,STYLOMMATOPHORA,ZONITIDAE,Zonites,Zonites santoriniensis,"Riedel &amp; Norris, 1987",,,,EX,,Island,Island,Unknown,Unknown,Yes,ID
85579008,171432,Vitrea storchi,Extinct,,2017,2016-08-30 00:00:00 UTC,3.1,English,"The species is known from its type locality (an ancient quarry on the Island of Chios (Aegean Sea, Greece) (Riedel 1992). Later visits to the type locality did not refind the species and it has never been found alive (Riedel 1992). The species is considered to be extinct.Recently, Örstan (2014) reported three individuals (one mature and two juvenile) from the Karaburun peninsula on the Turkish coast, opposite Chios Island, which resemble V. storchi and were tentatively identified as such. However verification is required, and is considered unlikely that these records are conspecific with V. storchi.",The shells of this species were found between rocks and rock rubble within Mediterranean shrub.,No threats to the species are known.,The species has never been found alive (Riedel 1992).,,"This species is known only from its type locality, an ancient quarry on the island of Chios in the Aegean Sea, Greece (Riedel 1992). The species has never been found alive and subsequent visits to the type locality failed to find it (Riedel 1992), hence it is considered Extinct.Örstan (2014) reported three individuals (one mature and two juvenile) from the Karaburun peninsula on the Turkish coast opposite Chios Island, and tentatively assigned them to this species. It is considered that they most likely are not conspecific and are considered as V. aff. storchi.",This species is not used or traded.,Terrestrial,"There is no conservation action regarding the species. Research is recommended upon the distribution, population size and trend, and ecology of the species.",Palearctic,1978,FALSE,FALSE,Global & Europe,171432,ANIMALIA,MOLLUSCA,GASTROPODA,STYLOMMATOPHORA,PRISTILOMATIDAE,Vitrea,Vitrea storchi,"L. Pintér, 1978",,,,EX,,Island,Island,Mining,Mining,,MG
85579865,171588,Zonites siphnicus,Extinct,,2017,2016-08-30 00:00:00 UTC,3.1,English,"The species is known only from subfossils from three islands of the Aegean Sea (Greece): Sifnos, Sikinos and Folegandros. Further research should focus on seeking live populations of the species. It is considered to be Extinct (EX). Last records are from 1933 to 1935.","Species of this genus are usually found in shrublands (phrygana and maquis vegetation), especially in limestone areas.",The species is probably extinct.,"The species is known only from subfossils in the Aegean Sea Islands of Sifnos, Sikinos and Folegandros. It is considered to be extinct.",,"The species is known only from subfossils from three islands (Sifnos, Sikinos and Folegandros) in the Aegean Sea, Greece (Mylonas 1982, Riedel 1992, Kornilios et al. 2009). It is considered to be extinct.",The species is probably extinct.,Terrestrial,Research should focus on further evaluating the presence of living populations.,Palearctic,1933-1935,FALSE,FALSE,Global & Europe,171588,ANIMALIA,MOLLUSCA,GASTROPODA,STYLOMMATOPHORA,ZONITIDAE,Zonites,Zonites siphnicus,"Fuchs &amp; Käufel, 1936",,,,EX,,Island,Island,Unknown,Unknown,Yes,MG
89815479,157719927,Chitala lopis,Extinct,,2020,2019-08-29 00:00:00 UTC,3.1,English,"This species was known only from river drainages in western and central Java. It has not been recorded from this region in over 160 years, despite extensive surveys since its first collection. Threats in the region have resulted in severe habitat degradation that has led to the extirpation of many large-bodied freshwater fish species, and include pollution from industrial, domestic, and agricultural inputs, extensive and unsustainable fishing practices, severe land conversion for urban and agricultural development (including near complete deforestation). Given a lack of reports over an extended period of time despite extensive sampling, Chitala lopis is assessed as Extinct.","Juveniles of this species most likely inhabit forested streams and swamp forests, while adults were more likely found in lakes and large rivers, as reported for other congeners (Bleeker 1851, Kottelat and Widjanarti 2005).","Logging, deforestation, urban development, extensive and unsustainable fishing, pollution resulting from industrial, domestic, and agricultural point and non-point sources, and agriculture occur extensively in western and central Java (D. Lumbantobing pers. comm. 2019).","This species is considered extinct, as it has not been encountered since the mid 19th century (Kottelat and Widjanarti 2005, Dahruddin et al. 2017).",,"This species was known only from river drainages in Java, from the Pesanggrahan River drainage eastwards to the Kali Garang River drainage (Bleeker 1851, Kottelat and Widjanarti 2005). The historical extent of occurrence (EOO) when this species was extant is estimated at 15,920 km2, based on a minimum convex polygon calculated from its known historic distribution (Bleeker 1851).",This species was consumed as a food fish in subsistence fisheries.,Freshwater (=Inland waters),No conservation actions are needed as the species is extinct.,Indomalayan,1851,FALSE,FALSE,Global,157719927,ANIMALIA,CHORDATA,ACTINOPTERYGII,OSTEOGLOSSIFORMES,NOTOPTERIDAE,Chitala,Chitala lopis,"(Bleeker, 1851)",,,,EX,,Asia,Indonesia,Habitat Loss; Overharvesting; Agriculture; Pollution; Urbanization,Habitat Loss,,MG
90128828,40783,Hippopotamus madagascariensis,Extinct,,2016,2016-01-28 00:00:00 UTC,3.1,English,"Madagascan hippopotami may have survived until recent times (MacPhee and Flemming 1999), notably on the basis of local oral tradition, but are now certainly extinct.","Hippopotamus madagascariensis retains low orbits and a relatively short muzzle. Stuenes (1989) used these features to propose a more terrestrial way of life for this species than in Hippopotamus amphibius. Similarly, Stuenes (1989) indicated a cranio-mandibular morphology closer to that of Choeropsis liberiensis, the extant Pigmy Hippo from western Africa. She further noted that Hippopotamus madagascariensis exhibited teeth generally more worn than in Hippopotamus lemerlei. These characters both suggest a diet differing from that of the other Madagascan dwarf hippopotamid.The ecology of Hippopotamus madagascariensis may have been close to that of Mediterranean extinct dwarf hippopotamids, but further investigation of this question is required, notably on postcranial anatomy, stable isotope enamel/bone contents, and dental wear.","Island Dwarf Hippopotamids were probably easy prey for human hunters. This may have lead to their quick extinction in the Mediterranean (Simmons 1988). The same impact from human hunters may have been effective in at least accelerating extinction of Madagascan hippopotamids. MacPhee and Burney (1991) indicate evidence for hippopotamid butchery in south-western Madagascar dated to the 1st century AD. Gommery et al. (2011) proposed an earlier evidence of hippopotamid butchery at least dated to 1400 BC. Co-occurrence of humans and hippopotamids on Madagascar, therefore, could have lasted for a minimum of 2,000 years. How much humans have contributed to this extinction is yet to be determined.",This species is now extinct.,,"Hippopotamus madagascariensis is mostly known from localities of highland Madagascar (see a list of locality in Stuenes 1989). Last appearance datum of Madagascan dwarf hippopotamids remains uncertain. Most recent dates were provided through 14C dating and indicate c. 1000 AD (Dewar 1984, Burney et al. 2004). However, MacPhee and Flemming (1999) proposed it as recent on the basis of local oral tradition (Flacourt 1661) and the possible younger age of some localities. However, this may only reflect sporadic occurrence of Hippopotamus amphibius.",,Terrestrial|Freshwater (=Inland waters),This species is now extinct.,Afrotropical,uncertain,FALSE,FALSE,Global,40783,ANIMALIA,CHORDATA,MAMMALIA,ARTIODACTYLA,HIPPOPOTAMIDAE,Hippopotamus,Hippopotamus madagascariensis,"Guldberg, 1883",,,,EX,Madagascan Dwarf Hippopotamus,Africa,Madagascar,Unknown,Unknown,Yes,MG
90128915,40782,Hippopotamus lemerlei,Extinct,,2016,2016-01-28 00:00:00 UTC,3.1,English,"Madagascan hippopotami may have survived until recent times (MacPhee and Flemming 1999), notably on the basis of local oral tradition, but is now clearly extinct.","Stuenes (1989) indicated that Hippopotamus lemerlei was probably well adapted to the amphibious way of life observed in the extant Hippopotamus amphibius. She based her conclusion notably on the relatively prominent orbits and developed muzzle of this species. In terms of diet, cranio-mandibular morphology may also indicate similarity with Hip. amphibius (Stuenes 1989), i.e. a diet mainly based on fresh grass. Overall, Hippopotamus lemerlei seems to have been a dweller of freshwater rivers crossing the lowlands of Madagascar.","Island Dwarf Hippopotamids were probably easy preys for human hunters. This may have lead to their quick extinction in the Mediterranean (Simmons 1988). The same impact from human hunters may have been effective in at least accelerating extinction of Madagascan hippopotamids. MacPhee and Burney (1991) indicate evidence for hippopotamid butchery in south-western Madagascar as early as the 1st century AD. Co-occurrence of humans and hippopotamids on Madagascar, therefore, could have lasted for a minimum of 2,000 years. How much humans have contributed to this extinction is yet to be determined.",This species is now extinct.,,"Hippopotamus lemerlei is mostly known from southern localities of coastal to lowland Madagascar (see a list of locality in Stuenes 1989). Last appearance datum of Madagascan dwarf hippopotamids remains uncertain. Most recent dates were provided through 14C dating and indicate c. 1000 AD (Dewar 1984, Burney et al. 2004). However, MacPhee and Flemming (1999) proposed it as recent on the basis of local oral tradition (Flacourt 1661; and see Burney and Ramilisonina 1999) and possible younger age of some localities. However, this may only reflect sporadic occurrence of Hippopotamus amphibius.",,Terrestrial|Freshwater (=Inland waters),This species is now extinct.,Afrotropical,uncertain,FALSE,FALSE,Global,40782,ANIMALIA,CHORDATA,MAMMALIA,ARTIODACTYLA,HIPPOPOTAMIDAE,Hippopotamus,Hippopotamus lemerlei,"Grandidier in Milne-Edwards, 1868",,,,EX,Madagascan Dwarf Hippopotamus,Africa,Madagascar,Unknown,Unknown,Yes,MG
91286832,173096,Germainaia geayi,Extinct,,2016,2016-06-14 00:00:00 UTC,3.1,English,"This species is thought to be endemic to Madagascar. However, no precise type locality is known and considering that Geay also collected in New Zealand and Australia in 1908, where he died, the origin of the material remains uncertain. Graf and Cummings (2009, 2011) do accept that the material originates from Madagascar, adding that its family classification remains doubtful (incertae sedis), i.e. either Unionidae (with Laurasian and African distribution) or Hyriidae (Australian- S. American).If this species indeed comes from Madagascar then besides the three specimens collected in 1904-1908 from an unknown locality, it has never been re-found despite surveys in probable habitats. The species is therefore assessed as Extinct.",Habitats are unknown but it must have been found from a permanent river or relatively extensive lake.,The threats leading to the extinction of this species are unknown.,Only three specimens of this species have been preserved.,,"This species was collected from an unknown locality on Madagascar. However, no precise type locality is known and considering that Geay also collected in New Zealand and Australia in 1908, where he died, the origin of the material remains uncertain.",This species was not used.,Freshwater (=Inland waters),No conservation actions were implemented before the species went extinct.,Afrotropical,1904-1908,FALSE,FALSE,Global,173096,ANIMALIA,MOLLUSCA,BIVALVIA,UNIONIDA,UNIONIDAE,Germainaia,Germainaia geayi,"(Germain, 1911)",,,,EX,,Africa,Madagascar,Overharvesting; Unknown,Overharvesting,,WS
91292440,91292433,Unio madagascariensis,Extinct,,2016,2016-06-15 00:00:00 UTC,3.1,English,"This species was known from an eastern river on Madagascar close to the coast, most likely the Maningory River or the Onibe River. However, this species has not been reported for over 150 years, despite surveys in expected habitat throughout its possible historic range (both of these rivers), at appropriate times, and over a time frame appropriate to its life cycle and form. Therefore, it is here considered to be Extinct.","It was collected in an eastern river on Madagascar close to the coast, most likely the Maningory River or the Onibe River.",Pesticides and muds derived from rice field cultivation along the rivers seem to have been the major threats.,It was relatively abundant according to Sganzin (1841) but it has not been recorded since 1841.,,"This species was collected by one of Victor Sganzin's scouts prior to 1841 in the river 'Mahoupa' (east Madagascar) which according to some sources is situated near Tintingue (Anonymous 1840) and according to Sganzin (1841) near Tamatave. There are only two sizeable rivers situated between these two ports, namely the Onibe and the Maningory Rivers.",This species was not used.,Freshwater (=Inland waters),No conservation actions were in place for this species before its extinction.,Afrotropical,1841,FALSE,FALSE,Global,91292433,ANIMALIA,MOLLUSCA,BIVALVIA,UNIONIDA,UNIONIDAE,Unio,Unio madagascariensis,"Sganzin, 1841",,,,EX,,Africa,Madagascar,Agriculture; Pollution,Agriculture,,PT
91292891,91292882,Unio malgachensis,Extinct,,2016,2016-06-15 00:00:00 UTC,3.1,English,"This species has not been recorded since it was collected in 1908-1909. It is here considered as Extinct as it has not been recovered for more than a century, despite searches of probable habitats.",The habitats are unknown.,The threats leading to the extinction of this species are unknown.,It is only known from a single juvenile specimen from Madagascar collected in the beginning of the 20th century from an unspecified locality.,,"The single juvenile najad shell (holotype) comes from the mollucscan collections of the French naturalist Martin-François Geay, which were supposedly gathered during his explorations in Madagascar (1904-1908) and originally described as Unio (Nodularia) malgachensis by Germain (2011). No precise type locality is known and considering that Geay during his second trip (1908) first collected in Madagascar and subsequently in New Zealand and Australia, where he died, the origin of the last material send to the MNHN in Paris remains somewhat doubtful. Graf and Cummings (2009, 2011) do accept that the material originates from Madagascar, adding that its family classification remains undecided.",This species was not used.,Freshwater (=Inland waters),No conservation actions were implemented for this species prior to its extinction.,Afrotropical,1908-1909,FALSE,FALSE,Global,91292882,ANIMALIA,MOLLUSCA,BIVALVIA,UNIONIDA,UNIONIDAE,Unio,Unio malgachensis,"Germain, 1911",,,,EX,,Africa,Madagascar,Overharvesting; Unknown,Overharvesting,,PT
95642285,84931267,Pteropus coxi,Extinct,,2020,2018-09-09 00:00:00 UTC,3.1,English,"This species is listed as Extinct because it has not been found in its only known range, or nearby, much after the original collection date.",There is nothing known about the habitat requirements or biology of this species.,There are no known threats as the species is presumed Extinct.,This species is known only from the holotype and paratype.,,"This species is known only from the holotype and paratype, which were collected during the U.S. Exploring Expedition to the Samoan archipelago in 1839-1841. The expedition explored the islands of Tutuila, Upolu, Savai’i and, the Manua island group, but the precise location from which the specimens were collected is not known. The species is considered a Samoan endemic, but the historical distribution remains to be clarified through more research on Samoa. The species is thought to be extinct from Samoa now, as most encounters by field biologists in Samoa only cite observations being made of two congeneric flying foxes, Pteropus samoensis or P. tonganus. There has been some discussion that perhaps the species survived until recently (in the early 1980s) due to observations by botanist Paul Cox. It is possible that the species could persist in Samoa on the remote montane forests of Upolu and Savai’i, but this is largely speculative (Helgen et al. 2009).",,Terrestrial,"There are no conservation measures in place as the species is presumed Extinct. Additional surveys could be considered, although it is speculative that the species could persist in Samoa in the remote montane forests of Upolu and Savai’I (Helgen et al. 2009).",Oceanian,1839-1841,FALSE,FALSE,Global,84931267,ANIMALIA,CHORDATA,MAMMALIA,CHIROPTERA,PTEROPODIDAE,Pteropus,Pteropus coxi,"Helgen, Helgen &amp; Wilson, 2009",,,,EX,Large Samoan Flying Fox,Pacific Islands,Pacific Islands,Overharvesting,Overharvesting,,PT
96986338,96986314,Bradycellus chavesi,Extinct,,2018,2016-11-14 00:00:00 UTC,3.1,English,"Bradycellus chavesi was endemic to São Miguel (Azores, Portugal). It had a very small extent of occurrence (EOO = 0-4 km²) and area of occupancy (AOO = 0-4 km²). The species occurred only at one location and is considered extinct (Terzopoulou et al. 2015). The last record dates from 1919. Exhaustive surveys in known and/or expected habitat, at appropriate times (diurnal, seasonal, annual), throughout its historic range have failed to record an individual (Borges et al. 2016). Surveys should be over a time frame appropriate to the taxon’s life cycle and life form. Therefore, it is assessed as Extinct.","The species occurred in the native forest of São Miguel Island (Azores), but it is considered extinct. This is a night activity predator. Current altitudinal range is unknown.","In the past, the species has probably strongly declined due to changes in habitat size. Based on Ferreira et al. (2016) the habitat will further decline as a consequence of climate change (increasing number of droughts).",The species is only known from a single subpopulation. A continuing decline in the number of mature individuals is inferred from historical records. According to Terzopoulou et al. (2015) this species is extinct.,,"Bradycellus chavesi is a single island endemic species restricted to S. Miguel (Azores, Portugal) (Borges et al. 2010), that is considered extinct in the Azorean arquipelago (Terzopoulou et al. 2015).",The species is not utilised.,Terrestrial,The species is not protected by regional law. Its habitat is possibly in a regionally protected area (Natural Park of São Miguel Island). Further research is needed into its ecology and life history in order to find extant specimens.,Palearctic,1919,FALSE,FALSE,Global,96986314,ANIMALIA,ARTHROPODA,INSECTA,COLEOPTERA,CARABIDAE,Bradycellus,Bradycellus chavesi,"Alluaud, 1919",,,,EX,Ground-beetle,Europe,Europe,Climate Change,Climate Change,,PT
99166529,97104847,Calathus extensicollis,Extinct,,2018,2016-07-16 00:00:00 UTC,3.1,English,"Calathus extensicollis was endemic to Pico (Azores, Portugal). It has a very small extent of occurrence (EOO = 0-16 km²) and area of occupancy (AOO = 0-16 km²).The last record dates from 1859. Exhaustive surveys in known and/or expected habitat, at appropriate times (diurnal, seasonal, annual), throughout its historic range have failed to record an individual (Borges et al. 2016). The species is considered Extinct.",The species occurred in the native forest of the Pico Island (Azores). It was a night activity predator that lived in the high elevation native forest with an altitudinal range between 900 and 1000 m. This species is considered extinct (Terzopoulou et al. 2015).,"In the past, the species has probably strongly declined due to changes in habitat size and quality and its large body size (Terzopoulou et al. 2015).",The species is only known from a single subpopulation. A continuing decline in the number of mature individuals is inferred from historical records. According to Terzopoulou et al. (2015) this species is extinct.,,"Calathus extensicollis was a single island endemic species restricted to Pico (Azores, Portugal) (Borges et al. 2010), known from high elevation native forest (900-1000 m). This large bodied species is considered extinct (Terzopoulou et al. 2015). No precise location was indicated in the original description, but at the indicated elevation there are the current main remnants of native forest.",The species is not utilised.,Terrestrial,"The species is not protected by regional law. Its habitat is in a regionally protected area (Natural Park of Pico). Further research is needed into its ecology and life history in order to find extant specimens and obtain information on population size, distribution and trends.",Palearctic,1859,FALSE,FALSE,Global,97104847,ANIMALIA,ARTHROPODA,INSECTA,COLEOPTERA,CARABIDAE,Calathus,Calathus extensicollis,"Putzeys, 1863",,,,EX,Ground beetle,Europe,Europe,Unknown,Unknown,Yes,CX
99166539,97111002,Calathus vicenteorum,Extinct,,2018,2016-07-16 00:00:00 UTC,3.1,English,"Calathus vicenteorum was endemic to Santa Maria (Azores, Portugal). It had a very small extent of occurrence (EOO = 0-4 km²) and area of occupancy (AOO = 0-4 km²). The species occurred only at one location and is considered extinct (Terzopoulou et al. 2015). The last record dates from 1957. Exhaustive surveys in known and/or expected habitat, at appropriate times (diurnal, seasonal, annual), throughout its historic range have failed to record an individual (Borges et al. 2016). Therefore, it is assessed as Extinct.","The species occurred in the native forest of the Santa Maria Island (Azores), with an altitudinal range between 450 and 550 m. It is considered extinct (Terzopoulou et al. 2015). The last specimens found in 1957 were captured associated with Calluna vulgaris. This is a predator species with nocturnal activity.","In the past, the species has probably strongly declined due to changes in habitat size and quality and its large body size (Terzopoulou et al. 2015). Based on Ferreira et al. (2016) the habitat will further decline as a consequence of climate change (increasing number of droughts and  habitat shifting &amp; alteration). The most important ongoing threat to this species is Cryptomeria japonica wood &amp; pulp plantations management and the spread of invasive plants (Hedychium gardneranum and Pittosporum undulatum) that are changing the habitat structure in the main native forest, namely decreasing the cover of bryophytes and ferns in the soil and promoting the spread of other plants.",The species is only known from a single subpopulation. A continuing decline in the number of mature individuals is inferred from historical records. According to Terzopoulou et al. (2015) this species is extinct.,,"Calathus vicenteorum is a single island endemic species restricted to Santa Maria (Azores, Portugal) (Borges et al. 2010), known from high elevation native forest (550 m a.s.l.). This large bodied species is considered extinct (Terzopoulou et al. 2015). The size of its remaining native habitat is 0.09 km².",The species is not utilised.,Terrestrial,"The species is not protected by regional law. Its habitat is in a regionally protected area (Natural Park of Santa Maria). Further research is needed into its ecology and life history in order to find extant specimens and obtain information on population size, distribution and trends.",Palearctic,1957,FALSE,FALSE,Global,97111002,ANIMALIA,ARTHROPODA,INSECTA,COLEOPTERA,CARABIDAE,Calathus,Calathus vicenteorum,"Schatzmayr, 1939",,,,EX,Ground beetle,Europe,Europe,Invasive Species; Climate Change,Invasive Species,,PF
99166654,97161884,Neocnemis occidentalis,Extinct,,2018,2016-12-30 00:00:00 UTC,3.1,English,"Neocnemis occidentalis was an endemic species from Sta. Maria (Azores, Portugal). It had a very small extent of occurrence (EOO = 0-4 km²) and area of occupancy (AOO = 0-4 km²). Exhaustive surveys in known and/or expected habitat, at appropriate times (diurnal, seasonal, annual), throughout its historic range have failed to record an individual (Borges et al. 2016). The species is considered Extinct.","The species occured in the native forest of Santa Maria Island (Azores), with an range between 450 and 550 m Asl. It is considered extinct. It is a phytophagous species.","In the past, the species has probably strongly declined due to changes in habitat size and quality (Terzopoulou et al. 2015). Based on Ferreira et al. (2016) the habitat will further decline as a consequence of climate change (increasing number of droughts).",The species is only known from a single subpopulation. A continuing decline in the number of mature individuals is inferred from historical records. According to Terzopoulou et al. (2015) this species is extinct.,,"Neocnemis occidentalis is a single island endemic species from Sta. Maria (Azores, Portugal) (Borges et al. 2010). This  species is considered extinct in Azores (Terzopoulou et al. 2015).",The species is not utilised.,Terrestrial,"The species is not protected by regional law. Its habitat is in a regionally protected area (Natural Park of Santa Maria). Further research is needed into its ecology and life history in order to find extant specimens and obtain information on population size, distribution and trends.",Palearctic,1867,FALSE,FALSE,Global,97161884,ANIMALIA,ARTHROPODA,INSECTA,COLEOPTERA,CURCULIONIDAE,Neocnemis,Neocnemis occidentalis,"Crotch, 1867",,,,EX,Weevil,Europe,Europe,Climate Change,Climate Change,,PF
101749951,178595,Emoia nativitatis,Extinct,,2017,2017-02-20 00:00:00 UTC,3.1,English,"This species was endemic to Christmas Island and was abundant in the 1970s. However, its population declined dramatically due mainly to the impact of introduced species. It was last seen in the wild in August 2010 and the last known individual died in captivity in 2014. It is therefore considered Extinct.","Cogger et al. (1983) state that this species was found in forest clearings, usually in leaf litter but occasionally on low vegetation or tree buttresses. It was reported to be locally abundant wherever sunlight penetrates the canopy, especially along tracks or roads with available sunlight (Cogger et al. 1983).","H. Cogger (pers. comm. 2010) reported that the rapid decline in population numbers was due to direct and indirect impacts on the island's forest ecology of supercolony development in the invasive Yellow Crazy Ant (Anoplolepis gracilipes). The rapidity of the decline in both this species and other endemic lizards suggests however that the threatening processes causing these declines are multiple and complex, and crazy ant infestations are concentrated in coastal and near-coastal areas of Christmas Island. In particular, declines appear to have taken place in most native lizard species following the introduction of the Indian Wolf Snake (Lycodon capucinus) in the early 1980s (Andrew et al. 2016), and Wolf Snake predation is now understood to be the proximate cause of this skink's extinction. Due to mining on the island, there has been a loss of 25% of forest habitat, a possible contributing factor to the decline of the species (Threatened Species Scientific Committee 2014).","This species was formerly reported to be generally common. Declines were first reported in 1998 (Cogger and Sadlier 1999) but only understood to be extreme as late as 2005 (James 2004, Schulz and Barker 2008), only five years before the species was last recorded in the wild (Andrew et al. 2016). Despite extensive surveys, the forest skink was last seen in the wild in August 2010 and the last known individual died in captivity in 2014 (Andrew et al. 2016). Efforts to establish a captive breeding programme from August 2009 failed because only three individuals of this species, all female, could be captured (Andrew et al. 2016). In 2013, before the last individual's death in 2014, the species was considered functionally extinct (Woinarski and Cogger 2013) and now presumably must be extinct.",,"This species was endemic to Christmas Island, an Australian territory in the Indian Ocean. It was last recorded in August 2010 (Andrew et al. 2010), and the results of extensive survey work suggest that it is now extinct.",There is no use or trade of this species.,Terrestrial,"This species is considered Critically Endangered by the Australian government in the Environment Protection and Biodiversity Conservation Act 1999. Following the failure to establish a captive breeding programme this species appears to have become extinct, and no further conservation measures are possible as a result.",Indomalayan,2010,FALSE,FALSE,Global,178595,ANIMALIA,CHORDATA,REPTILIA,SQUAMATA,SCINCIDAE,Emoia,Emoia nativitatis,"(Boulenger, 1887)",,,,EX,Christmas Island Whiptail-skink,Island,Island,Invasive Species; Urbanization; Mining,Invasive Species,,PF
102425860,102425846,Partula cootei,Extinct,,2022,2017-09-04 00:00:00 UTC,3.1,English,"Partula cootei was present throughout Raivavae islands until the mid or late 20th century. Partula hyalina was introduced to the Austral islands in the 1800s and by 1900 had dominated Partulid populations on the islands. Specimens from the 1930s appear to be a mixture of the two species and hybrids. In 2005, old shells of P. cootei were found, however no live specimens have been seen since 1934. On Rurutu, it is known only from subfossil shells. This species is considered to have become extinct in the mid-20th century.","Formerly, this species was recorded from woodland.",Decline and extinciton of this species can largely be attributed to hybridisation with the introduced Partula hyalina. Habitat degradation may also have contributed to the decline.,No historical population data are available for this species. It is now Extinct.,,"This species was endemic to Rurutu and Raivavae islands, Austral islands. This species was present throughout Raivavae islands until the mid or late 20th century. Partula hyalina was introduced to the Austral islands in the 1800s and dominated partulid populations on the islands by 1900. The specimens from the 1930s appear to be a mixture of the two species and hybrids. In 2005 old shells of P. cootei were found, but no live specimens have been seen since 1934. On Rurutu it is known only as subfossil shells.","Many partulids were used in necklace making, but no trade was ever recorded in this species.",Terrestrial,No conservation actions were taken prior to its extinction.,Oceanian,1934,FALSE,FALSE,Global,102425846,ANIMALIA,MOLLUSCA,GASTROPODA,STYLOMMATOPHORA,PARTULIDAE,Partula,Partula cootei,"Gerlach, 2016",,,,EX,Coote's Tree Snail,Island,Island,Invasive Species; Habitat Loss,Invasive Species,,PF
102425916,102425893,Partula pearcekellyi,Extinct,,2024,2017-09-04 00:00:00 UTC,3.1,English,"Partula pearcekellyi was a tree snail species endemic to Raiatea in the Society Islands (French Polynesia). It is now Extinct. This species was known from a single valley, and in about 1990, the predatory Rosy Wolfsnail (Euglandina rosea) invaded the valley. A single shell was found in 1992; its final extinction is estimated to have occurred in 1991 or 1992.",This snail was recorded from woodland where it was present on trees and shrubs,The extinction of this species was caused by predation by the invasive Rosy Wolfsnail (Euglandina rosea).,This species is now Extinct.,,This species was endemic to Raiatea in the Society Islands (French Polynesia). It is now Extinct.,Many partulids were used in necklace making but no trade was recorded in this species.,Terrestrial,No conservation actions were in place prior to the extinction of this species,Oceanian,1992,FALSE,FALSE,Global,102425893,ANIMALIA,MOLLUSCA,GASTROPODA,STYLOMMATOPHORA,PARTULIDAE,Partula,Partula pearcekellyi,"Gerlach, 2016",,,,EX,Pearce-Kelly's Tree Snail,Pacific Islands,French Polynesia,Invasive Species,Invasive Species,,GR
102426004,102425998,Partula magistri,Extinct,,2024,2017-09-04 00:00:00 UTC,3.1,English,"Partula magistri was a tree snail species endemic to Raiatea in the Society Islands (French Polynesia). This species is known from a single individual found in the freshly killed partulid shells left by the invading predatory species Rosy Wolfsnail (Euglandina rosea). As P. magistri was a large, conspicuous species, it is highly unlikely that any survivors have been overlooked and it is therefore assessed as Extinct. Its extinction can be dated to 1992.",This species was known from forest habitat at around 300 m above sea level.,This species was driven to extinction by the introduced predatory Rosy Wolfsnail (Euglandina rosea). The only known specimen was found in a mass of shells freshly killed by the predators in 1992.,There are no historical population data available for this species. It is now Extinct.,,This species was endemic to the French Polynesian island of Raiatea. It is now Extinct.,Many partulids were used in necklace making but no trade in this species was recorded.,Terrestrial,No conservation actions were in place before its extinction.,Oceanian,1992,FALSE,FALSE,Global,102425998,ANIMALIA,MOLLUSCA,GASTROPODA,STYLOMMATOPHORA,PARTULIDAE,Partula,Partula magistri,"Gerlach, 2016",,,,EX,,Pacific Islands,French Polynesia,Invasive Species,Invasive Species,,RU
102426039,102426035,Partula clarkei,Extinct,,2024,2017-09-04 00:00:00 UTC,3.1,English,Partula clarkei was a tree snail species endemic to the west of Raiatea in French Polynesia. This species has not been seen in the wild since 1991 and the last captive animal died in 1996. It is now considered Extinct (Gerlach 2016).,This species was found on trees and shrubs in forest habitat (Gerlach 2016).,The main cause for this snail's extinction was the introduced predatory Rosy Wolfsnail (Euglandina rosea) (Gerlach 2016).,"No historical population data are available, and this species is now extinct (Gerlach 2016).",,This species was endemic to the west of Raiatea in French Polynesia (Gerlach 2016).,Many partulids were used in necklace making but no trade was recorded in this species.,Terrestrial,"The last survivors of this species were collected from the wild in 1991 and bred in captivity. However, a disease is thought to have caused population decline in captivity and the last Partula clarkei individual died in 1996 (Gerlach 2016).",Oceanian,1991,FALSE,FALSE,Global,102426035,ANIMALIA,MOLLUSCA,GASTROPODA,STYLOMMATOPHORA,PARTULIDAE,Partula,Partula clarkei,"Gerlach, 2016",,,,EX,Clarke's Tree Snail,Pacific Islands,French Polynesia,Invasive Species,Invasive Species,,PF
102879586,61393,Alosa vistonica,Extinct,,2024,2023-04-29 00:00:00 UTC,3.1,English,"The Thracian Shad inhabited a single coastal lake system in northeastern Greece, where it has not been observed since the 1990s despite the existence of a commercial fishery on the lake. No ex situ subpopulations exist. Therefore, it is assessed as Extinct.","Lake Vistonida is shallow (mean depth c. two metres) and hypertrophic. It retains an open connection to the sea, but conditions are less saline in the northern portion due to inflowing freshwater rivers. Salinity increases during the summer, when the rivers' discharge is reduced.The Thracian Shad was pelagic and mainly occupied the upper water column where it probably fed on zooplankton. It is thought to have been non-migratory, with spawning taking place in spring.","Lake Vistonida and the lower reaches of the affluent Kosynthos and Kompsatos rivers suffer from severe hydrological degradation, salinity fluctuations and pollution, driven by the construction of dams and other barriers, excessive water abstraction, agricultural runoff and pumping of raw sewage directly into the water. The reduced discharge of freshwater into the lake and the resultant increase in salinity are considered to be the most important factors which drove the extinction of the Thracian Shad.",This species has not been observed in Lake Vistonida since the 1990s.,,This species was endemic to Lake Vistonida (el. Βιστωνίδα) in northeastern Greece.,"Lake Vistonida supports a commercial fishery, the focus of which has shifted from Eurasian Carp (Cyprinus carpio) to mullets (Mugil and Chelon spp.) as the lake has become progressively more brackish.The Thracian Shad was formerly targeted, but overfishing is not thought to have contributed to its extinction.",Freshwater (=Inland waters),This species was included in Annexes II and V of the European Union Habitats Directive (as Alosa spp.) and Revised Annex I of Resolution 6 of the Bern Convention.Lake Vistonida is located entirely within the boundaries of a National Park which is included in the European Union's Natura 2000 network of protected areas (site GR1130009).,Palearctic,1995,FALSE,FALSE,"Global, Europe & Mediterranean",61393,ANIMALIA,CHORDATA,ACTINOPTERYGII,CLUPEIFORMES,CLUPEIDAE,Alosa,Alosa vistonica,"Economidis &amp; Sinis, 1986",,,,EX,Thracian Shad,Island,Island,Agriculture; Water Modification; Pollution; Urbanization,Agriculture,,PF
102879718,135559,Alosa volgensis,Extinct,,2024,2022-06-28 00:00:00 UTC,3.1,English,"The Volga Shad has not been observed with certainty in the wild since the turn of the 21st century, despite intensive efforts to find it, and no individuals are maintained in captivity. It is therefore assessed as Extinct.","This anadromous species was pelagic in the Caspian Sea itself and migrated to deltas and major river channels to spawn at 2-3 years of age. Adult females are believed to have spawned on 2-3 occasions in their lifetimes.Mature adults would move into estuaries in April, entering rivers when water temperatures reached around 9°C in late April and continuing to early June with a peak at 17°C. The spawning run lasted 3-8 days, and spent fish migrated back to the sea. In autumn adults moved to the southern part of the Caspian Sea to overwinter. Juveniles migrated to the sea during their first summer, remaining there until maturity.Its diet comprised pelagic zooplankton and smaller fishes.",Historical dam construction reduced the species' population and cut off access to its spawning grounds and migratory routes. Overfishing may also have been a secondary driver contributing to its decline.,"Reproduction was reported to be mostly unsuccessful in the Volga River by the mid-20th century following construction of a series of large dams on the main river channel and its major tributaries. Other than a single report from the Volga delta region in 2016, which must be regarded as questionable given the presence of other shad species in the Caspian Sea, it has not been observed anywhere since the turn of the century. There is no firm evidence that the species remains extant in the Volga or elsewhere within its range.",,"This species was endemic to the northern Caspian Sea basin, where adults entered the Volga, Ural and Terek rivers. In the Volga it is reported to have reached Niznhy Novgorod and the Oka and Kama tributary systems prior to the mid-20th century.",This species was heavily exploited prior to its disappearance. Commercial fishing in Russian waters was banned before 1962 but appears to have continued into the 1970s.,Freshwater (=Inland waters),"From 1961, a mechanical fish lift on the Volgograd Dam permitted the transport of anadromous fishes to the reservoir above, but the continued chain of dams upstream of Volgograd rendered these actions ineffective in terms of preserving migratory fish species.",Palearctic,2016 (questionable),FALSE,FALSE,Global,135559,ANIMALIA,CHORDATA,ACTINOPTERYGII,CLUPEIFORMES,CLUPEIDAE,Alosa,Alosa volgensis,"(Berg, 1913)",,,,EX,,Island,Island,Overharvesting; Water Modification; Urbanization,Overharvesting,,PF
103142636,103142290,Partula auriculata,Extinct,,2024,2017-09-04 00:00:00 UTC,3.1,English,"Partula auriculata was a tree snail species endemic to the north of Raiatea, Society Islands. After the introduction of the carnivorous Rosy Wolfsnail (Euglandina rosea) to the islands in the late 1980s, species began disappearing rapidly. By 1992 there were few left and no live individuals of Partula auriculata were found during surveys in 1992, or in any survey since. Old shells were found in 1994.","This snail originally was found in woodland habitats, where it occurred on trees and shrubs.","The extinction of this species is attributed to the introduction of the carnivorous Rosy Wolfsnail (Euglandina rosea) in the late 1980s and like many of the Pacific Partulids, the predatory introduced species found the tree snails easy to find, and hence led to a rapid demise (Cooke and Loeve 2003).",The species is now extinct.,,"This species was endemic to the north of Raiatea, Society Islands. It is now extinct.",Many partulids were used in necklace making but no trade was recorded in this species.,Terrestrial,No conservation actions were taken before the species became extinct.,Oceanian,1992,FALSE,FALSE,Global,103142290,ANIMALIA,MOLLUSCA,GASTROPODA,STYLOMMATOPHORA,PARTULIDAE,Partula,Partula auriculata,"Broderip, 1832",,,,EX,Polynesian Tree Snail,Pacific Islands,French Polynesia,Invasive Species,Invasive Species,,PF
103142935,103142760,Partula dentifera,Extinct,,2024,2016-10-08 00:00:00 UTC,3.1,English,"Partula dentifera was a tree snail species endemic to Raiatea in the Society Islands. It was last seen alive in 1972; there were no further surveys within its range until 1991 by which time only empty shells could be found. Its extinction can be attributed to the carnivorous Rosy Wolfsnail (Euglandina rosea) which was introduced in the late 1980s. Living animals previously thought to be this species were found in 1991-2 and bred in captivity, but these are actually P. navigatoria. Partula dentifera is assessed as Extinct.",This species was found on trees in forest habitats.,The extinction of this species is attributed to predation from the introduced carnivorous Rosy Wolfsnail (Euglandina rosea).,There are no populations of this species remaining.,,"This species was endemic to Raiatea, Society Islands.",Many partulids were used in necklace making but no trade was recorded in this species.,Terrestrial,"This species was thought to be present in the Partula conservation breeding programme, but this was a misidentification of P. navigatoria.",Oceanian,1972,FALSE,FALSE,Global,103142760,ANIMALIA,MOLLUSCA,GASTROPODA,STYLOMMATOPHORA,PARTULIDAE,Partula,Partula dentifera,"Pfeiffer, 1852",,,,EX,Polynesian Tree Snail,Pacific Islands,French Polynesia,Invasive Species,Invasive Species,,NZ
103159915,103159873,Partula lugubris,Extinct,,2024,2017-01-06 00:00:00 UTC,3.1,English,"Partula lugubris was a tree snail species endemic to Raiatea in the Society Islands (French Polynesia). It was last collected alive in 1927; there were no further surveys within its range until 1991, by which time it was already extinct. Its extinction can be attributed to the carnivorous Rosy Wolfsnail (Euglandina rosea) which was introduced in the late 1980s. It is assessed as Extinct.",This species was present in woodland habitat where it occurred on trees and shrubs.,The extinction of this species is attributed to predation by the introduced carnivorous Rosy Wolfsnail (Euglandina rosea).,The species is now Extinct.,,"This species was endemic to Raiatea, Society Islands. It is now Extinct.",Many partulids were used in necklace making but no trade n this species was recorded.,Terrestrial,No conservation measures were in place by the time of its extinction.,Oceanian,1927,FALSE,FALSE,Global,103159873,ANIMALIA,MOLLUSCA,GASTROPODA,STYLOMMATOPHORA,PARTULIDAE,Partula,Partula lugubris,"Pease, 1864",,,,EX,Polynesian Tree Snail,Pacific Islands,French Polynesia,Invasive Species; Overharvesting,Invasive Species,,US
103163529,103163335,Partula diminuta,Extinct,,2024,2016-10-08 00:00:00 UTC,3.1,English,"Partula diminuta was endemic to Tahiti in the Society Islands. After the introduction of the carnivorous Rosy Wolfsnail (Euglandina rosea) to Tahiti in 1977, native partulid populations and species began to disappear rapidly as a result of predation. No live individuals were found in the range valley of this species (Pirae) during searches in the 1980s and 1990s or during the intensive surveys on the main island of Tahiti Nui 2003–2005. This species is assessed as Extinct.",This species was found on the ground or on low vegetation in forest habitats.,The extinction of this species is attributed to predation from the introduced carnivorous Rosy Wolfsnail (Euglandina rosea).,The species is now extinct.,,"This species was endemic to Tahiti, Society Islands, where its distribution was restricted to the Pirae Valley.",Many partulids were used in necklace making but no trade was recorded in this species.,Terrestrial,"Since this species is now Extinct, it is too late to implement any conservation actions.",Oceanian,1980,FALSE,FALSE,Global,103163335,ANIMALIA,MOLLUSCA,GASTROPODA,STYLOMMATOPHORA,PARTULIDAE,Partula,Partula diminuta,"Adams, 1851",,,,EX,,Pacific Islands,French Polynesia,Invasive Species,Invasive Species,,JP
103193535,103192401,Tokea orthostichon,Extinct,,2017,2016-12-03 00:00:00 UTC,3.1,English,"Tokea orthostichon (Schmarda, 1861) was not found at its type locality during a survey conducted in 2011 (Blakemore 2012), and neither is it known to have been reported in or around Auckland by Benham (1905, 1906) nor elsewhere during Dr Ken Lee's decade long, national earthworm survey (Lee 1959). Literature, museum and field searches have failed to find any other specimens either (Blakemore, 2000, 2010, 2011, 2013, 2014, 2016).  As this species has been unseen for more than 150 years, despite the surveys, and its habitat transformed this species it is considered Extinct.","Schmarda (1861) recorded the type location as in dark soil. Currently the site is grassed over with cattle grazing its flanks whereas in Schmarda’s time (only 20 years after Auckland was established) it is likely to have had little cultivation since its former use as a Maori ""pa"" hillfort.","Although the original bush habitat of this species was probably already substantially modified by Maori, the arrival of European pakeha settlers transformed the land, with the introduction of crops and stock with exotic plants which replaced native vegetation. These introductions had deleterious consequences for resident earthworms, as was noted by Smith (1894) and Lee (1961). After the only collection of this species, rapid urbanisation has meant that what was once an outer suburb 10 km from Auckland city centre is now fully encompassed. The hill at Mt Wellington is surrounded on three sides by houses, industries or retail stores and, on one quadrant, by what was the country’s largest quarry for aggregate (a mixture of crushed rock) that from 2008 was developed as a housing area now called Stonefields.  In 1963, a 45,100 m³ reservoir was constructed near the summit of the cone.  One lower slope apron has the Winifred Huggins Woodland Park that was opened in February, 1979 as an ""English woodland"" planted from 1969 by Miss Huggins and others. Trees include European beech, olives, pines and macrocarpa - a large one of which occupies the crater. Macrocarpa (Cupressus macrocarpa also known as Monterey cypress) was first brought to New Zealand in the 1860s. Native earthworms are unlikely to survive such unremitting encroachments unless there are nature corridor reserves or remnant bushland refuges. A survey of Mt Wellington in 2011 (Blakemore 2012) found only exotics which have out-lasted and out-competed natives as there was no evidence of T. orthostichon, nor of any other truly New Zealand earthworms. Several unidentified species of flatworm planarian predators were recorded (Blakemore 2012) and exotic ants have also been noted from Mt Wellington that may both also threaten native earthworm survival.","This species was described on a single specimen originally collected over 150 years ago. There are no other survey reports of this earthworm species. The species was not found recently despite searches (Blakemore, 2012).",,"This species was described by Schmarda (1861) on a single specimen from ""Mt Wellington"". There has been confusion whether this was Mt Wellington, a prominent 1,200 m Asl high mountain above the township of Hobart, Tasmania. However, it was confirmed by Benham (1905) and Blakemore (2012) as being the 135 m Asl high Maungarei / Mount Wellington, New Zealand, which is the youngest and largest volcanic scoria cone of the Auckland volcanic field, having been formed by an eruption around 10,000 years ago.",No use or trade information exists for this species although Benham (1905) notes that other species in the genus were prized as food by Maori chiefs. Other New Zealand native earthworms were used as fishing bait or eel lures. Another traditional use of earthworms is as natural medicines.,Terrestrial,This species is classified at Extinct therefore no conservation or research is required.,Australasian,1854,FALSE,FALSE,Global,103192401,ANIMALIA,ANNELIDA,CLITELLATA,MEGADRILACEAE,MEGASCOLECIDAE,Tokea,Tokea orthostichon,"(Schmarda, 1861)",,,,EX,Schmarda's Worm,Oceania,New Zealand,Invasive Species; Overharvesting; Agriculture; Urbanization; Mining,Invasive Species,,LC
111451167,51269349,Melanoplus spretus,Extinct,,2014,2014-02-03 00:00:00 UTC,3.1,English,"The Rocky Mountain Locust was one of the most common grasshopper species in North America in the 19ᵗʰ Century. The species bred on the northern Rocky Mountains, from where large outbreaks affected a large area from British Colombia to Colorado. The swarm sizes were enormous. A swarm in 1875 was estimated to be 1800 miles long and 110 miles wide (the largest locust swarm ever reported, Lockwood 2001). The species suddenly disappeared at the end of the 19ᵗʰ Century and the last living specimen was found in 1902. The species is now extinct.","The breeding habitat of the Rocky Mountain Locust was probably found in riparian habitats in the Rocky Mountains. However, during outbreaks it was found on agricultural land.","The reasons for the extinction of Melanoplus spretus are not fully understood. However, it is believed that the main reason for extinction was the destruction of its riparian breeding habitat (Lockwood and DeBrey 1990).",The species is extinct. The last individual was recorded in 1902.,,"Melanoplus spretus used to occur in North America (USA, Canada), where it used to be the most serious agricultural pest. The species bred in riparian habitats in the northern Rocky Mountains, from where it periodically migrated to the western and central parts of the United States and Canada. The species began to decline in the late 1800s and the last living specimen was collected in 1902.",This species was not utilized.,Terrestrial,"The species is extinct. Therefore, no conservation action is currently feasible.",Nearctic,1902,FALSE,FALSE,Global,51269349,ANIMALIA,ARTHROPODA,INSECTA,ORTHOPTERA,ACRIDIDAE,Melanoplus,Melanoplus spretus,"(Walsh, 1866)",,,,EX,Rocky Mountain Locust,North America,United States,Unknown,Unknown,Yes,LC
113089431,41667,Zalophus japonicus,Extinct,,2017,2014-10-26 00:00:00 UTC,3.1,English,"The species is listed Extinct because there have been no documented reports of Z. japonicus since the late 1950s, despite extensive marine mammal research effort taking place within its former range. The last credible report was 50 to 60 individuals on Takeshima (Dokdo) ( in 1951 (Rice 1998). Individual sightings reported as recently as 1974 and 1975, cannot be confirmed; confusion with escaped Z. californianus cannot be ruled out.","Very little information exists on the biology of Japanese Sea Lions but it is assumed that they were generally similar to California Sea Lions. It is said that male Japanese Sea Lions were dark grey and weighed 450-560 kg, reaching lengths of 2.3 to 2.5 m. Females were smaller at about 1.6 m long with a lighter colour than the males. Their rookeries were on open sandy beaches and they preferred to rest in caves (Red Data Book 1994, Shimane Prefecture 2004).","Japanese Sea Lions were harvested for their skins, whiskers, internal organs, and oil, and were also captured for the circus trade. Those takes, in combination with persecution by fishermen and perhaps shooting by soldiers, likely caused their extinction (Wikipedia 2014).","Estimates of historical population size are not available. Over-harvesting by Japanese commercial fishermen caused a drastic decline in abundance in the early decades of the 20th century and commercial harvests ended in the 1940s when the population was virtually extinct (The Sixth Extinction Website 2014). The last confirmed report was of 50-60 animals on Takeshima Island (Dokdo)  in 1951. Individual Sea Lions were reported in the region in 1974 and 1975 but their specific identity was not verified (Rice 1998). Most authorities, including IUCN and the Society for Marine Mammalogy, consider the Japanese Sea Lion to be Extinct.",,"According to Rice (1998) Japanese Sea Lions formerly were known from the northwest Pacific where they occurred along the coasts of Japan, the Democratic People’s Republic of Korea, the Republic of Korea, and Russia at Sakhalin Island and southern Kamchatka. Burkanov (pers. comm.) says that the only reliable report of Japanese Sea Lions was of an animal shot in 1949 at Moneron Island in the Sea of Japan at the southwest corner of Sakhalin Island. He concludes that they occasionally occurred in the southern Kuril Islands but not at Kamchatka as Rice (1998) had stated.","Japanese Sea Lions were harvested for their skins, whiskers, internal organs, and oil, and were also captured for the circus trade. The species is now Extinct.",Terrestrial|Marine,"Japanese Sea Lions are likely to now be Extinct. However, South and North Korea, Russia, and China have indicated that they will collaborate on bringing back the Japanese Sea Lion in the Sea of Japan. That effort would involve searching Russian and Chinese waters and if animals are found some would be taken to the Sea of Japan. If not, California Sea Lions might be translocated from the United States (The Extinction Website 2014).",Palearctic,1951,FALSE,FALSE,Global,41667,ANIMALIA,CHORDATA,MAMMALIA,CARNIVORA,OTARIIDAE,Zalophus,Zalophus japonicus,"(Peters, 1866)",,,,EX,Japanese Sea Lion,Asia,Japan,Overharvesting,Overharvesting,,AG
115349952,203441,Clelia errabunda,Extinct,,2016,2015-07-20 00:00:00 UTC,3.1,English,"Listed as Extinct on the basis that no records of this large, conspicuous snake have been taken since the 19th Century (when it was familiar to general naturalists), despite extensive survey work on Saint Lucia and the presence of a large human population. While recent literature conservatively suggests that the species is ""very probably"" extinct, there appears to be no reasonable doubt that this species has indeed been lost from Saint Lucia.","There is no information about this snake's habitat, but it is known that it fed on other snakes including the viper Bothrops caribbeaus (Henderson and Powell 2009).","Changes to the island's ecology were so varied, and documentation so poor, in the 19th Century that it will probably never be known why this species was lost. It is hypothesized that a bounty system established to encourage killings of vipers may have resulted in the loss of this snake (Underwood 1993), however the loss of a Clelia species from Grenada in the 1960s - where no such bounty was set - calls this into question as a primary cause of extinction. Mongoose were introduced to Saint Lucia in the 19th Century, however adult mussuranas are sufficiently large that mongoose would not threaten them. The precise timing of this species' extinction is unclear, and the species might have vanished or been in decline before mongoose arrived. Habitat clearance for banana plantations was widespread in this period, and may have impacted this species if it relied on moist forest (J. Daltry pers. comm. 2015).","Literature from the mid-1800s reveals that the species was familiar to naturalists as late as this period (Breen 1844). It has never since been rediscovered, despite being a conspicuous, large black snake. Extensive searches have been conducted on Saint Lucia without recording it, and the species is very probably extinct (Powell and Henderson 2012).",,This species is known only from Saint Lucia (Henderson and Powell 2009).,"There is no use or trade in this species, which is presumed to be extinct.",Terrestrial,This species is extinct. A great deal of survey work has been conducted without rediscovering this species.,Neotropical,19th Century,FALSE,FALSE,Global,203441,ANIMALIA,CHORDATA,REPTILIA,SQUAMATA,DIPSADIDAE,Clelia,Clelia errabunda,"Underwood, 1993",,,,EX,Underwood's Mussurana,Unknown,Unknown,Invasive Species; Habitat Loss; Unknown,Invasive Species,Yes,AI
115387556,44579175,Alinea luciae,Extinct,,2016,2015-07-24 00:00:00 UTC,3.1,English,"Listed as Extinct on the basis that this species is not known to survive either on Saint Lucia or on any of its satellites, all of which have been well-surveyed over many years, with the likely agent of its extinction being the introduction of mongoose and rats roughly contemporary with the known specimens. Although skinks elsewhere in the Caribbean have been found to survive on small mongoose-free islands, there is no reasonable prospect that this large skink could have survived on Saint Lucia's satellites, which have been subject to intensive work and which represent the only remaining refugia for another lizard species lost from the Saint Lucia mainland. While the continued survival of a remote mainland population cannot be completely ruled out, this island has been subject to sufficiently intensive herpetological survey work that there is thought to be no reasonable doubt that this species is extinct.","No ecological or reproductive information is associated with this species (Hedges and Conn 2012). This species might have been arboreal, in common with some other Alinea species (S.B. Hedges pers. comm. 2015).","If this species survives it faces a primary threat from the introduced mongoose, which has however probably already led to its extinction. Secondary threats include habitat destruction from agriculture and urbanization, and predation from other introduced predators, including black rats (Hedges and Conn 2012). If a remnant population survives, the failure to record it for over 120 years despite targeted searches - as well as extensive general herpetological research throughout Saint Lucia and its satellites - suggests that it must be very restricted. Previously widespread skinks on other islands, such as Jamaica, have been found to persist in very restricted areas (Hedges and Conn 2012). This is however not thought likely to be realistic for the Saint Lucia skink, a large lizard on a herpetologically very well-studied island from which another lizard species has been lost following the introduction of rats and mongoose (J. Daltry pers. comm. 2016).","This species was considered extinct as early as Barbour (1937). Four specimens are known, all in the British Museum, with an accession date of 1889 (Hedges and Conn 2012). This was a very large terrestrial lizard, but has never been found since despite a number of targeted surveys by herpetologists visiting the island, although there have been very few visits to the highest elevations.",,This species is known only from the island of Saint Lucia in the Lesser Antilles. No precise localities are known (Hedges and Conn 2012),"There is no use of or trade in this species, which is presumed to be extinct.",Terrestrial,"While this species is presumed to be extinct, workers should be vigilant for the possibility that an undetected population of this lizard still exists and the health of any remaining populations. Captive breeding programs should be undertaken, if a surviving population is found, because eradication of introduced mammalian predators is not possible on large islands (Hedges and Conn 2012).",Neotropical,1889,FALSE,FALSE,Global,44579175,ANIMALIA,CHORDATA,REPTILIA,SQUAMATA,SCINCIDAE,Alinea,Alinea luciae,"(Garman, 1887)",,,,EX,Saint Lucia Skink,Caribbean,Caribbean,Invasive Species; Habitat Loss; Agriculture; Unknown,Invasive Species,,GB
115396604,47102774,Copeoglossum redondae,Extinct,,2016,2015-07-22 00:00:00 UTC,3.1,English,"Listed as Extinct on the basis that this species was confined to Redonda, a 2 km2 island which was historically forested but is now almost wholly unvegetated. Within the last few years Redonda has been subject to intensive survey work as it is important for three surviving species of endemic lizards, however no evidence of a surviving population of C. redondae has been recorded.","No ecological information is available (Hedges and Conn 2012). Redonda's native habitat is likely to have been open dry forest (Bell and Daltry 2010, Morse 1979); much of this was cleared during guano mining activity - as Redonda is home to a large seabird colony - probably shortly after this skink was collected. Remaining native vegetation is almost entirely gone following invasion of the island by rats and goats, and there is no recruitment into surviving tree population. It would have been terrestrial, either on rocks or in leaf litter while this still existed.","It is likely that black rats preyed on this terrestrial lizard (Hedges and Conn 2012), and it may have been reliant to some degree on native vegetation, invertebrates and litter structure which has now been lost. Almost no vegetation remains on Redonda due to overgrazing by goats. Given this, the failure of multiple targeted surveys to record it, and the apparent sensitivity of skinks on Caribbean islands - many of which have drastically declined or been lost following mammal introductions - Copeoglossum redondae is presumed to be extinct.","This species was described on the basis of an adult female collected between 1863 and 1873. It has not been recorded since, although the island was inhabited by people and the site of mining activity until 1914. Recent intensive searches for lizards on the island over a week in 2012 (J. Daltry pers. comm. 2015) failed to record any evidence of a surviving population, and it has not been found in other recent surveys.",,"This species was endemic to Redonda Island, part of Antigua and Barbuda. The island has an area of about 2 km2 (Hedges and Conn 2012).",There is no known use or trade in this species.,Terrestrial,"Hedges and Conn (2012) suggest that studies are needed to determine if the species still exists, however Redonda has recently been the subject of intensive herpetological fieldwork, as the island is home to three extant species of endemic lizard, and no evidence of a surviving population has emerged. Bell and Daltry (2012) nevertheless recommend that researchers working on the island remain vigilant for any sign of a surviving skink population.",Neotropical,1863-1873,FALSE,FALSE,Global,47102774,ANIMALIA,CHORDATA,REPTILIA,SQUAMATA,SCINCIDAE,Copeoglossum,Copeoglossum redondae,"Hedges &amp; Conn, 2012",,,,EX,Redonda Skink,Island,Island,Invasive Species,Invasive Species,,SE
115482357,75306422,Leiocephalus cuneus,Extinct,,2016,2015-07-24 00:00:00 UTC,3.1,English,"Listed as Extinct on the basis that this species historically occurred on at least four major islands in the Lesser Antilles, three of which have human populations that would undoubtedly have led to the discovery of a living population of this large, conspicuous lizard. While historical literature from Guadeloupe indicates that the species survived into colonial times at least on this island, it is not clear that populations elsewhere were still extant in this period and the reasons for, and date of, its extinction are unknown.","The species was probably from coastal habitats (Breuil 2002). Du Tertre (1667) indicated that it was agile, bold and active, a terrestrial species that would take food scraps and ate the eggs of other lizards and turtles.","This species became extinct following European colonization of the archipelago, however the reasons for this are not understood. Leiocephalus species in the Caribbean typically survive well in the presence of exotic predators, and this species occurred on multiple large islands (R. Powell pers. comm. 2015).","The species is almost certainly extinct (Henderson and Powell 2009), as it is a conspicuous species that occurred on three well-populated islands where a surviving population would very likely have been detected (R. Powell pers. comm. 2015); Barbuda is uninhabited, but the species appears never to have been recorded there in historic times. Du Tertre (1667) reported the behaviour of this lizard, indicating that it survived into historical times.",,"Fossil remains of this West Indies species are known from Anguilla, Barbuda, Antigua, and Guadeloupe (Henderson and Powell 2009). It was probably coastal (Breuil 2002).","There is no use or trade in this species, which so far as is known is extinct.",Terrestrial,"No conservation measures are required, as this species is extinct.",Neotropical,17th Century,FALSE,FALSE,Global,75306422,ANIMALIA,CHORDATA,REPTILIA,SQUAMATA,TROPIDURIDAE,Leiocephalus,Leiocephalus cuneus,"Etheridge, 1964",,,,EX,,Caribbean,Caribbean,Invasive Species; Unknown,Invasive Species,,AL
123674314,123671476,Poecilobothrus majesticus,Extinct,,2022,2021-01-30 00:00:00 UTC,3.1,English,Poecilobothrus majesticus has not been recorded for over 100 years. It is therefore considered Extinct. This assessment was produced using information provided by Martin Drake and Alan Stubbs.,"The habitat of this species is unknown, however, it may be saltmarsh.",The cause of the extinction of this species is unknown.,The population of this species is now considered Extinct.,,"The only reported occurrence of this species is from Walton-on-the-Naze, Essex, England in 1907. In the absence of other records for over 100 years this species is now thought to be Extinct.",,Terrestrial|Marine,There are no conservation actions planned for this species.,Palearctic,1907,FALSE,FALSE,Global & Europe,123671476,ANIMALIA,ARTHROPODA,INSECTA,DIPTERA,DOLICHOPODIDAE,Poecilobothrus,Poecilobothrus majesticus,"d'Assis-Fonseca, 1976",,,,EX,,Europe,Europe,Unknown,Unknown,Yes,CH
137243262,258435731,Coregonus trybomi,Extinct,,2024,2023-07-04 00:00:00 UTC,3.1,English,"The Ören Whitefish has not been observed in the wild since the mid-20th century, and no ex situ subpopulations exist. This species is therefore assessed as Extinct.",This spring-spawning species inhabited deeper parts of the lake and the annual reproductive period extended from late April to early May. Its diet comprised zooplankton.,This species' decline has been attributed to the introduction of non-native predatory fish species such as Eurasian Pikeperch (Sander lucioperca) and pollution from acid rain.,The species became extinct during the mid-20th century.,,"This species was endemic to Lake Ören in the Motala ström River drainage, southern Sweden.",This species was not used or traded.,Freshwater (=Inland waters),,Palearctic,Mid 1900s,FALSE,FALSE,Global & Europe,258435731,ANIMALIA,CHORDATA,ACTINOPTERYGII,SALMONIFORMES,SALMONIDAE,Coregonus,Coregonus trybomi,"Svärdson, 1979",,,,EX,,Island,Island,Invasive Species; Pollution,Invasive Species,,DE
137244103,61345,Chondrostoma scodrense,Extinct,,2024,2023-12-19 00:00:00 UTC,3.1,English,"European regional assessment: Extinct (EX)EU 27 regional assessment: Not RecordedThe Skadar Nase has not been observed since the late 19th century, despite numerous attempts to find it. This species is therefore assessed as Extinct (but see 'Taxonomic Notes').","Oligotrophic and oligomictic Lake Skadar is the most extensive freshwater wetland in the Balkan region, with a surface area that seasonally fluctuates between c. 370 km2 and c. 530 km2. It is situated in a tectonic karstic cryptodepression and is rather shallow, with an average depth of c. five metres and maximum depth of c. 60 metres. The lake is fed by numerous sub-lacustrine karstic springs which are distributed around its periphery, and a series of affluent rivers of which the largest is the Morača. It drains to the Adriatic Sea via the short Bojana (sq. Bunë) River, which also receives water from the Drin (sq. Drini; mk. Дрим) River system and thus connects Lake Skadar to Lake Ohrid (sq. Liqeni i Ohrit; mk. Охридско Езеро). The precise origin of the lake remains unclear to an extent, but it is understood to have comprised a much larger wetland until c. 1,200 years ago.This species may have inhabited the lake itself but probably entered fast-flowing reaches of tributary rivers to spawn.","The reasons for this species' extinction are unknown, but could plausibly be linked to overfishing and the introduction of non-native fish species. The Lake Skadar basin is currently occupied by the Ohrid Nase (Chondrostoma ohridanum), which some authors have suggested drove the extinction of the Skadar Nase through interspecific competition and/or introgressive hybridisation after entering the lake basin via the Drin River system.","Nine individuals of this species were collected in the late 19th century and it has not been observed since, despite regular surveys since the 1980s plus the existence of a commercial fishery on Lake Skadar.",,This species was endemic to Lake Skadar (sq. Liqeni i Shkodrës; cnr. Skadarsko jezero) and the affluent Morača River system in Albania and Montenegro.,"This species may have been exploited commercially, but few details are available.",Freshwater (=Inland waters),This species' taxonomic status is in need of review.,Palearctic,1900s,FALSE,FALSE,"Global, Europe & Mediterranean",61345,ANIMALIA,CHORDATA,ACTINOPTERYGII,CYPRINIFORMES,LEUCISCIDAE,Chondrostoma,Chondrostoma scodrense,"Elvira, 1987",,,,EX,Skadar Nase,Island,Island,Overharvesting; Unknown,Overharvesting,,DE
137244156,135506,Coregonus gutturosus,Extinct,,2024,2023-11-07 00:00:00 UTC,3.1,English,"Global and European regional assessment: Extinct (EX)EU 27 regional assessment: Extinct (EX)The Strumose Whitefish was endemic to Lake Constance, which is bordered by Switzerland, Germany and Austria. The species has not been observed in the wild since the 1970s and no ex situ populations exist, therefore the species is assessed as Extinct.","Lake Constance is a monomictic, perialpine, naturally oligotrophic lake formed after the last glacial period. It has a total surface area of 536 km2, divided between the large (472 km2), deep (&gt;250 metres) Upper Lake (de. Obersee) and the smaller (63 km2), shallower Lower Lake (de. Untersee).The Strumose Whitefish was a relatively small species that mostly inhabited the profundal zone at depths exceeding 100 metres. The annual reproductive period took place during summer, although some reports suggest that it extended from July to November, and spawning took place at depths of 10-60 metres. It fed primarily on zoobenthos, particularly molluscs.Four whitefish species which differ in traits related to feeding and reproductive ecology along depth gradients were native to the lake prior to extinction of the Strumose Whitefish. The other three remain extant, and comprise the pelagic-spawning Blaufelchen (Coregonus wartmanni), inshore-spawning Gangfisch (C. macrophthalmus) and demersal Sandfelchen (C. arenicolus).Two additional whitefish populations have been recognised in the Lake Constance system. One mostly inhabits the Lower Lake and is sometimes referred to as Coregonus sp. ""Weissfelchen"", while the other is restricted to the Upper Lake but migrates into the Alpine Rhine River for spawning and is therefore known as C. sp. ""Alpenrheinfelchen"". These might represent still-undescribed species, although genetic analyses indicate that C. sp. ""Alpenrheinfelchen"" is potentially conspecific with the Sandfelchen.","A rising human population in the Lake Constance catchment during the 20th century drove the development of industry and agriculture, which led to increasing pollution from domestic wastewater and runoff. The lake subsequently entered a phase of eutrophication which peaked in 1979 and led to periodic stratification and hypolimnetic anoxia. The Strumose Whitefish is understood to have become extinct during this period since it was a stenotypic resident of the profundal zone and unable to survive in the deoxygenated hypolimnion. In addition, the natural reproduction of the remaining whitefish stock was inhibited, since their eggs could no longer develop in the oxygen-depleted substrata.Upper Lake Constance has since returned to its former oligotrophic state following the successful implementation of management measures, while the Lower Lake is currently mesotrophic.","This species has probably been extinct since the 1970s, since when no individuals have been reported in commercial landings or scientific surveys.",,"This species was endemic to Lake Constance (fr. Lac de Constance; de. Bodensee) in the upper Rhine River system, which is bordered by Switzerland, Germany and Austria.",This species was harvested commercially until the 1960s.,Freshwater (=Inland waters),Taxonomic resolution of this group of species is required.,Palearctic,1970s,FALSE,FALSE,Global & Europe,135506,ANIMALIA,CHORDATA,ACTINOPTERYGII,SALMONIFORMES,SALMONIDAE,Coregonus,Coregonus gutturosus,"(Gmelin, 1818)",,,,EX,Strumose Whitefish,Europe,Europe,Agriculture; Pollution; Urbanization,Agriculture,,FR
137244581,135513,Coregonus renke,Extinct,,2024,2023-07-04 00:00:00 UTC,3.1,English,"The Starnberg Whitefish was endemic to Lake Starnberg, southern Germany. The species has not been observed in the wild since the late 1800s. No ex situ subpopulations exist and this species is assessed as Extinct.","This species was pelagic and occupied the upper part of the water column at relatively shallow depths.It usually spawned over gravel or rock substrata, sometimes along shorelines.Evidence suggests that a second, small-bodied whitefish taxon may have occurred sympatrically with this species in Lake Starnberg but is also now extinct.","This species' extinction is believed to have been driven by pollution which drove eutrophication of Lake Starnberg, plus hybridisation with stocked non-native whitefish species.It is believed to have been introduced elsewhere where it also hybridised extensively with other whitefish species.",This species' extinction is understood to have taken place during the late 19th century.,,"This species was endemic to Lake Starnberg (de. Starnberger See) in the upper Danube River system, southern Germany.It was previously believed to inhabit lakes Ammer (de. Ammersee), Kochel (de. Kochelsee), Tegern (de. Tegernsee) and Schlier (de. Schliersee) in Germany, and lakes Traun (de. Traunsee), Hallstatt (de. Hallstätter See) and Wolfgang (de. Wolfgangsee) in Austria. However, molecular analyses indicate that the Lake Starnberg subpopulation is genetically distinct.",This species was fished commercially and it is believed to have been stocked into other lakes.,Freshwater (=Inland waters),,Palearctic,Late 1800s,FALSE,FALSE,Global & Europe,135513,ANIMALIA,CHORDATA,ACTINOPTERYGII,SALMONIFORMES,SALMONIDAE,Coregonus,Coregonus renke,"(Schrank, 1783)",,,,EX,Starnberg Whitefish,Europe,Europe,Invasive Species; Pollution,Invasive Species,,CH
137245243,135529,Coregonus hoferi,Extinct,,2024,2023-06-07 00:00:00 UTC,3.1,English,"The Chiem Whitefish was endemic to Lake Chiem in southern Germany, but was extirpated from its only known location during the mid-to-late 20th century. No ex situ populations exist, therefore this species is assessed as Extinct.","Chiem is a perialpine, currently mesotrophic lake formed after the last glacial period.The Chiem Whitefish had a maximum lifespan of c. six years and preyed on zooplankton and small invertebrates.Its annual reproductive period extended from mid-November to early January, when spawning took place in shallow water (depth c. 1-5 metres) over coarse stony substrata.","This species' extinction is believed to have been driven by increasing eutrophication due to human activities in the vicinity of Lake Chiem plus competition and/or hybridisation with non-native whitefishes, which have been intensively stocked since the late 19th century.","No individuals of this species were recorded during a series of intensive surveys carried out since the turn of the century.Its extinction may have occurred during the 1940s, although local fishers report its presence until the late 1980s.",,"This species was endemic to Lake Chiem (de. Chiemsee) in the upper Danube River system, Bavaria, southern Germany.",This species was formerly exploited on a commercial basis.,Freshwater (=Inland waters),,Palearctic,1940s-1980s,FALSE,FALSE,Global & Europe,135529,ANIMALIA,CHORDATA,ACTINOPTERYGII,SALMONIFORMES,SALMONIDAE,Coregonus,Coregonus hoferi,"Berg, 1933",,,,EX,Chiem Whitefish,Europe,Europe,Pollution,Pollution,,CH
137245925,135556,Coregonus bezola,Extinct,,2024,2023-11-01 00:00:00 UTC,3.1,English,"The Savoy Whitefish was endemic to Lake Bourget in southeastern France, but has not been observed since the 1960s. No ex situ populations exist, and this species is assessed as Extinct.","This species is believed to have inhabited the profundal zone in Lake Bourget, which is a perialpine, monomictic, naturally oligotrophic lake formed after the last glacial period.The annual reproductive period is understood to have extended from January to February, when spawning took place at depths of 70-80 metres.",This species' extinction is believed to have been primarily driven by eutrophication of Lake Bourget due to anthropogenic pollution during the 20th century. This process drove deoxygenation of the profundal zone and a total loss of suitable habitat.,"This species' extinction is believed to have occurred during the 1960s, although the last documented individual was collected in the late 19th century.",,"This species was endemic to Lake Bourget (fr. Lac du Bourget) in the upper Rhône River system, southeastern France.","This species was formerly harvested on a commercial basis, but few details are available.",Freshwater (=Inland waters),,Palearctic,1960s,FALSE,FALSE,Global & Europe,135556,ANIMALIA,CHORDATA,ACTINOPTERYGII,SALMONIFORMES,SALMONIDAE,Coregonus,Coregonus bezola,"Fatio, 1888",,,,EX,Savoy Whitefish,Europe,Europe,Pollution,Pollution,,CH
137246704,135570,Coregonus restrictus,Extinct,,2024,2023-11-15 00:00:00 UTC,3.1,English,"Global and European regional assessment: Extinct (EX)EU 27 regional assessment: Not RecordedThe Morat Whitefish was endemic to Lake Morat, Switzerland. The species has not been observed in the wild since the late 19th century and no ex situ populations exist. Therefore this species is assessed as Extinct.","Lake Morat is a naturally mesotrophic perialpine lake formed after the last glacial period. It has a maximum depth of 45 metres.This species inhabited the profundal zone of the lake. The annual reproductive period took place in January, when spawning occurred at depths of 35-40 metres.The whitefish subpopulation currently inhabiting Lake Morat is derived from artificial translocations of non-native taxa.","The development of anoxic conditions in the hypolimnion driven by the eutrophication of Lake Morat during the early-to-mid 20th century is understood to have driven this species to extinction. The natural reproduction of the native whitefish stock was reportedly inhibited during this period since their eggs could no longer develop in the oxygen-depleted substrata, and there is likely to have been a concurrent decline in the availability of zoobenthic food resources.","This species was last observed with certainty in 1890, and no individuals have been reported during surveys carried out since the mid-20th century.",,"This species was endemic to Lake Morat (fr. Lac de Morat; de. Murtensee) in the upper Rhine River system, Switzerland.",This species is not believed to have been used or traded.,Freshwater (=Inland waters),,Palearctic,1890,FALSE,FALSE,Global & Europe,135570,ANIMALIA,CHORDATA,ACTINOPTERYGII,SALMONIFORMES,SALMONIDAE,Coregonus,Coregonus restrictus,"Fatio, 1885",,,,EX,Morat Whitefish,Island,Island,Pollution; Urbanization,Pollution,,CH
137247843,232858400,Coregonus zugensis,Extinct,,2024,2023-11-03 00:00:00 UTC,3.1,English,"Global and European regional assessment: Extinct (EX)EU 27 regional assessment: Not RecordedThe Zug Whitefish has not been observed in the wild since the early 20th century, and no ex situ subpopulations exist. This species is therefore assessed as Extinct.","Lake Zug is a meromictic, perialpine, naturally oligotrophic lake formed after the last glacial period. It has a maximum depth of 197 metres, and is subdivided by a peninsula into a deep southern basin with steep slopes and a shallower northern basin.Three whitefish species which differed in traits related to feeding and reproductive ecology along depth gradients were formerly endemic to the lake, two of which are now extinct.The Zug Whitefish is understood to have occupied pelagic habitats in the profundal zone, where it fed predominantly on zooplankton.The annual reproductive period probably extended from mid-October to late December, and spawning took place in the deeper parts of the lake.","Discharge of urban waste water and agricultural runoff into its tributary rivers caused Lake Zug to become increasingly eutrophic from the early 19th century onwards, and by the early 1980s it was among the most polluted lakes in Switzerland.These conditions are believed to have driven the extinction of the Zug Whitefish and Obliterated Whitefish (Coregonus obliterus) due to depletion of oxygen in the water column below c. 100 metres depth, leading to their profundal spawning sites becoming inaccessible.The Enduring Whitefish (Coregonus supersum) is the only endemic congener that remains extant in the lake, and is likely to have survived because it is able to complete its life cycle in comparatively shallow water.A secondary outcome of such changes in the available range of spawning depths is the potential for overlap and increased gene flow between different whitefish species that were formerly segregated along depth gradients. This raises the possibility of speciation reversal and extinction events due to hybridisation and introgression, which have been observed in some other Swiss lakes but not yet studied in Lake Zug.","Fisheries records suggest that this species was declining by the 1870s, and became extinct prior to 1950.",,"This species was endemic to Lake Zug (fr. Lac de Zug; de. Zugersee) in the upper Rhine River system, Switzerland.",This species was formerly harvested on a commercial basis.,Freshwater (=Inland waters),,Palearctic,Early 20th century,FALSE,FALSE,Global & Europe,232858400,ANIMALIA,CHORDATA,ACTINOPTERYGII,SALMONIFORMES,SALMONIDAE,Coregonus,Coregonus zugensis,"Nüsslin, 1882",,,,EX,Zug Whitefish,Island,Island,Agriculture; Pollution; Urbanization,Agriculture,,RO
137248113,135627,Coregonus fera,Extinct,,2024,2023-06-07 00:00:00 UTC,3.1,English,"Global and European regional assessment: Extinct (EX)EU 27 regional assessment: Extinct (EX)The Strumose Whitefish was endemic to the transboundary Lake Geneva (fr. Lac Léman) in France and Switzerland. The species has not been observed in the wild since around the 1920s and no ex situ populations exist, therefore the species is assessed as Extinct.","This was apparently a pelagic species feeding on insects, which moved to deeper water in winter. Spawning took place over aquatic vegetation in February.",Eutrophication and overfishing during the 19th century probably drove this species to extinction.,This species was last observed in 1920.,,"This species was endemic to transboundary Lake Geneva (fr. Lac Léman) in the upper Rhône River system, France and Switzerland.","This species was formerly exploited on a commercial basis, but few details are available.",Freshwater (=Inland waters),,Palearctic,1920s,FALSE,FALSE,Global & Europe,135627,ANIMALIA,CHORDATA,ACTINOPTERYGII,SALMONIFORMES,SALMONIDAE,Coregonus,Coregonus fera,"Jurine, 1825",,,,EX,Geneva Whitefish,Europe,Europe,Overharvesting; Pollution,Overharvesting,,ES
137249060,135671,Coregonus hiemalis,Extinct,,2024,2023-06-07 00:00:00 UTC,3.1,English,"Global and European regional assessment: Extinct (EX)EU 27 regional assessment: Extinct (EX)The Geneva Winter Whitefish was endemic to the transboundary (France and Switzerland) Lake Geneva. The species has not been observed in the wild since the early 20th century and no ex situ populations exist, therefore this species is assessed as Extinct.","This species inhabited deeper parts of the lake, moving to spawn over gravel in shallower areas near shorelines in December.",Eutrophication and overfishing during the 19th and early 20th centuries probably drove this species to extinction.,This species has been extinct since the early 1900s.,,"This species was endemic to transboundary Lake Geneva (fr. Lac Léman) in the upper Rhône River system, France and Switzerland.",This species was formerly fished on a commercial basis.,Freshwater (=Inland waters),,Palearctic,Early 1900s,FALSE,FALSE,Global & Europe,135671,ANIMALIA,CHORDATA,ACTINOPTERYGII,SALMONIFORMES,SALMONIDAE,Coregonus,Coregonus hiemalis,"Jurine, 1825",,,,EX,Geneva Winter Whitefish,Europe,Europe,Overharvesting; Pollution,Overharvesting,,MA
137265564,135637,Gasterosteus crenobiontus,Extinct,,2024,2022-09-09 00:00:00 UTC,3.1,English,This species was endemic to freshwater springs draining into hypersaline Lake Techirghiol on the Black Sea coast of eastern Romania. The Techirghiol Stickleback has been Extinct since the late 1960s.,This species inhabited small freshwater springs with abundant submerged vegetation.,"Hypersaline Lake Techirghiol formerly served as a natural barrier between this species and adjacent subpopulations of the congeneric Three-spined Stickleback (Gasterosteus aculeatus).Extensive irrigation in the vicinity of the lake since the late 1960s drove a reduction in salinity due to an increased influx of freshwater. This is understood to have permitted extensive introgressive hybridisation between the two species, and the rapid extinction of the Techirghiol Stickleback.","This species is extinct, having last been observed in the wild during the 1960s.",,This species was endemic to freshwater springs draining into hypersaline Lake Techirghiol on the Black Sea coast of eastern Romania.,This species was not used or traded.,Freshwater (=Inland waters),"Taxonomic research is required, as it is possible that the Techirghiol Stickleback was conspecific with the Three-Spined Stickleback (Gasterosteus aculeatus), but no individuals of this species were included in the most recent comparative study (Denys et al. 2015).",Palearctic,1960s,FALSE,FALSE,Global & Europe,135637,ANIMALIA,CHORDATA,ACTINOPTERYGII,GASTEROSTEIFORMES,GASTEROSTEIDAE,Gasterosteus,Gasterosteus crenobiontus,"Bǎcescu &amp; Mayer, 1956",,,,EX,,Island,Island,Water Modification,Water Modification,,TN
137269246,60375,Squalius palaciosi,Extinct,,2024,2023-12-14 00:00:00 UTC,3.1,English,"The Bogardilla has not been observed in the wild since the late 1990s, despite repeated field surveys within its known range.No ex situ populations exist, therefore this species is assessed as Extinct.","This species was reportedly most abundant in flowing river and stream reaches with well-developed riparian vegetation and rocky to stony substrata, e.g., mixed bedrock, gravel and pebbles.The upper parts of the Jándula River and most of the Rumblar River are characterised by seasonal variations in discharge, and can be significantly dewatered during summer. Some individuals would probably have survived these drought periods in remnant pools which function as refugia.Little is known of its life history, but the annual reproductive period is understood to have taken place during April. It appears likely to have comprised an allopolyploid complex similar to the congeneric Calandino (Squalius alburnoides).","This species was probably extirpated through a combination of habitat loss due to the construction of dams and weirs throughout its range since the 1930s, plus the introduction of non-native aquatic species. The latter include Pumpkinseed (Lepomis gibbosus), Largemouth Bass (Micropterus salmoides), Common Carp (Cyprinus domestic strain), Common Bleak (Alburnus alburnus), Eastern Mosquitofish (Gambusia holbrooki) and Red Swamp Crayfish (Procambarus clarkii), all of which can negatively impact native species through predation, resource competition, habitat degradation or transmission of pathogens.Habitat quality in some parts of the upper Jándula River may also have been negatively affected by pollution from intensive agricultural and mining activities in the area.","This species has not been observed in the wild since 1999, despite a series of field surveys covering its known range having been carried out.",,"This species was endemic to the Jándula and Rumblar rivers, both of which are right-bank tributaries of the Guadalquivir River in southern Spain.",This species was not used or traded.,Freshwater (=Inland waters),"This species is listed (as Iberocypris palaciosi) in Annex II of the European Union Habitats Directive. It was assessed as Endangered in the Atlas and Red Book of the Freshwater Fishes of Spain (2002).The majority of its range lies within protected areas included in the European Union's Natura 2000 network (sites ES0000090, ES6160006 and ES6160008), where it continues to be listed as a target species.",Palearctic,1999,FALSE,FALSE,"Global, Europe & Mediterranean",60375,ANIMALIA,CHORDATA,ACTINOPTERYGII,CYPRINIFORMES,LEUCISCIDAE,Squalius,Squalius palaciosi,"(Doadrio, 1980)",,,,EX,Bogardilla,Europe,Europe,Invasive Species; Habitat Loss; Agriculture; Water Modification; Pollution; Urbanization; Mining,Invasive Species,,MA
137272327,60765,Labeobarbus reinii,Extinct,,2022,2021-05-17 00:00:00 UTC,3.1,English,"Labeobarbus reinii has not been reported since 2001 despite a number of attempts to find it in the Ksob River drainage, which remains the only confirmed location since the species was described in 1874. It is therefore assessed as Extinct.",This is a riverine species inhabiting larger channels.,"The Ksob River has been widely affected by pollution, and heavy rainfall can cause additional runoff from the city of Essaouira. Connectivity has been reduced since 2012, when the large Zerrar dam on the main Ksob channel came into operation. However, the precise drivers of the species' disappearance are not understood.",This species' population trend was never studied.,,"According to historical accounts this species was widely distributed in rivers flowing to the Moroccan Atlantic coastline, from the Sebou River south to the Tensift River, but the only recent confirmed record is from the Ksob River system. In 2001 it was still found in the lower Ksob, but has not been collected since despite intensive fieldwork, including other rivers within its putative range.",,Freshwater (=Inland waters),This species was never managed for conservation purposes.,Palearctic,2001,FALSE,FALSE,"Global, Northern Africa & Pan-Africa",60765,ANIMALIA,CHORDATA,ACTINOPTERYGII,CYPRINIFORMES,CYPRINIDAE,Labeobarbus,Labeobarbus reinii,"(Günther, 1874)",,,,EX,Giant Atlas Barbel,Unknown,Unknown,Water Modification; Pollution,Water Modification,Yes,MA
137272558,60731,Luciobarbus antinorii,Extinct,,2022,2021-05-17 00:00:00 UTC,3.1,English,"Luciobarbus antinorii apparently had a very small range in southern Tunisia, and although it was still present at Fatnassa en Nefaoua in 1989, it could not be found in 2010 or 2011. Local villagers confirmed that the fish formerly inhabited the site but had subsequently vanished. No captive population of this species exists, therefore it is assessed as Extinct.","No details are known, other than it was last collected from an artesian well.",Excessive water abstraction may have driven this species' extinction.,No population data exists.,,"This species was restricted to an artesian well in Chott el Djerid salt lake basin, southern Tunisia, and was last collected at Fatnassa en Nefaoua in 1989. It could not be found despite intensive fieldwork in the area during 2010 and 2011.",,Freshwater (=Inland waters),No conservation measures were ever in place.,Palearctic,1989,FALSE,FALSE,"Global, Northern Africa & Pan-Africa",60731,ANIMALIA,CHORDATA,ACTINOPTERYGII,CYPRINIFORMES,CYPRINIDAE,Luciobarbus,Luciobarbus antinorii,"(Boulenger, 1911)",,,,EX,Chott el Djerid Barbel,Unknown,Unknown,Unknown,Unknown,Yes,GB
137276808,217675561,Luciobarbus nasus,Extinct,,2022,2021-05-17 00:00:00 UTC,3.1,English,Luciobarbus nasus was known only from a single river system in western Morocco but has not been found since the late 19th century despite intensive field surveys.,This species' life history was never studied.,"The Ksob River has been widely affected by pollution, and heavy rainfall can cause additional runoff from the city of Essaouira. Connectivity and environmental flows have been degraded by construction of a dam on the main river channel in 2014. However, the precise drivers of the species' disappearance are unclear.",This species has not been reported since the 19th century.,,This species is thought to have been restricted to the Ksob River drainage in western Morocco.,,Freshwater (=Inland waters),,Palearctic,1874,FALSE,FALSE,"Global, Northern Africa & Pan-Africa",217675561,ANIMALIA,CHORDATA,ACTINOPTERYGII,CYPRINIFORMES,CYPRINIDAE,Luciobarbus,Luciobarbus nasus,"(Günther, 1874)",,,,EX,,Unknown,Unknown,Water Modification; Pollution; Urbanization; Unknown,Water Modification,Yes,CH
137327627,61190,Salmo pallaryi,Extinct,,2022,2021-05-03 00:00:00 UTC,3.1,English,"Salmo pallaryi was last recorded in the wild during the 1930s, and it is known only from two preserved specimens. Field surveys in subsequent decades have demonstrated that non-native Common Carp (Cyprinus carpio) is the only fish species currently inhabiting the lake.","The endorheic Sidi Ali basin is located at 2,080m AMSL, and the lake is fed mostly by karstic springs and runoff from rainfall. The size of the lake fluctuates depending on environmental conditions, and recurring periods of drought have seen it lose around 25% of its surface area since records began in the mid-1970s. It is predicted to dry out entirely in around 20 years' time if the current climatic conditions prevail. Common Carp (Cyprinus carpio) was introduced to the lake during the early 1930s.","The introduction of Common Carp may have driven the species' extinction, either via predation of juveniles, modification of shoreline spawning sites, competition for resources, or a combination of these factors. Increasing salinity due to drying of the lake may also have contributed (M. Ford pers. obv.).",This species has been extinct since the mid-20th century.,,"The species was probably endemic to Lake (Aguelmame) Sidi Ali in the Middle Atlas mountains of northern Morocco. During the 1940s a second subpopulation was reported from Lake Tiguelmamine, located around 35 km southwest of Lake Sidi Ali. This remains the only report from this location, and the individuals observed were described as being very small and exhibiting physical deformities. Lake Tiguelmamine is significantly smaller and shallower than Lake Sidi Ali, and it is probable that the species' presence there was the result of translocation.",,Freshwater (=Inland waters),,Palearctic,1930s,FALSE,FALSE,"Global, Northern Africa & Pan-Africa",61190,ANIMALIA,CHORDATA,ACTINOPTERYGII,SALMONIFORMES,SALMONIDAE,Salmo,Salmo pallaryi,"Pellegrin, 1924",,,,EX,Lake Sidi Ali Trout,Island,Island,Invasive Species,Invasive Species,,AT
137331529,135414,Salvelinus inframundus,Extinct,,2024,2023-10-20 00:00:00 UTC,3.1,English,"Global and European regional assessment: Extinct (EX)EU 27 regional assessment: Not RecordedThe Orkney Charr was last recorded in the wild during 1912, and no ex situ subpopulations exist. Therefore, this species is assessed as Extinct.",Heldale Water is an oligotrophic dammed lake with a current maximum depth of 15 metres.The smaller Hoglinns Water has a maximum depth of 17 metres and drains to Heldale Water via a small stream.Both lakes were formed after the last glacial period.,"Engineering works during the late 19th century may have disturbed tributary streams into which this species migrated to spawn.Heldale Water was stocked with non-native Brown Trout (Salmo trutta) during the early 20th century, which may have contributed to the Orkney Charr's extinction through predation and/or resource competition.","This species was last reported during 1912 and has presumably been extinct since around that time, with no individuals recorded during surveys carried out since the 1950s.",,"This species was described from Heldale Water on the island of Hoy in the Orkney archipelago, northeastern Scotland, with anecdotal evidence suggesting that it may also have been present in adjacent Hoglinns Water.The small size of these lakes precludes their accurate depiction on the range map accompanying this assessment.A putatively conspecific subpopulation inhabits Loch Mealt on the Isle of Skye in the Hebrides archipelago, western Scotland. However, its identity has never been explicitly confirmed and it is not considered for the purposes of this assessment.Farmed charr which may have originated from mainland Scotland were apparently introduced to Heldale Water in 2002, but it is unclear if a non-native subpopulation subsequently became established.",This species was not used or traded.,Freshwater (=Inland waters),"This species is not currently recognised by the relevant authorities in Scotland or the United Kingdom, where it is treated as a subpopulation of the Arctic Charr (Salvelinus alpinus). The taxonomy of Eurasian charrs is in need of review (see 'Taxonomic Notes'), and it has been widely recommended that their conservation management must be considered independent of their systematic classification. Each subpopulation should therefore be assessed individually, taking into account its evolutionary and genetic significance coupled with the ongoing population trend and threats to result in a priority ranking permitting the effective allocation of conservation resources through the development of site-specific, catchment-scale management plans. Sympatric morphological forms should also be managed separately, depending on their respective habitat preferences, diets and life histories. The abundance trends of many subpopulations remain unknown, and their individual assessments should ideally form the basis of future research efforts in order to ensure appropriate prioritisation. In practice, such efforts should ideally be coordinated at local, national or regional scales.",Palearctic,1950s,FALSE,FALSE,Global & Europe,135414,ANIMALIA,CHORDATA,ACTINOPTERYGII,SALMONIFORMES,SALMONIDAE,Salvelinus,Salvelinus inframundus,"Regan, 1909",,,,EX,Orkney Charr,Europe,Europe,Invasive Species,Invasive Species,,BG
137332201,135421,Salvelinus neocomensis,Extinct,,2024,2023-10-24 00:00:00 UTC,3.1,English,"Global and European regional assessment: Extinct (EX)EU 27 regional assessment: Not RecordedThe Neuchâtel Charr was extirpated from its only known location during the early 20th century. No ex situ populations exist, and this species is assessed as Extinct.","Lake Neuchâtel is a monomictic, perialpine, naturally oligotrophic lake formed after the last glacial period. It has a maximum depth of 152 metres, and is connected to adjacent Lake Morat (fr. Lac de Morat; de. Murtensee) and Lake Biel (fr. Lac de Bienne; de. Bielersee) via separate canalised river channels.This species inhabited the profundal zone at depths greater than 80 metres.It is understood to have spawned on muddy sediments, and fed on zoobenthos and fish eggs.","A rising human population in the Lake Neuchâtel catchment after 1900 drove the development of industry and agriculture, which led to increasing pollution from domestic wastewater and runoff. The lake subsequently entered a phase of eutrophication, which peaked in the 1970s and led to periodic stratification and anoxia in the hypolimnion. These events are likely to have driven recruitment failure and extinction of this species by significantly reducing the extent of habitat and the abundance of zoobenthos which comprised the main component of its diet.",This species was last observed in the wild during the early 1900s.,,"This species was endemic to Lake Neuchâtel (fr. Lac de Neuchâtel; de. Neuenburgersee) in the upper Rhine River system, Switzerland.",This species is not known to have been used or traded.,Freshwater (=Inland waters),,Palearctic,1904,FALSE,FALSE,Global & Europe,135421,ANIMALIA,CHORDATA,ACTINOPTERYGII,SALMONIFORMES,SALMONIDAE,Salvelinus,Salvelinus neocomensis,"Freyhof &amp; Kottelat, 2005",,,,EX,Neuchâtel Charr,Island,Island,Agriculture; Pollution; Urbanization,Agriculture,,CA
137334363,135552,Salmo schiefermuelleri,Extinct,,2024,2024-03-19 00:00:00 UTC,3.1,English,"This species has apparently not been reported since the 19th century, and it is assessed as Extinct.","This species inhabited deep water and spawned along shores, presumably in May.It was piscivorous.",This species' extinction may have been caused by anthropogenic eutrophication.,This species is extinct.,,"This species was endemic to a series of subalpine lakes in the Danube drainage, Austria (Attersee, Traunsee, Fuschlersee).",This species was harvested when it approached shorelines to spawn.,Freshwater (=Inland waters),,Palearctic,19th Century,FALSE,FALSE,Global & Europe,135552,ANIMALIA,CHORDATA,ACTINOPTERYGII,SALMONIFORMES,SALMONIDAE,Salmo,Salmo schiefermuelleri,"Bloch, 1784",,,,EX,May Trout,Island,Island,Pollution,Pollution,,US
146106277,131028636,Alburnus danubicus,Extinct,,2024,2023-05-04 00:00:00 UTC,3.1,English,European regional assessment: Extinct (EX)EU 27 regional assessment: Extinct (EX)The Danube Shemaya is globally extinct.,This species was known from the main channel of the Danube as well as from some coastal lakes.,The reasons for the extinction of this species are unknown.,This species is globally extinct.,,"This species was endemic to the lower Danube River in Bulgaria, Romania and probably Ukraine. However, there are only a few records of this species and its former range is not well-known.",It is not known if this species was utilised.,Freshwater (=Inland waters),,Palearctic,1943,FALSE,FALSE,Global & Europe,131028636,ANIMALIA,CHORDATA,ACTINOPTERYGII,CYPRINIFORMES,LEUCISCIDAE,Alburnus,Alburnus danubicus,"Antipa, 1909",,,,EX,Danube Shemaya,Island,Island,Unknown,Unknown,Yes,BR
152593137,22690733,Ectopistes migratorius,Extinct,,2019,2019-06-11 00:00:00 UTC,3.1,English,"This species was formerly distributed across North America, but is now Extinct as a result of habitat clearance and hunting. The last reliable wild record dates from 1900, and a search beginning in 1910 failed to find it.","It was a nomadic species, breeding and foraging in vast flocks millions of birds strong. It exploited seasonally available crops of beechmast, acorns and chestnuts; scouting for food sources and infomation sharing was likely to have required flocks of a certain critical size, below which survival would be compromised. Birds nested in April or May in vast colonies typically 16 by 5 km in size.","The precise cause of its extinction is difficult to determine, but the widespread clearance of the hardwood trees which provided its mast food, and the proliferation of the rail network and telegraph system which enabled efficient location of nesting colonies and the transport of young birds to market are probably the two single most important factors. Other important factors were excessive shooting, Newcastle disease, and towards the last of their years, the breakdown of social facilitation (Halliday 1980, Blockstein and Tordoff 1985, Bucher 1992).",None remain.,,"Ectopistes migratorius was found in forest in eastern and central Canada and the USA, occasionally wandering south to Mexico and Cuba. Over the 19th century, the species crashed from being one of the most abundant birds in the world to extinction (Schorger 1955). The last wild bird was shot in 1900, and surveys in 1910-1911 failed to record any (Blockstein and Tordoff 1985). The last captive bird died in 1914 in the Cincinnati Zoo (Wilcove 1989).",,Terrestrial,,Nearctic,1914,FALSE,FALSE,Global,22690733,ANIMALIA,CHORDATA,AVES,COLUMBIFORMES,COLUMBIDAE,Ectopistes,Ectopistes migratorius,"(Linnaeus, 1766)",,,,EX,Passenger Pigeon,North America,United States,Habitat Loss; Overharvesting; Disease,Habitat Loss,,BR
153774712,22720863,Melamprosops phaeosoma,Extinct,,2019,2019-08-05 00:00:00 UTC,3.1,English,"Endemic to the island of Maui, Hawaii, this species was first discovered in 1973. However, it declined rapidly between 1975 and 1985, predominantly due to invasive species and disease. By mid-1997 only three individuals remained. One was captured in 2004, but it died later that year. The other two individuals have not been reported since 2003 and 2004, with no others reported despite intensive surveys. A set of papers published in 2017 (Akcakaya et al. 2017, Keith et al. 2017, Thompson et al. 2017) laid out methods for quantitatively estimating a species’s probability of extinction based on parameters associated with threats, in addition to records and surveys. Based on the application of these methods (Butchart et al. 2018), this species is regarded as extinct.","It was found in remote `ohi`a forest (T. Pratt in litt. 1999) at 1,400-2,100 m, but this may be suboptimal habitat as subfossil evidence indicates that it occurred in much drier habitat at 300-1,500 m (Mountainspring et al. 1990, Reilly 1998, P. Baker in litt. 1999). It fed primarily on snails, insects and spiders, and occasionally fruit (Pratt et al. 1997, M. Collins in litt. 1999). The two known nests were found in `ohi`a trees (Pratt et al. 1997).","Habitat destruction and modification, and the rapid spread of disease-carrying mosquitoes in the lowlands are thought to be responsible for past declines (Mountainspring et al. 1990, T. Pratt in litt. 1999). The precise causes of the recent population decline are unknown (Rosa et al. 1998), although a correlation with a concurrent 473% increase in pig activity within the Hanawi NAR has been hypothesised, as indexed by ground-cover disturbance (Mountainspring et al. 1990). Predation by introduced rats, cats and small Indian mongooses Herpestes auropunctatus is also possible. Rats and the introduced garlic snail (Oxychilus alliarius) have been blamed for the decline of native land snails, an important food source for the Poo-uli (Groombridge et al. 2004).",One of the last three known individuals died in captivity in 2004. The other two have not been seen since 2003 and 2004 respectively. No new individuals have been found since 1998 (K. Swinnerton in litt. 2006).,,"Melamprosops phaeosoma was endemic to Maui in the Hawaiian Islands (USA), where it was discovered in 1973 in the Ko`olau Forest Reserve on the north-eastern flanks of Haleakala (Pratt et al. 1997, Rosa et al. 1998), and estimated to number fewer than 200 birds. During 1975-1985, there was a rapid decline in density in the upper Hanawi watershed (Mountainspring et al. 1990), the last area from which it was known. In 1995, only five to seven birds were known but, by mid-1997, only three individuals could be found (two male, one possibly female), each with distinct home ranges in Hanawi Natural Area Reserve (NAR) and the immediately adjacent Haleakala National Park (Baker 2001). One of three known individuals (male) was captured in September 2004 but died on 28 November 2004 (K. Swinnerton in litt. 2006, VanderWerf et al. 2006). The two other individuals may both have been male, but neither have been seen since 2003 and 2004 (K. Swinnerton in litt. 2006) and are likely to have now died (K. Swinnerton in litt. 2006). No other individuals have been located since 1998 despite almost constant presence of researchers in the field in recent years (K. Swinnerton in litt. 2006).",,Terrestrial,"Conservation Actions UnderwayIn 1986, the 30 km2 Hanawi NAR was created to protect this species and, during 1990-1997, all feral pigs were systematically eradicated from three fenced areas (Anderson and Stone 1993, Pratt et al. 1997, Reilly 1998, Rosa et al. 1998). In 2006, the East Maui Watershed Partnership (EMWP) completed a c.5000 ha fenced unit adjacent to and east of Hanawi NAR incorporating the Ko'olau Forest Preserve, Haiku Uka and Waikamoi Forest Preserve, between about 1,000 m and 2,400 m elevation. Feral ungulate control was completed by 2012, although continued maintenance and ungulate surveys continue regularly.Two wild birds were briefly united when one was caught and moved into the home range of another. However, after just one day the translocated bird had returned to its own territory (Groombridge et al. 2004). One of three known individuals was captured in September 2004, but died in captivity on 28 November 2004 (K. Swinnerton in litt. 2006). The 2006 East Maui Forest Bird Survey covered 216 stations on eight transects within Poo-uli habitat, and failed to locate any birds.An environmental assessment has been produced and a management plan was proposed (USFWS and Hawai`i DLNR 1999, Groombridge et al. 2004). Conservation Actions ProposedThe Hanawi Natural Area Reserve provides crucial habitat for other rare Hawaiian birds, but, given that it is considered extinct, no conservation actions specific to this species are proposed. ",Oceanian,2004,FALSE,FALSE,Global,22720863,ANIMALIA,CHORDATA,AVES,PASSERIFORMES,FRINGILLIDAE,Melamprosops,Melamprosops phaeosoma,"Casey & Jacobi, 1974",,,,EX,Poo-uli,Pacific Islands,Hawaii,Invasive Species; Habitat Loss; Disease; Unknown,Invasive Species,,LK
155880473,103671170,Cichlocolaptes mazarbarnetti,Extinct,,2019,2019-08-02 00:00:00 UTC,3.1,English,"Although this species inhabited a region where there is now a high level of observer awareness and searches in suitable habitat have been carried out by professional ornithologists, there have been no records since 2007. Extensive habitat loss has occurred in the region, and the remaining fragments are small and isolated (Butchart et al. 2018). Following the application of new methods for estimating the probability of a species remaining extant, the species is now considered to be Extinct. The species's decline was largely a result of logging and conversion of forest to sugarcane plantations and pastureland.","This species was found in the midstorey and subcanopy of dense, humid forests with an open understorey in hilly terrain (Mazar-Barnett and Buzzetti 2014, del Hoyo et al. 2019). It specialised in foraging in arboreal bromeliads (Pereira et al. 2014).","Extensive habitat loss has occurred in the region, and the remaining fragments are small and isolated (Butchart et al. 2018). Forest at Murici has been reduced from 70 km2 in the 1970s to 30 km2 of highly disturbed and fragmented habitat in 1999 (J. M. Goerck in litt. 1999, 2000), largely as a result of logging and conversion to sugarcane plantations and pastureland. The site continues to be threatened by fires spreading from adjacent plantations, hunting, timber extraction and agriculture (J. M. Goerck in litt. 1999, 2000, A. Whittaker in litt. 1999, SAVE Brasil 2016). The bromeliads this species depended on have declined as a result of increased openness of fragmented forest remnants and the high temperatures caused by frequent burning of sugar cane waste materials (del Hoyo et al. 2019). The Frei Caneca private reserve and BirdLife/SAVE Brasil area are also still suffering from illegal charcoal exploitation (P. Develey in litt. 2007).",The species is now considered to be Extinct (Butchart et al. 2018).,,"The Cryptic Treehunter was described in 2014, based on a specimen collected in 1986 (Mazar Barnett and Buzzetti 2014). The species has been found at only two sites in north east Brazil: Murici in Alagoas and Pedra d’Anta (Jaquiera) Reserve near Frei Caneca in Pernambuco (Pereira et al. 2014). Although the species inhabits a region where there is now a high level of observer awareness, searches in suitable habitat by professional ornithologists and a good number of park employees have produced no records since 2007 (Butchart et al. 2018). It has not been recorded since April 2007 in Murici and February 2005 in Pedra d’Anta (Pereira et al. 2014). Extensive habitat loss has occurred in the region, and the remaining fragments are small and isolated (Butchart et al. 2018). Following the application of new methods for estimating the probability of a species remaining extant (Akcakaya et al. 2017, Keith et al. 2017, Thompson et al. 2017) the probability of the species being extant was estimated at 0.018 based on records and surveys, and 0.083 based on threats (Butchart et al. 2018). Based on the probability thresholds recommended by Butchart et al. (2018), the species is now considered to be Extinct.",,Terrestrial,The species is now considered to be Extinct (Butchart et al. 2018).,Neotropical,2007,FALSE,FALSE,Global,103671170,ANIMALIA,CHORDATA,AVES,PASSERIFORMES,FURNARIIDAE,Cichlocolaptes,Cichlocolaptes mazarbarnetti,"Mazar Barnett &amp; Buzzetti, 2014",,,,EX,Cryptic Treehunter,South America,Brazil,Habitat Loss; Overharvesting; Agriculture,Habitat Loss,,LK
156126928,22702869,Philydor novaesi,Extinct,,2019,2019-08-06 00:00:00 UTC,3.1,English,"Although this species inhabited a region where there is a high level of observer awareness and searches in suitable habitat have been carried out by professional ornithologists, there have been no records since 2011. Extensive habitat loss has occurred in the region, and the remaining fragments are small and isolated (Butchart et al. 2018). Following the application of new methods for estimating the probability of a species remaining extant, the species is now considered to be Extinct. The species's decline was largely a result of logging, felling for charcoal and conversion of forest to sugarcane plantations and pastureland.","It inhabited the edges of clearings in interior upland forest at 400-550 m, from the understorey to the subcanopy, and has been observed in selectively logged and old secondary forests. Birds have been found singly, in pairs or small groups, and often joined mixed-species flocks. Food was gleaned from leaves, bark, crevices and debris, and consisted of insects, including larvae taken from dead wood, beetles, grasshoppers and ants. Observations suggest the species preferentially foraged on bromeliads (Lees et al. 2014). There is little breeding information, but an immature was collected in January, and birds in February were moulting (Ridgely and Tudor 1994). One of the individuals at the Jaqueira (Frei Caneca) Reserve in 2007/2008 was observed in secondary forest (P. Develey in litt. 2007, 2008, 2009).","Forest at Murici was reduced from 70 km2 in the 1970s, to c. 30 km2 of highly disturbed and fragmented habitat by 1999 (J. Goerck in litt. 1999, 2000), largely as a result of logging and conversion to sugarcane plantations and pastureland. Such forest fragments are severely threatened by fires spreading from adjacent plantations (A. Whittaker in litt. 1999, J. Goerck in litt. 1999, 2000). The Frei Caneca private reserve and adjacent SAVE Brasil protected area are still suffering from ongoing illegal charcoal exploitation (P. Develey in litt. 2007, 2008, 2009). The massive clearance of Atlantic forest in Alagoas and Pernambuco left few other sites of suitable forest remaining. The species is thought to have preferentially foraged on bromeliads which also suffered as a result of forest loss (Lees et al. 2014).","Despite extensive searches, the species has not had a confirmed sighting since 2011 and is now considered to be Extinct (Butchart et al. 2018).",,"Philydor novaesi has only ever been recorded at two sites in Alagoas and Pernambuco, north-east Brazil. It was first discovered at Murici (Alagoas) in 1979, when it was described as relatively conspicuous and easy to locate (Teixeira and Gonzaga 1983). Subsequent surveys found the species to be rare, and there were no confirmed records between 1992 and 1998. Single individuals were found in 1998 and 1999 (A. Whittaker in litt. 1999), and four birds in 2000 (J. Goerck in litt. 1999, 2000). It was discovered at Frei Caneca Private Reserve (Pernambuco) in April 2003 (Mazar Barnett et al. 2003, 2005), and at the adjacent Jaqueira (Frei Caneca) Reserve, where two individuals were observed in 2007/2008 (P. Develey in litt. 2007, 2008, 2009). Television footage of one individual was recorded in 2009 (P. Develey in litt. 2007, 2008, 2009), and the species could still be located at Frei Caneca in late 2010 and early 2011 (WikiAves n.d.). Despite extensive searches in both Frei Caneca and Murici, the species has not had a confirmed sighting since 2011 (Pereira et al. 2014). Following the application of new methods for estimating the probability of a species remaining extant (Akcakaya et al. 2017, Keith et al. 2017, Thompson et al. 2017), the probability of the species being extant was estimated at 0.074 based on records and surveys, and 0.059 based on threats (Butchart et al. 2018). Based on the probability thresholds recommended by Butchart et al. (2018), the species is now considered to be Extinct.",,Terrestrial,"The species is now considered to be extinct, both at a national level and at a global level (MMA 2014, Butchart et al. 2018).",Neotropical,2011,FALSE,FALSE,Global,22702869,ANIMALIA,CHORDATA,AVES,PASSERIFORMES,FURNARIIDAE,Philydor,Philydor novaesi,"Teixeira & Gonzaga, 1983",,,,EX,Alagoas Foliage-gleaner,South America,Brazil,Habitat Loss,Habitat Loss,,LK
156580255,58390,Nannophrys guentheri,Extinct,,2020,2020-02-20 00:00:00 UTC,3.1,English,Listed as Extinct because it has not been recorded for over 100 years and extensive searches have failed to locate this species.,"There is no information on the habitat requirements of this species. It presumably bred on wet rock surfaces near streams by larval development, like other members of the genus.",The reasons for the extinction of this species are not known.,"This species is known only from the type series collected more than 100 years ago. It has not been recorded since it was originally described. As of 2020, recent and historical extensive field surveys of the amphibian fauna of Sri Lanka have been unable to relocate this frog, and it is now believed to be extinct.",,"This species is an extinct Sri Lankan endemic, known only from the general type locality of ""Ceylon"" (= Sri Lanka), where it was collected in 1882. It is not possible to produce a meaningful distribution map for the species.","This species is considered to be extinct. Thus, there is no trade in nor any uses of this species.",Terrestrial|Freshwater (=Inland waters),"Conservation Actions In-PlaceThis species has not been recorded from any protected areas. The single record that possibly could have been this frog in a protected area was by Karunarathna (1986), however Bopage et al. (2011) consider this record a misidentification.",Indomalayan,1882,FALSE,FALSE,Global,58390,ANIMALIA,CHORDATA,AMPHIBIA,ANURA,DICROGLOSSIDAE,Nannophrys,Nannophrys guentheri,"Boulenger, 1882",,,,EX,Gunther's Streamlined Frog,Asia,Sri Lanka,Unknown,Unknown,Yes,LK
156580927,58811,Pseudophilautus adspersus,Extinct,,2020,2020-02-18 00:00:00 UTC,3.1,English,"Listed as Extinct because it has not been recorded since 1886. Extensive searches in the appropriate habitat, during the appropriate season within the known range, have failed to locate this species.",The habitat requirements of this species are not known. It presumably bred by direct development.,"The threats that led to the extinction of this species are not known, though habitat loss through conversion of land to agricultural use seems the most likely cause.","This species is known only from two specimens and was last collected around 1886. It is now thought to be extinct, as extensive field surveys of the amphibian fauna of Sri Lanka in recent years have failed to rediscover this frog (Sri Lanka Red List Assessment Workshop February 2020).",,"This species is an extinct Sri Lankan endemic, known only from the non-specific type locality of ""Ceylon"" (not ""Peradeniya"" as sometimes stated) and from Nuwara Eliya, a resort mountain town. It occupied an elevational range of 1,700-2,500 m asl (Manamendra-Arachchi and Pethiyagoda 2005). Only the site of Nuwara Eliya has been mapped. Reports of this species occurring in India (Krishnamurthy and Sakunthala 1993) are believed to be erroneous (S.K. Dutta pers. comm. 2002).","This species is considered to be extinct. Thus, there is no trade in nor any uses of this species.",Terrestrial,Conservation Actions In-Place This species is not known to have occurred in any protected areas.Research NeededThere is currently no DNA data available for this species. Further DNA analysis should be prioritized in order to confirm its taxonomic status.,Indomalayan,1886,FALSE,FALSE,Global,58811,ANIMALIA,CHORDATA,AMPHIBIA,ANURA,RHACOPHORIDAE,Pseudophilautus,Pseudophilautus adspersus,"(Günther, 1872)",,,,EX,Sri Lanka Bubble-nest Frog,Asia,Sri Lanka,Habitat Loss; Agriculture; Unknown,Habitat Loss,,LK
156581915,58835,Pseudophilautus dimbullae,Extinct,,2020,2020-02-18 00:00:00 UTC,3.1,English,"Listed as Extinct because it has not been recorded since 1940, and extensive searches in the appropriate habitat, during the appropriate season within the known range, have failed to locate this species.",The habitat requirements of this species are not known. It presumably bred by direct development.,"The threats that resulted in the extinction of this species are not known, although presumably habitat loss was a contributing factor.","This species is known only from the holotype. There have been no records since its original collection and the species is now believed to be extinct because extensive field surveys of the amphibian fauna of Sri Lanka, including at the type locality, have not rediscovered this frog (Sri Lanka Red List Assessment Workshop February 2020).",,"This species is an extinct Sri Lankan endemic, known only from the type locality of ""Queenwood Estate, Dimbulla, Ceylon"", at 1,500 m asl, where it was collected in 1933 (Manamendra-Arachchi and Pethiyagoda 2005).","This species is considered to be extinct. Thus, there is no use or trade in this species.",Terrestrial,Conservation Actions In-PlaceThis species has not been recorded from any protected areas.Research NeededThere is currently no DNA data available for this species. Further DNA analysis should be prioritized in order to confirm its taxonomic status.,Indomalayan,1940,FALSE,FALSE,Global,58835,ANIMALIA,CHORDATA,AMPHIBIA,ANURA,RHACOPHORIDAE,Pseudophilautus,Pseudophilautus dimbullae,"(Shreve, 1940)",,,,EX,,Asia,Sri Lanka,Habitat Loss; Unknown,Habitat Loss,,LK
156581975,58839,Pseudophilautus eximius,Extinct,,2020,2020-02-19 00:00:00 UTC,3.1,English,"Listed as Extinct because it has not been recorded since 1933, and extensive searches in the appropriate habitat, during the appropriate season within the known range, have failed to locate this species.",The habitat requirements of this species are not known. It presumably bred by direct development.,"The threats that resulted in the extinction of the species are not known, although presumably habitat loss was a contributing factor.","This species is known only from the holotype. There have been no sightings since 1933 and the species is believed to now be extinct, as extensive field surveys of the amphibian fauna of Sri Lanka, including at the type locality, have not rediscovered this frog (Sri Lanka Red List Assessment Workshop February 2020).",,"This species is an extinct Sri Lankan endemic, known only from the type locality of ""Queenwood Estate, Dimbulla, Ceylon"", at 1,500 m asl, where it was collected in 1933 (Manamendra-Arachchi and Pethiyagoda 2005).","This species is considered to be extinct. Thus, there is no use or trade in this species.",Terrestrial,Conservation Actions In-PlaceThis species has not been recorded from any protected areas.Research Needed There is currently no DNA data available for this species. Further DNA analysis should be prioritized in order to confirm its taxonomic status.,Indomalayan,1933,FALSE,FALSE,Global,58839,ANIMALIA,CHORDATA,AMPHIBIA,ANURA,RHACOPHORIDAE,Pseudophilautus,Pseudophilautus eximius,"(Shreve, 1940)",,,,EX,,Asia,Sri Lanka,Habitat Loss; Unknown,Habitat Loss,,LK
156582033,58840,Pseudophilautus extirpo,Extinct,,2020,2020-02-20 00:00:00 UTC,3.1,English,"Listed as Extinct because it has not been recorded since 1882, despite extensive searches, which have failed to locate this species.",There is no information about the habitat requirements of this species. It presumably bred by direct development.,"The threats that led to the extinction of this species are not known, though habitat loss seems the most likely cause.","There have been no records of this species since 1882. It is presumed to be extinct, as extensive searches have failed to rediscover this species.",,"This species is an extinct Sri Lankan endemic, originally collected in 1882 from an unspecified locality on Sri Lanka (Manamendra-Arachchi and Pethiyagoda 2005). As a result, it is not possible to produce a meaningful distribution map for this species.","This species is considered to be extinct. Thus, there is no use or trade in this species.",Terrestrial,Conservation Actions In-PlaceThis species has not been recorded from any protected areas.Research NeededThere is currently no DNA data available for this species. Further DNA analysis should be prioritized in order to confirm its taxonomic status.,Indomalayan,1882,FALSE,FALSE,Global,58840,ANIMALIA,CHORDATA,AMPHIBIA,ANURA,RHACOPHORIDAE,Pseudophilautus,Pseudophilautus extirpo,"(Manamendra-Arachchi &amp; Pethiyagoda, 2005)",,,,EX,,Asia,Sri Lanka,Habitat Loss; Unknown,Habitat Loss,,LK
156582452,58852,Pseudophilautus halyi,Extinct,,2020,2020-02-17 00:00:00 UTC,3.1,English,"Listed as Extinct because it has not been recorded since 1899, and extensive searches in the appropriate habitat, during the appropriate season within the known range, have failed to locate this species.",The habitat requirements of the species are not known. It presumably bred by direct development.,"The causes of the extinction of this species are not known, but presumably habitat loss was a contributing factor.","This species is known only from the holotype and there have been no sightings since 1899. The species is believed to now be extinct, as extensive general amphibian surveys have been conducted within its known range with no records to date (Sri Lanka Red List Assessment Workshop February 2020).",,"This species is an extinct Sri Lankan endemic, known only from the type locality of ""Pattipola, Ceylon [= Sri Lanka]"", where it was collected in 1899 (Manamendra-Arachchi and Pethiyagoda 2005).","This species is considered to be extinct. Thus, there is no use or trade in this species.",Terrestrial,Conservation Actions In-PlaceThis species has not been recorded from any protected areas.Research NeededThere is currently no DNA data available for this species. Further DNA analysis should be prioritized in order to confirm its taxonomic status.,Indomalayan,1899,FALSE,FALSE,Global,58852,ANIMALIA,CHORDATA,AMPHIBIA,ANURA,RHACOPHORIDAE,Pseudophilautus,Pseudophilautus halyi,"(Boulenger, 1904)",,,,EX,,Asia,Sri Lanka,Habitat Loss; Unknown,Habitat Loss,,LK
156582678,58862,Pseudophilautus leucorhinus,Extinct,,2020,2020-02-20 00:00:00 UTC,3.1,English,"Listed as Extinct because it has not been recorded since before 1886, and extensive searches in the appropriate habitat, during the appropriate season within the known range, have failed to locate this species.",The habitat requirements of this species are not known. It presumably bred by direct development.,"The causes of the species' extinction are not known, but presumably habitat loss was a contributing factor.","This species is known only from the type specimen, which was  collected before its description in 1856. It is believed to be extinct, as extensive general field surveys of the amphibian fauna of Sri Lanka have failed to rediscover this frog.",,"This species is an extinct Sri Lankan endemic, known only from the type locality ""Ceylon"" (= Sri Lanka) (Dutta and Manamendra-Arachchi 1996). The type locality is too general to allow the production of a meaningful map for this species.","This species has not been sighted since the first specimen was collected before 1856 and is considered to be extinct. Thus, there is no use or trade in this species.",Terrestrial,Conservation Actions In-PlaceThis species has not been recorded from any protected areas.Research NeededThere is currently no DNA data available for this species. Further DNA analysis should be prioritized in order to confirm its taxonomic status.,Indomalayan,before 1856,FALSE,FALSE,Global,58862,ANIMALIA,CHORDATA,AMPHIBIA,ANURA,RHACOPHORIDAE,Pseudophilautus,Pseudophilautus leucorhinus,"(Lichtenstein &amp; Martens, 1856)",,,,EX,Whitenose Bubble-nest Frog,Asia,Sri Lanka,Habitat Loss; Unknown,Habitat Loss,,LK
156583167,58869,Pseudophilautus malcolmsmithi,Extinct,,2020,2020-02-20 00:00:00 UTC,3.1,English,"Listed as Extinct because it has not been recorded since 1927, and extensive searches in the appropriate habitat, during the appropriate season within the known range, have failed to locate this species.",The habitat requirements of this species are not known. It presumably bred by direct development.,"The cause of the species' extinction is not known, but presumably habitat loss was a contributing factor to its demise.",This species is known only from the holotype specimen collected in 1927. There have been no sightings for over 70 years and the species is now believed to be extinct. Extensive general field surveys of the amphibian fauna of Sri Lanka have not rediscovered this frog as of 2020.,,"This species is an extinct Sri Lankan endemic, known only from the type locality of ""Ceylon"" (Manamendra-Arachchi and Pethiyagoda 2005). It is not possible to produce a distribution map for this species because the type locality is too imprecise.","This species is considered to be extinct. Thus, there is no use or trade in this species.",Terrestrial,Conservation Actions In-PlaceThis species has not been recorded from any protected areas.Research NeededThere is currently no DNA data available for this species. Further DNA analysis should be prioritized in order to confirm its taxonomic status.,Indomalayan,1927,FALSE,FALSE,Global,58869,ANIMALIA,CHORDATA,AMPHIBIA,ANURA,RHACOPHORIDAE,Pseudophilautus,Pseudophilautus malcolmsmithi,"(Ahl, 1927)",,,,EX,,Asia,Sri Lanka,Habitat Loss; Unknown,Habitat Loss,,LK
156583351,58877,Pseudophilautus nanus,Extinct,,2020,2020-02-20 00:00:00 UTC,3.1,English,"Listed as Extinct because it has not been recorded since 1869, and extensive searches in the appropriate habitat, during the appropriate season within the known range, have failed to locate this species.",The habitat requirements of this species are not known. It presumably bred by direct development.,"The reason for the species' extinction is not known, but presumably habitat loss was a contributing factor.",This species is known only from the lectotype. There have been no records since the species was described in 1869 and it is now believed to be extinct. Extensive general field surveys of the amphibian fauna of Sri Lanka have failed to rediscover this species as of 2020.,,"This species is an extinct Sri Lankan endemic, known only from the type locality of ""southern Ceylon [=Sri Lanka]"" (Manamendra-Arachchi and Pethiyagoda 2005). It is not possible to produce a distribution map for this species because the exact location of the type locality is not known.","This species is considered to be extinct. Thus, there is no use or trade in this species.",Terrestrial,Conservation Actions In-PlaceThis species has not been recorded from any protected areas.Research Needed There is currently no DNA data available for this species. Further DNA analysis should be prioritized in order to confirm its taxonomic status.,Indomalayan,1869,FALSE,FALSE,Global,58877,ANIMALIA,CHORDATA,AMPHIBIA,ANURA,RHACOPHORIDAE,Pseudophilautus,Pseudophilautus nanus,"(Günther, 1869)",,,,EX,,Asia,Sri Lanka,Habitat Loss; Unknown,Habitat Loss,,LK
156583411,58878,Pseudophilautus nasutus,Extinct,,2020,2020-02-20 00:00:00 UTC,3.1,English,"Listed as Extinct because it has not been recorded since 1869, and extensive searches in the appropriate habitat, during the appropriate season within the known range, have failed to locate this species.",The habitat requirements of this species are not known. It presumably bred by direct development.,"The cause for the species' extinction is not known, but presumably habitat loss was a contributing factor.",This species is known only from the holotype. There have been no records since the species was described in 1869 and it is now believed to be extinct. Extensive general field surveys of the amphibian fauna of Sri Lanka have not rediscovered this frog as of 2020.,,"This species is an extinct Sri Lankan endemic, known only from the general type locality of ""Ceylon [=Sri Lanka]"" (Manamendra-Arachchi and Pethiyagoda 2005). It is not possible to produce a distribution map for this species because the exact location of the type locality is not known. Specimens previously attributed to this species from India (Krishnamurthi and Shakunthala 1993) belong to a separate taxon (Biju 2001), and specimens reported by Karunaratne (1998) are also believed to belong to a different species (K. Manamendra-Arachchi pers. comm. 2004)","This species is considered to be extinct, thus there is no use or trade of this species.",Terrestrial,Conservation Actions In-PlaceThis species has not been recorded from any protected areas.Research Needed There is currently no DNA data available for this species. Further DNA analysis should be prioritized in order to confirm its taxonomic status.,Indomalayan,1869,FALSE,FALSE,Global,58878,ANIMALIA,CHORDATA,AMPHIBIA,ANURA,RHACOPHORIDAE,Pseudophilautus,Pseudophilautus nasutus,"(Günther, 1869)",,,,EX,Sharp-Nosed Bush Frog,Asia,Sri Lanka,Habitat Loss; Unknown,Habitat Loss,,LK
156583754,58883,Pseudophilautus oxyrhynchus,Extinct,,2020,2020-02-20 00:00:00 UTC,3.1,English,"Listed as Extinct because it has not been recorded since 1872, and extensive searches in the appropriate habitat, during the appropriate season within the known range, have failed to locate this species.",The habitat requirements of this species are not known. It presumably bred by direct development.,"The reason for the species' extinction is not known, but presumably habitat loss was a contributing factor.",This species is known only from the lectotype. There have been no sightings since the species was described in 1872 and it is now believed to be extinct. Extensive general field surveys of the amphibian fauna of Sri Lanka have not rediscovered this frog as of 2020.,,"This species is an extinct Sri Lankan endemic, known only from the type locality of ""Ceylon"" (Manamendra-Arachchi and Pethiyagoda 2005). The previously reported type locality of Peradeniya is not correct (K. Manamendra-Arachchi pers. comm.). It is not possible to produce a meaningful distribution map for this species.","This species is considered to be extinct, thus there is no use or trade of this species.",Terrestrial,Conservation Actions In-PlaceThis species has not been recorded from any protected areas.Research NeededThere is currently no DNA data available for this species. Further DNA analysis should be prioritized in order to confirm its taxonomic status.,Indomalayan,1872,FALSE,FALSE,Global,58883,ANIMALIA,CHORDATA,AMPHIBIA,ANURA,RHACOPHORIDAE,Pseudophilautus,Pseudophilautus oxyrhynchus,"(Günther, 1872)",,,,EX,,Asia,Sri Lanka,Habitat Loss; Unknown,Habitat Loss,,LK
156584657,58895,Pseudophilautus rugatus,Extinct,,2020,2020-02-20 00:00:00 UTC,3.1,English,"Listed as Extinct because it has not been recorded since 1927, and extensive searches in the appropriate habitat, during the appropriate season within the known range, have failed to locate this species.",The habitat requirements of this species are not known. It presumably bred by direct development.,"The causes of the species' extinction are not known, but presumably habitat loss was a contributing factor.",This species is known only from the holotype specimen. There have been no sightings since the species was described in 1927 and it is now believed to be extinct. Extensive general field surveys of the amphibian fauna of Sri Lanka have not rediscovered this frog as of 2020.,,"This species is an extinct Sri Lankan endemic, and is known only from the non-specific type locality of ""Ceylon (Farnlands)"" or ""Taralanda"" (Manamendra-Arachchi and Pethiyagoda 2005). It is not possible to produce a distribution map for this species because the exact location of the type locality is not known.",This species is considered to be extinct and thus there is no use or trade of this species.,Terrestrial,Conservation Actions In-PlaceThis species has not been recorded from any protected areas.Research NeededThere is currently no DNA data available for this species. Further DNA analysis should be prioritized in order to confirm its taxonomic status.,Indomalayan,1927,FALSE,FALSE,Global,58895,ANIMALIA,CHORDATA,AMPHIBIA,ANURA,RHACOPHORIDAE,Pseudophilautus,Pseudophilautus rugatus,"(Ahl, 1927)",,,,EX,,Asia,Sri Lanka,Habitat Loss; Unknown,Habitat Loss,,LK
156585775,58924,Pseudophilautus temporalis,Extinct,,2020,2020-02-20 00:00:00 UTC,3.1,English,"Listed as Extinct because it has not been recorded since 1864, and extensive searches in the appropriate habitat, during the appropriate season within the known range, have failed to locate this species.",The habitat requirements of this species are not known. It presumably bred by direct development.,"The causes of the species' extinction are not known, but presumably habitat loss was a contributing factor.","This species is known only from the lectotype and type series, and has not been recorded since the original description in 1864. Extensive general field surveys of the amphibian fauna of Sri Lanka have not relocated this species and it is now considered to be extinct.",,"This species is an extinct Sri Lankan endemic, where it is known only from the non-specific type locality of ""Ceylon"" (Manamendra-Arachchi and Pethiyagoda 2005). It is not possible to produce a distribution map for this species because the exact location of the type locality is not known.","This species is considered to be extinct, thus there is no use or trade of this species.",Terrestrial,Conservation Actions In-PlaceThis species has not been recorded from any protected areas.Research NeededThere is currently no DNA data available for this species. Further DNA analysis should be prioritized in order to confirm its taxonomic status.,Indomalayan,1864,FALSE,FALSE,Global,58924,ANIMALIA,CHORDATA,AMPHIBIA,ANURA,RHACOPHORIDAE,Pseudophilautus,Pseudophilautus temporalis,"(Günther, 1864)",,,,EX,,Asia,Sri Lanka,Habitat Loss; Unknown,Habitat Loss,,LK
156585835,58931,Pseudophilautus variabilis,Extinct,,2020,2020-02-20 00:00:00 UTC,3.1,English,"Listed as Extinct because it has not been recorded since 1858, and extensive searches in the appropriate habitat, during the appropriate season within the known range, have failed to locate this species.",The habitat requirements of this frog are not known. It presumably bred by direct development.,"The cause of the species' extinction is not known, but habitat loss seeems likely to have been a contributing factor.",This species is known only from the lectotype. Extensive general field surveys of the amphibian fauna of Sri Lanka have not relocated this species and it is now believed to be extinct.,,"This species is an extinct Sri Lankan endemic, known only from the general type locality of ""Ceylon"" (= Sri Lanka). It is not possible to produce a distribution map for this species because the exact location of the type collection is not known (Manamendra-Arachchi and Pethiyagoda 2005).","This species is considered to be extinct, therefore there is no use or trade of this species.",Terrestrial,Conservation Actions In-PlaceThis species has not been recorded from any protected areas.Research NeededThere is currently no DNA data available for this species. Further DNA analysis should be prioritized in order to confirm its taxonomic status.,Indomalayan,1858,FALSE,FALSE,Global,58931,ANIMALIA,CHORDATA,AMPHIBIA,ANURA,RHACOPHORIDAE,Pseudophilautus,Pseudophilautus variabilis,"(Günther, 1858)",,,,EX,Variable Bush Frog,Asia,Sri Lanka,Habitat Loss; Unknown,Habitat Loss,,RE
156586194,58938,Pseudophilautus zal,Extinct,,2020,2020-02-20 00:00:00 UTC,3.1,English,"Listed as Extinct because it has not been recorded since before 1947, and extensive searches in the appropriate habitat, during the appropriate season within the known range, have failed to locate this species.",The habitat requirements of this species are not known. It presumably bred by direct development.,"The reason for the species' extinction is not known, but presumably habitat loss was a contributing factor.","This species is known only from the holotype and two paratypes. There have been no records since the type collection (collected sometime before 1947) and the species is now believed to be extinct, because extensive general field surveys of the amphibian fauna of Sri Lanka have failed to rediscover this frog.",,"This species is an extinct Sri Lankan endemic, known only from the general type locality of ""Ceylon"" (Manamendra-Arachchi and Pethiyagoda 2005). It is not possible to produce a distribution map for this species because the exact location of the type collection is not known.","This species is considered to be extinct, therefore there is no use or trade of this species.",Terrestrial,Conservation Actions In-PlaceThis species has not been recorded from any protected areas.Research NeededThere is currently no DNA data available for this species. Further DNA analysis should be prioritized in order to confirm its taxonomic status.,Indomalayan,before 1947,FALSE,FALSE,Global,58938,ANIMALIA,CHORDATA,AMPHIBIA,ANURA,RHACOPHORIDAE,Pseudophilautus,Pseudophilautus zal,"(Manamendra-Arachchi &amp; Pethiyagoda, 2005)",,,,EX,,Asia,Sri Lanka,Habitat Loss; Unknown,Habitat Loss,,KZ
156586253,58939,Pseudophilautus zimmeri,Extinct,,2020,2020-02-18 00:00:00 UTC,3.1,English,"Listed as Extinct because it has not been recorded since 1927, and extensive searches in the appropriate habitat, during the appropriate season within the known range, have failed to locate this species.",The habitat requirements of this species are not known. It presumably bred by direct development.,"The reason for the species' extinction is not known, but presumably habitat loss contributed to its demise as the town of Galle is heavily urbanized.","This species is known only from the holotype specimen described in 1927. There have been no records since this time and the species is now believed to be extinct. Extensive field surveys of the amphibian fauna of Sri Lanka, including at the type locality, have not rediscovered this species.",,"This is an extinct Sri Lankan endemic, known only from the type locality of ""Point de Galle, Ceylon"". A general, tentative distribution map has been provided.","This species is considered to be extinct; thus, there is no use or trade of this species.",Terrestrial,Conservation Actions In-PlaceThis species has not been recorded from any protected areas.Research NeededThere is currently no DNA data available for this species. Further DNA analysis should be prioritized in order to confirm its taxonomic status.,Indomalayan,1927,FALSE,FALSE,Global,58939,ANIMALIA,CHORDATA,AMPHIBIA,ANURA,RHACOPHORIDAE,Pseudophilautus,Pseudophilautus zimmeri,"(Ahl, 1927)",,,,EX,,Asia,Sri Lanka,Habitat Loss; Unknown,Habitat Loss,,IT
156588623,136000,Pseudophilautus maia,Extinct,,2020,2020-02-18 00:00:00 UTC,3.1,English,"Listed as Extinct because it has not been recorded since 1876, and extensive searches in the appropriate habitat, during the appropriate season within the known range, have failed to locate this species.","One of the specimens apparently had eggs attached to its abdomen, a form of brooding hitherto unknown in frogs (Günther 1876,  Meegaskumbura et al. 2007). However, Meegaskumbura et al. (2007) give reasons for believing that this species in fact attached its eggs to leaves, as is also done by Philautus femoralis. This species presumably lived in montane forest and bred by direct development.","Clearance of the cloud forest adjacent to Frotoft Estate in 1978 might have led to the extinction of this species (Meegaskumbura et al. 2007). The clearance of this forest resulted in the extinction of Albizia lankaensis (Mimosaceae), a tree species formerly endemic to this site (Kostermans 1980).","Attempts to locate this species in the vicinity of the type locality during the period of 1993–2003 were unsuccessful, and it is now considered to be Extinct (Meegaskumbura et al. 2007). General amphibian surveys conducted in the area since then have not recorded this species (Sri Lanka Red List Assessment Workshop February 2020). It is known from only two specimens collected in 1876 or earlier (Meegaskumbura et al. 2007).",,"This species was known only Poojagodde (=Poojagoda) Estate, Ramboda, Sri Lanka (Meegaskumbura et al. 2007), but is now considered to be Extinct. Poojagoda is a division of the Frotoft Estate, Ramboda, a tea plantation located at approximately 1,400 m asl (Meegaskumbura et al. 2007). The Pedro Forest Reserve, which extends along a forested ridge bordering Frotoft Estate about 1 km north of Poojagoda, is now the only remaining undisturbed habitat in this area (Meegaskumbura et al. 2007). Extensive surveys of this forest have failed to detect this species (Meegaskumbura et al. 2007, Sri Lanka Red List Assessment Workshop February 2020).","There are no records of this species being utilized. Additionally, this species is considered extinct and thus is not utilized or traded.",Terrestrial,Conservation Actions In-PlaceThis species has not been recorded from any protected areas.Research NeededThere is currently no DNA data available for this species. Further DNA analysis should be prioritized in order to confirm its taxonomic status.,Indomalayan,1876,FALSE,FALSE,Global,136000,ANIMALIA,CHORDATA,AMPHIBIA,ANURA,RHACOPHORIDAE,Pseudophilautus,Pseudophilautus maia,"(Meegaskumbura, Manamendra-Arachchi, Schneider &amp; Pethiyagoda, 2007)",,,,EX,,Asia,Sri Lanka,Habitat Loss,Habitat Loss,,BR
156588728,136163,Pseudophilautus pardus,Extinct,,2020,2020-02-20 00:00:00 UTC,3.1,English,"Listed as Extinct because it has not been recorded since before 1859, and extensive searches in the appropriate habitat, during the appropriate season within the known range, have failed to locate this species.","The habitat requirements of this species are not known, though it is likely to have been associated with forest. It presumably bred by direct development, like other members of its genus.","The reason for the species' extinction is not known, but presumably habitat loss was a contributing factor.",This species has not been recorded since the holotype was collected prior to 1859. Extensive general surveys in Sri Lanka have not located the species and it is now believed to be extinct.,,"This species is an extinct Sri Lankan endemic, known only from an unspecified locality in Sri Lanka; thus, a meaningful range map cannot be made for this species. It was scientifically described in 2007, but was already considered to be extinct at the time of description.",It is considered to be extinct and thus there is no use or trade of this species.,Terrestrial,Conservation Actions In-PlaceThis species has not been recorded from any protected areas.Research NeededThere is currently no DNA data available for this species. Further DNA analysis should be prioritized in order to confirm its taxonomic status.,Indomalayan,before 1859,FALSE,FALSE,Global,136163,ANIMALIA,CHORDATA,AMPHIBIA,ANURA,RHACOPHORIDAE,Pseudophilautus,Pseudophilautus pardus,"(Meegaskumbura, Manamendra-Arachchi, Schneider &amp; Pethiyagoda, 2007)",,,,EX,,Asia,Sri Lanka,Habitat Loss; Unknown,Habitat Loss,,NC
164136280,13484053,Nactus soniae,Extinct,,2020,2019-02-25 00:00:00 UTC,3.1,English,"Listed as Extinct on the basis that this species is known only from fragmentary subfossil remains. The date of its extinction is unknown, but may have been after 1500 AD.","Nothing is known about the ecology of this species, but it was probably nocturnal (Arnold and Bour 2008). It is presumed to have been a coastal species (Probst 1996).","Nothing is known of the cause of this species' apparent extinction, although molecular clock data suggests that the species survived a ""catastrophic"" volcanic eruption on Réunion, 180,000-200,000 years ago (Arnold and Bour 2008). Arnold and Bour (2008) discuss the introduction of rats (first observed on Réunion in 1670 - Rattus rattus - and 1750 - R. norvegicus) in the context of the extinction of a larger lizard on the same island. As no historical records of this species exist, however, it is unknown whether the species was still extant when rats were introduced. Other species of Nactus are, however, known to have coexisted with rats and other mammalian predators in the Mascarenes, but to have suffered serious declines following the introduction of the invasive House Gecko Hemidactylus frenatus (Cole et al. 2005). Other predatory species introduced to the islands, including Wolf Snake (Lycodon aulicus) and Asian shrews, may also have been predators of this species if it was still extant when these animals were introduced.","This species is known from fragmentary skull elements. No historical reports of this species exist, which is considered unsurprising for a small and inconspicuous gecko by Arnold and Bour (2008), and it is not known to be extant.",,This species is known only from subfossil remains and DNA data collected from La Réunion (Arnold and Bour 2006).,"There is no use of or trade in this species, which is presumed to be extinct.",Terrestrial,"No conservation actions can be proposed for this species, as the species appears to be extinct. Three weeks of intensive surveys on Réunion in 2013 focused on skinks and Nactus geckos (M. Sanchez, C. Raxworthy, J.-M. Probst and S. Caceres unpubl. data) failed to record a surviving population, and it has not been found in a field survey of Petite Ile, an island close to the Réunion mainland from which both rats and house geckos are absent (M. Sanchez, J.-M. Probst and S. Caceres unpubl. data).",Afrotropical,post-1500,FALSE,FALSE,Global,13484053,ANIMALIA,CHORDATA,REPTILIA,SQUAMATA,GEKKONIDAE,Nactus,Nactus soniae,"Arnold &amp; Bour, 2008",,,,EX,Réunion Nactus,Indian Ocean Islands,Reunion,Invasive Species; Unknown,Invasive Species,,US
169838772,169838762,Schizothorax saltans,Extinct,,2020,2020-03-04 00:00:00 UTC,3.1,English,This species is assessed as Extinct because it has not been found since 1953 despite intensive fieldwork in the area. The lakes inhabited by the species dried out in the 1950s when water was extracted from inflowing rivers for irrigation.,Schizothorax saltans was endemic to the Assa River and Lakes Ak-Kol und Ashi-Kol (Turdakov 1963).,"Habitat deterioration after water extraction and high pollution, as well as fisheries, led to the extirpation of this species (Baimbetov et al. 1988).",This species is thought to be extinct because it has not been found since 1953 despite intensive fieldwork in the area (Baimbetov et al. 1988).,,"Schizothorax saltans was known from the Talas River drainage in Kazakhstan where it was restricted to the Assa River and Lakes Ak-Kol und Ashi-Kol (Turdakov 1963). It was still extant in 1953 but was not found in surveys in 1958 or since, despite many intensive field campaigns (Baimbetov et al. 1988). This species had such a restricted distribution that it could have been extirpated in a very short time.",The species was considered very valuable and fishermen collected it before spawning and wintering times (Baimbetov et al. 1988).,Freshwater (=Inland waters),No conservation actions were implemented for this species.,Palearctic,1953,FALSE,FALSE,Global,169838762,ANIMALIA,CHORDATA,ACTINOPTERYGII,CYPRINIFORMES,CYPRINIDAE,Schizothorax,Schizothorax saltans,"Turdakov, 1955",,,,EX,,Unknown,Unknown,Habitat Loss; Water Modification; Pollution,Habitat Loss,Yes,MQ
170111359,44791445,Ameles fasciipennis,Extinct,,2020,2020-03-12 00:00:00 UTC,3.1,English,"A. fasciipennis has been recorded only once, probably in 1871 (the label is ambiguous, but the date is likely to be correct), with only a single specimen collected, and never collected or reported again. The taxonomy of the genus Ameles is, at the present time, rather confusing and further analysis need to be done to confirm the validity of this species. However, the characters used in the original description make this species appear valid and well separated from the others (Agabiti et al. 2010, Battiston et al. 2010). The surroundings of Tolentino, the type locality, have been investigated in the last years by different specialists, but this species has never been reported. Since this species (even after intensive surveys) has not been found in the last 150 years, and there are no suspects of its presence in other localities, it is assessed as Extinct.","The only known specimen is labelled as being collected from ""Tolentino"", a town in central Italy which now has intensive land cultivation over most of its territory. It is possible that, when this specimen was collected at the end of the 19th century, Tolentino was less intensively cultivated and had a more suitable vegetation for this genus of mantids was present, such as Mediterranean vegetation and natural grassland and shrubland, but there are no detailed data on this.","The main threat to this species which led it to extinction may have been habitat reduction, since Tolentino is now located in an intensively cultivated area unsuitable for large populations of other species of mantids which can now only be found in the surrounding areas. However, no detailed information exists on the effect this has had on A. fasciipennis due to only one specimen being known and collected in historical times.","Only one specimen of A. fasciipennis is known, which is also the holotype.",,"This species is endemic to Italy. Only the type specimen is known, which has been collected from ""Tolentino"".",This species is not utilized.,Terrestrial,"There are no living populations known. Therefore, no conservation action is possible. The taxonomy of the genus Ameles is in need of revision.",Palearctic,"end of 19th century, probably 1871",FALSE,FALSE,Global & Europe,44791445,ANIMALIA,ARTHROPODA,INSECTA,MANTODEA,MANTIDAE,Ameles,Ameles fasciipennis,"Kaltenbach, 1963",,,,EX,Spined Dwarf Mantis,Europe,Europe,Overharvesting,Overharvesting,,GP
172203252,55461,Boana cymbalum,Extinct,,2023,2021-04-09 00:00:00 UTC,3.1,English,"Listed as Extinct because it has not been recorded since 1963. Both known sites have been destroyed, and catastrophic declines occurred during the 1960s–1980s due to the combined effects of multiple severe threats. Extensive searches in the appropriate habitat, during the appropriate season within the known range, since 1964 have failed to locate this species.","This species occurred in primary forest in the Atlantic Forest biome. It inhabited low vegetation on the border of streams in gallery forest (Bokermann 1963). There is no information on breeding habits, but reproduction might have taken place by larval development in streams. It was a medium-sized treefrog with loud and very characteristic vocalizations, making it easy to detect.","This species disappeared in the late 1960s or 1970s after suffering severe declines due to a number of threats. Both known sites have been destroyed by infrastructure development. The type locality was destroyed when the new Estação Ferroviária Campo Grande (railway station) was built in the early 1970s. The second locality was previously on the outskirts of the city of Sao Paulo, and was destroyed by significant urban expansion that took place during the middle of the last century (1950s–1970s) and continues to this day. This site is currently a parking lot (P. Garcia pers. comm. 2021).However, the Serra da Paranapiacaba still contains a large extent of  intact, suitable forest habitat and the species likely occurred at other sites within the Serra, and between the Serra and the city of Sao Paulo. It is the synergistic effects of pollution, disease, and habitat degradation that are suspected to have caused the species' extinction where habitat loss did not (Carvalho et al. 2017). The coastal city of Cubatão is highly industrialized and contains oil and gas refineries, chemical manufacturing plants, and other industrial activities. It infamously caused severe air pollution in the city of Sao Paulo in the 1970s and 1980s. The resulting acid rain caused changes in forest cover and humidity in the forests of the Serra da Paranapiacaba and Serra do Mar (Brazilian Red List Assessment Workshop 2021). The amphibian chytrid fungus, Batrachochytrium dendrobatidis (Bd), is thought to have arrived in the Serra do Mar in the 1970s or 1980s (Carvalho et al. 2017). The overlap in the timing of these threats, and their extreme severity, are thought to have caused rapid declines across the entire distribution.","This species is known from five individuals collected in 1962 from the type locality (Bokermann 1963, Lutz 1973, Faivovich et al. 2021). Only one individual is known from the Nova Manchester locality and was identified from museum collections by Faivovich et al. (2021); it is presumed to have also been collected in the 1960s although there is no collection date provided with the museum records. The only known recording of this species' call was made by Bokermann in 1963 at the type locality (Faivovich et al. 2021).Dozens of targeted surveys back to the type locality have taken place since 1963 by experienced researchers, including W.C.A. Bokermann who collected the type series, but all were unsuccessful (Brazilian Red List Assessment Workshop 2021). The Serra de Paranapiacaba is the type locality of many other species, and occurs within the broader Serra do Mar of Sao Paulo State, which has been subject to hundreds of surveys over the decades. The second site was on the outskirts of the city of Sao Paulo in the 1960s, but has since been engulfed by urbanisation and has been destroyed. Population declines are inferred to have taken place throughout the 1960s, 1970s, and 1980s. The species is extinct at both known sites and is estimated to have gone extinct in the wider Serra da Paranapiacaba by the end of the 1980s as a result of catastrophic declines caused by the synergistic effects of multiple severe threats.",,"This Brazilian species was known from only two sites: one at the Estação Ferroviária de Campo Grande (type locality) in the municipality of Santo André within the Serra de Paranapiacaba (Bokermann 1963); and another about 35 km away in the district of Nova Manchester in the municipality of São Paulo, in the state of São Paulo (Faivovich et al. 2021). The type locality is between 600 and 800 m asl.",There are no records of the species being utilized.,Terrestrial|Freshwater (=Inland waters),"Conservation Actions In-PlaceThe national red list declared this species as Critically Endangered (Possibly Extinct) in 2014 (Haddad et al. 2016). The ICMBio/RAN Workshop of 2018 declared the species Extinct; the publication of this listing is forthcoming (Brazilian Red List Assessment Workshop 2021). The species is included in the National Action Plan for the Conservation of Threatened Herpetofauna (Machado et al. 2021). However, it has not been recorded from protected areas and there are no targeted actions in place, but surveys in the Serra da Paranapiacaba still target this species.",Neotropical,1963,FALSE,FALSE,Global,55461,ANIMALIA,CHORDATA,AMPHIBIA,ANURA,HYLIDAE,Boana,Boana cymbalum,"(Bokermann, 1963)",,,,EX,Campo Grande Treefrog,Unknown,Unknown,Habitat Loss; Pollution; Urbanization; Disease,Habitat Loss,Yes,CU
176540948,177653,Leiorhagium solemi,Extinct,,2020,2011-07-22 00:00:00 UTC,3.1,English,"Leiorhagium solemi is presumed to be Extinct as the last sighting of the species was in 1928 and no specimens have been found since, despite searches for it in suitable habitat.","This species was collected from a river-drift, but it is unknown what its original habitat preferences were (P. Bouchet pers. comm. 2010).","Land clearance for human development and purpose-lit fires have increased in the area, and this has accelerated the drying out of nearby springs and seepages (P. Bouchet pers. comm. 2010). The reduction of native forest as Melaleuca (paper bark) has become the predominant species would also have negatively impacted this mollusc (P. Bouchet pers. comm. 2010). For the first half of the 20th century, it was recorded that the creeks had a higher volume of water flow than they do now, with many of the creeks currently only running seasonally (P. Bouchet pers. comm. 2010).",This species is known from material collected in 1928 from an area that was intensively surveyed in the 1990s. No further specimens have been found and the species is presumed extinct (P. Bouchet pers. comm. 2010).,,This species is known only from a river drift on the sea coast a few miles from Bourail in New Caledonia (Haase and Bouchet 1998).,,Freshwater (=Inland waters),This species is presumed to be Extinct and therefore no further survey work is necessary.,Australasian,1928,FALSE,FALSE,Global,177653,ANIMALIA,MOLLUSCA,GASTROPODA,LITTORINIMORPHA,TATEIDAE,Leiorhagium,Leiorhagium solemi,"Haase &amp; Bouchet, 1998",,,,EX,,Unknown,Unknown,Habitat Loss; Urbanization,Habitat Loss,Yes,GP
181392751,103823595,Hemignathus lucidus,Extinct,,2020,2020-08-10 00:00:00 UTC,3.1,English,"This species was found in O'ahu, Hawaii but it went extinct around the end of the 19th century. Perkins found evidence that many individuals existed in the forests of Oahu in 1860, but no collectors found any trace of it in the 1890s (Munro 1960).","It may have inhabited dense, wet `ohi`a forest and the higher parts of mesic koa-`ohi`a forest (Scott et al. 1986, Pratt et al. 1987).","This species went extinct sometime around the start of the 20th century. Deforestation cleared much lowland habitat. Multiple invasive species were already established on Oahu in the 19th century, with the arrival of Rattus rattus shortly followed by Small Indian Mongoose Herpestes auropunctatus in an attempt at control possibly having the most significant effect on Oahu Nukupu'u. If the species was not already extinct, the arrival of avian pox and avian malaria may have ensured extinction.","The species is extinct. Perkins found evidence that many individuals existed in the forests of Oahu in 1860, but no collectors found any trace of it in the 1890s (Munro 1960).",,"Hemignathus lucidus was endemic to O'ahu in the Hawaiian Islands, U.S.A., but it went extinct around the end of the 19th century. Perkins found evidence that many individuals existed in the forests of Oahu in 1860, but no collectors found any trace of it in the 1890s (Munro 1960).",,Terrestrial,,Oceanian,1899,FALSE,FALSE,Global,103823595,ANIMALIA,CHORDATA,AVES,PASSERIFORMES,FRINGILLIDAE,Hemignathus,Hemignathus lucidus,"Lichtenstein, 1839",,,,EX,Oahu Nukupuu,Pacific Islands,Hawaii,Invasive Species; Habitat Loss,Invasive Species,,US
194903850,22728705,Amazona martinicana,Extinct,,2021,2021-01-21 00:00:00 UTC,3.1,English,"This species formerly occurred on Martinique, but it has been driven to extinction by hunting. The last record dates from 1779 and it is thought to have gone extinct by the end of the 18th century.",Nothing is known but it is likely to have been a forest species.,"Hunting and, to a lesser extent, habitat loss are likely to have caused its extinction.",No extant population remains.,,"Amazona martinicana was described from Martinique (to France) by Labat in 1742, and by Buffon in 1779, and named by Clark based on these descriptions. Labat wrote that ""the parrot is too common a bird for me to stop to give a description of it"" (Clark 1905), and so the species must have declined very rapidly to extinction in the latter half of the 18th century.",,Terrestrial,,Neotropical,1779,FALSE,FALSE,Global,22728705,ANIMALIA,CHORDATA,AVES,PSITTACIFORMES,PSITTACIDAE,Amazona,Amazona martinicana,"A.H. Clark, 1905",,,,EX,Martinique Amazon,Europe,Europe,Habitat Loss; Overharvesting,Habitat Loss,,ZA
194911615,22728701,Amazona violacea,Extinct,,2021,2021-01-21 00:00:00 UTC,3.1,English,"This species was known from Guadeloupe, but it has been driven Extinct by hunting. The last records date from 1779.","Nothing is known, but it is likely to have been a forest species.","It was heavily hunted, and this presumably caused its extinction.",No extant population remains.,,"Amazona violacea, although not known from any specimens, was described in detail from Guadeloupe (to France) by, amongst others, Du Tertre in 1654 and 1667, Labat in 1742, and Brisson in 1760. It was named by Gmelin in 1789. In 1779 it was noted by Buffon to be very rare (Clark 1905), and presumably became extinct soon after.",,Terrestrial,,Neotropical,1779,FALSE,FALSE,Global,22728701,ANIMALIA,CHORDATA,AVES,PSITTACIFORMES,PSITTACIDAE,Amazona,Amazona violacea,"(J.F. Gmelin, 1789)",,,,EX,Guadeloupe Amazon,Europe,Europe,Overharvesting,Overharvesting,,VE
194916284,22724513,Ara tricolor,Extinct,,2021,2021-01-21 00:00:00 UTC,3.1,English,"This species was known from Cuba, but hunting drove the population Extinct. The last reports of the species date from 1885.","It inhabited forest and open habitat with scattered trees and palms (Wiley and Kirwan 2013), requiring trees with large holes for nesting purposes. It probably fed mainly on hard palm seeds, fruits, shoots and buds (Olson and Suárez 2008, Wiley and Kirwan 2013).","Its extinction was caused by hunting for food and felling of nesting trees to capture young birds for pets (Forshaw and Cooper 1989, Wiley and Kirwan 2013).",None remain.,,"Ara tricolor was endemic to mainland Cuba, and probably also the Isle of Pines (Walters 1995, Olson and Suárez 2008). There is no evidence for the historical existence of the species, or any other macaw, on Hispaniola (Olson 2005), where it has been erroneously suggested to occur (Wetherbee 1985). The last specimen was collected in 1864 (Bangs and Zappey 1905), with the last reports in 1885 (Lack 1976). At least 19 specimens (Moreno 1992) and three fossils (Olson and Suárez 2008) of the species exist.",,Terrestrial,,Neotropical,1885,FALSE,FALSE,Global,22724513,ANIMALIA,CHORDATA,AVES,PSITTACIFORMES,PSITTACIDAE,Ara,Ara tricolor,"Bechstein, 1811",,,,EX,Cuban Macaw,Caribbean,Caribbean,Overharvesting,Overharvesting,,KR
194926140,22728696,Psittacara labati,Extinct,,2021,2021-01-21 00:00:00 UTC,3.1,English,This species formerly occurred on Guadeloupe. It is thought to have been driven Extinct by hunting during the second half of the 18th century.,"Nothing is known, although it is likely to have nested in tree holes in forest and foraged over a wide area for fruit and seeds.",Hunting is likely to have led to its extinction.,"The species is assumed to have been lost to the world sometime in the late 1700s, prior to any collecting taking place on Guadeloupe.",,"Psittacara labati is not known from any specimens, but was well described by Labat in 1724 from Guadeloupe (to France) (Clark 1905a, b). Little is known of the species (Marien and Koopman 1955), but it must have declined to extinction in the second half of the 18th century. A suggestion that parakeets on Guadeloupe may have been escaped Cuban Parakeet Psittacara euops (Forshaw and Cooper 1989) is unlikely because the birds were not noted to have any red in the wing (Marien and Koopman 1955), unlike P. euops (Forshaw and Cooper 1989).",,Terrestrial,,Neotropical,1800,FALSE,FALSE,Global,22728696,ANIMALIA,CHORDATA,AVES,PSITTACIFORMES,PSITTACIDAE,Psittacara,Psittacara labati,"(Rothschild, 1905)",,,,EX,Guadeloupe Parakeet,Europe,Europe,Overharvesting,Overharvesting,,TN
195444267,22685776,Conuropsis carolinensis,Extinct,,2021,2021-01-28 00:00:00 UTC,3.1,English,"This species formerly occurred in southeastern USA, but it is now Extinct, primarily as a result of persecution. The last wild records are of the subspecies ludoviciana in 1910.",Birds were wide-ranging but their typical habitat was cypress and sycamore trees along rivers and swamps (Saikku 1991).,"The main causes of the species's extinction were persecution (for food, crop protection, aviculture and the millinery trade), and deforestation (especially of the bottomlands), probably compounded by its gregarious nature (Saikku 1991), and by competition with introduced bees (McKinley 1960).",None remain.,,"Conuropsis carolinensis was endemic to the eastern U.S.A., with the nominate race ranging from Florida to Virginia, and ludovicianus, through the Mississippi-Missouri drainage (Forshaw and Cooper 1989; Burgio et al. 2017, 2018). Birds were still common at the beginning of the 19th century but, in 1832, Audubon noted their decline, which followed increasing human settlement moving inland from the east (Saikku 1991). The last specimens were collected by Chapman near Lake Okeechobee, Florida, in 1904, although rumours of its survival persisted into the 1930s (McKinley 1985). The last captive bird died in the Cincinnati Zoo in 1918 (Joines 1985).",,Terrestrial,,Nearctic,1910,FALSE,FALSE,Global,22685776,ANIMALIA,CHORDATA,AVES,PSITTACIFORMES,PSITTACIDAE,Conuropsis,Conuropsis carolinensis,"(Linnaeus, 1758)",,,,EX,Carolina Parakeet,North America,United States,Invasive Species; Habitat Loss; Overharvesting; Agriculture,Invasive Species,,ES
197419111,44979051,Scelotes guentheri,Extinct,,2022,2021-01-15 00:00:00 UTC,3.1,English,"No individuals of this species have been found in over 130 years, despite directed searches at the probable type locality. There are also no captive specimens, so the species is considered Extinct (see Broadley 1994).",The habitat preference and ecology of this species are unknown.,"Conversion of habitat in the Durban area for agriculture and human settlement are likely to be the cause of extinction (Bourquin 1988, Broadley 1994).","No specimens have been identified in more than 130 years since the description of the species, despite directed searches.",,"Described by Boulenger in 1887 on the basis of a single specimen from 'Port Natal' near Durban. Has not been found again in more than 130 years, despite extensive surveys in the greater Durban area, including Marianhill, where the Reverend Henry Callaway is believed to have found the only specimen when traveling by ox-wagon from Pietermaritzburg (Marais and Bauer 2014).",This species is not known to have been utilized or traded in any way.,Terrestrial,"Given that details on the original collection locality and habitat are vague, additional surveys could be conducted in the greater Durban area to widen the search for this species.",Afrotropical,1887,FALSE,FALSE,Global,44979051,ANIMALIA,CHORDATA,REPTILIA,SQUAMATA,SCINCIDAE,Scelotes,Scelotes guentheri,"Boulenger, 1887",,,,EX,Günther's Dwarf Burrowing Skink,Unknown,Unknown,Agriculture; Urbanization,Agriculture,Yes,IS
198627839,54561,Atelopus vogli,Extinct,,2022,2020-06-18 00:00:00 UTC,3.1,English,"Listed as Extinct because of the almost complete destruction of the natural habitat of the species, and because continuous searches over the last thirty years have failed to find any specimens.","The original habitat at the type locality, semi-deciduous humid forest, has been drastically modified by repeated clearing and burning. All that remains is a savannah-like environment with a depauperate secondary forest remnant along a small section at the upper parts of the stream formerly inhabited by this species. Details from the collection series suggest that the species congregated for breeding in small streams. Tadpoles are unknown. No photographs of the species seem to have been ever taken (E. La Marca pers. comm. 2020).",The species is believed to have become extinct following the extensive conversion of its habitat for agriculture and other anthropogenic activities.,"This species was formerly proved to be abundant, as 415 paratopotypic specimens (at the Zoologische Sammlung des Bayerischen Staates, Munich) and at least 11 more individuals, which were exchanged with other museums (Lötters et al. 2004), were collected at the same time by C. Vogl in 1933. Examination of the scientific collection of the Museo de Ciencias Naturales de Caracas (MCNC) revealed an additional specimen referable to Atelopus vogli, which was collected on 26 October 1957 at Montalbán, Carabobo State (Barrio-Amorós and Rojas-Runjaic (2009). Extensive searches in recent years have failed to find any further individuals, and the species is now believed to be Extinct (La Marca et al. 2005, Rodríguez and Rojas-Suárez 2008, Barrio-Amorós et al. 2019).",,"This species was known only from the type locality of ""Schluch Las Peñas (600 m), unweit von Maracay"". This area is now believed to be Pozo del Diablo in the headwaters of  Río Güey, on the southern versant of the Cordillera de la Costa, State of Aragua, Venezuela at 700 m asl. Barrio-Amorós and Rojas-Runjaic (2009) confirmed a second locality for the species (Montalbán, Carabobo State), which confirms its survival to at least 1957.",There are no records of this species being utilized.,Terrestrial|Freshwater (=Inland waters),"This species was not known from any protected areas, although the Henri Pittier National Park limit lies close to its historical geographic range (E. La Marca pers. comm. 2020).",Neotropical,1957,FALSE,FALSE,Global,54561,ANIMALIA,CHORDATA,AMPHIBIA,ANURA,BUFONIDAE,Atelopus,Atelopus vogli,"Müller, 1934",,,,EX,Maracay Harlequin Frog,Unknown,Unknown,Agriculture,Agriculture,Yes,KZ
200411463,199978606,Coreoblemus parvicollis,Extinct,,2023,2022-08-30 00:00:00 UTC,3.1,English,"Coreoblemus parvicollis was only known from Cheongpungpunghyeol Cave in central Republic of Korea. The cave was inundated by the reservoir created by the construction of the Chungju Dam, which commenced power generation in October 1985. In light of this species' assumed high habitat fidelity along with its low dispersal ability, Chungju Dam's completion in 1985 and the submergence of a vast area including the species only known known location, posed a critical threat to its survival. Subsequent surveys in 2004, 2006, 2008 failed to find the species in nearby caves, but it has not been possible to survey the inundated type locality cave. Accounting for its current status, it seems appropriate to classify this species as Extinct.","Throughout the Korean Peninsula, all member species of the genus Coreoblemus, which includes two described and one yet-to-be-described species, have been found in limestone caves (Ueno 1966, 1969; Park et al. 2002). The absence of wings, pigments, and eyes in mature individuals of this group makes them typical troglobites (Ueno 1969). Species that specialize in subterranean environments tend to be more restricted in distribution and have lower dispersal abilities (Ueno 1969, 2007). Therefore, these species are very vulnerable to habitat destruction.","Chungju Dam, the biggest gravity dam in Korea, submerged an area of 65.97 km2, including this species' only known habitat (National Archives of Korea 2022), which has increased the water level high enough to cover the type locality cave. The species is suspected to be extinct due to its high habitat fidelity combined with low dispersal ability (Ueno 1969, 2007) as well as no other habitat findings from the cave fauna investigation across South Korea (Kim et al. 2004).","This species is suspected to be extinct after the completion of the Chungju Dam in 1985 and the submergence of vast area around its only known habitat. Historically, there had been three specimen records from the type-locality (Ueno 1969).",,"Coreoblemus parvicollis is a blind trechine beetle that is endemic to the Republic of Korea (NIBR 2015). The species was only known from Cheongpungpunghyeol Cave, Cheongpung, Chungcheongbuk-do Province, central Republic of Korea (N 37°01′, E 128°10′; NIBR 2015). In its entirety, the limestone cave spanned more than 200 m (Ueno 1969). The cave was located c.20 m above the water of the Hankang River (Ueno 1969). It is presumed that there were a few subpopulations distributed inside the type-locality cave and nearby subterranean tunnels. The type locality cave was inundated by Chungju Lake, the reservoir created by the Chungju Dam (Park and Baek 2001, Kim et al. 2004), construction of which commenced in 1978 and was completed in 1985 (National Archives of Korea 2022). It is assumed that the species went extinct when the cave was inundated, but it has not been surveyed since inundation. In recent years, caves nearby have been surveyed, but the species has not been found in these caves (Cave Research Institute of Korea 2004, 2006, 2008).",There has been no trade in this taxon.,Terrestrial,"This species is most likely extinct, but more surveys could potentially be conducted to further confirm its extinction.",Palearctic,26/08/1967,FALSE,FALSE,Global,199978606,ANIMALIA,ARTHROPODA,INSECTA,COLEOPTERA,CARABIDAE,Coreoblemus,Coreoblemus parvicollis,"Ueno, 1969",,,,EX,Cheongpung Blind-beetle,Island,Island,Water Modification; Urbanization,Water Modification,,SC
201082021,184553,Bythinella punica,Extinct,,2010,2007-10-19 00:00:00 UTC,3.1,English,"This species has not been recorded any more since the 19th century. Its habitat, springs at Enfidha (Enfidaville) has disappeared. It is certainly Extinct. Although there is some taxonomic uncertainty whether this might have been a valid species, we consider that the taxonomic authority is reliable and that this was a true species.",This species was a crenobiont.,No information available.,No information available.,,"This species is known only from Enfidaville (Enfidha), northeastern Tunisia, but it has not been seen again since and the spring has disappeared; it is certainly extinct.",,Freshwater (=Inland waters),No information available.,Palearctic,19th century,FALSE,FALSE,"Global, Northern Africa & Pan-Africa",184553,ANIMALIA,MOLLUSCA,GASTROPODA,LITTORINIMORPHA,BYTHINELLIDAE,Bythinella,Bythinella punica,"Letourneux &amp; Bourguignat, 1887",,,,EX,,Unknown,Unknown,Unknown,Unknown,Yes,SC
205917399,22693621,Haematopus meadewaldoi,Extinct,,2021,2021-08-03 00:00:00 UTC,3.1,English,"This species was found in the eastern Canary Islands, but is now Extinct due to overharvesting of its invertebrate prey. It was last collected in 1913, and locally reported to be absent by the 1940s.",It inhabited the coastal zone where it foraged for invertebrates; its ecology was likely to have been typical of the genus.,"Its decline was probably a result of overharvesting of intertidal invertebrates and disturbance by people (Hockey 1987), although predation by rats and cats has also been implicated (Collar and Stuart 1985).",No extant population remains.,,"Haematopus meadewaldoi was endemic to Fuerteventura, Lanzarote and their offshore islets in the Canary Islands, Spain (Collar et al. 1994). It was last collected in 1913 and locally reported to have become extinct by the 1940s (Collar and Stuart, 1985). It is now considered extinct because extensive surveys in the mid-1980s failed to find any evidence of the species's survival, despite four convincing reports (two from Tenerife and two from Senegal) between 1968 and 1981 (Collar et al. 1994).",,Terrestrial|Marine,,Palearctic,1950,FALSE,FALSE,Global,22693621,ANIMALIA,CHORDATA,AVES,CHARADRIIFORMES,HAEMATOPODIDAE,Haematopus,Haematopus meadewaldoi,"Bannerman, 1913",,,,EX,Canarian Oystercatcher,Europe,Europe,Invasive Species; Overharvesting,Invasive Species,,BS
205919631,22694856,Pinguinus impennis,Extinct,,2021,2021-08-20 00:00:00 UTC,3.1,English,"This species was formerly distributed across the north Atlantic, but is now Extinct as a result of hunting pressure. The last live bird was seen in 1852.","Historically, birds bred only on remote, rocky islands, probably due to early extirpation in more accessible sites (Lyngs 1994). Birds were flightless (Livezey 1988). Immatures probably fed on plankton (Hobson and Montevecchi 1991) while adults dived for fish (Olson et al. 1979).","Details of how it was driven to extinction by hunting for its feathers, meat, fat and oil are well known (Grieve 1885). As birds became more scarce, specimen collecting became the proximate cause of their extinction (Birkhead 1994).",No extant population remains.,,"Pinguinus impennis occurred in naturally scattered colonies (Bengtson 1984) across the North Atlantic until the 19th century, breeding from Canada through Greenland (to Denmark), the Faeroe Islands (to Denmark) and Iceland to Ireland and the UK, with archaeological records from the western coast of Europe from European Russia south to France (Bourne 1993), and wintering offshore south to New England, USA, and southern Spain (Montevecchi and Kirk 1996). The last known pair were killed on Eldey Island, Iceland, in 1844, and the last live bird was seen off the Newfoundland Banks in 1852 (Halliday 1979).","Details of how it was driven to extinction by hunting for its feathers, meat, fat and oil are well known (Grieve 1885). As birds became more scarce, specimen collecting became the proximate cause of their extinction (Birkhead 1994).",Terrestrial|Marine,,Nearctic|Palearctic,1852,FALSE,FALSE,Global,22694856,ANIMALIA,CHORDATA,AVES,CHARADRIIFORMES,ALCIDAE,Pinguinus,Pinguinus impennis,"(Linnaeus, 1758)",,,,EX,Great Auk,North America,United States,Overharvesting,Overharvesting,,JM
205993110,22693185,Numenius tenuirostris,Extinct,,2025,2025-06-16 00:00:00 UTC,3.1,English,"Following methods developed in a series of papers published in 2017 (Akcakaya et al. 2017, Keith et al. 2017, Thompson et al. 2017), the probability that this species is extinct based on records and surveys is 0.994 (0.970-0.999), and the probability it is extinct based on threats is 0.926 (0.808-0.981) (analysis published by Buchanan et al. 2025). It is accordingly considered Extinct. The last documented observation of this species was made in February 1995 in Morocco. The relative impact of threats that caused extinction are imperfectly understood, however habitat loss and hunting are thought to have been the main causes.","Behaviour: This species was migratory (del Hoyo et al. 1996). It was thought to breed in small colonies with nests between 2-3 m and 10-15 m apart (del Hoyo et al. 1996). Early records often referred to the species as occurring in large flocks on migration and in winter. However, the last records almost all involved individuals or small groups. The peak of the autumn migration appears to occur around September, with the spring migration peaking around March (Gretton 1991).Habitat: Breeding The only known nests were recorded in bog-forest transition zones (Gretton 1991) on the northern limit of the forest-steppe zone in habitat more typical of taiga marsh. This may represent either a very specialised breeding habitat requirement, or an unusual use of habitat at the limit of the species' breeding range (Gretton 1991). Non-breeding On migration and in winter, this species used a wide variety of habitats, including saltmarsh, wet grassland, steppe grassland, fishponds, saltpans, brackish lagoons, tidal mudflats, semi-desert, brackish wetlands and sandy farmland next to lagoons. Large coastal wetland complexes may have been especially characteristic, and most records come from close to the sea (Buchanan et al. 2010). When it wintered inland, it inhabited marsh areas fed with freshwater, but with areas of Salicornia indicating that the ground had a high salt content (Gretton 1991).Diet: There is little information on this species' diet: birds at Merja Zerga (Morocco) fed on earthworms and tipulid larvae, while elsewhere insects (there is a suspicion that orthoptera may have been an important food source [N. Crockford in litt. 2012]), molluscs and crustaceans were recorded as prey. Breeding site: A nest found by Ushakov in 1914 was constructed of dry grass with a few leaves of rush Scirpus but little or no sedge (Gretton 1991). The known nests were situated on dry areas of sedge and bog moss some distance from willow scrub or birch grove (Gretton 1991). An analysis of stable isotopes in feather samples from museum skins suggest that the main breeding area was located further south than the historically confirmed sites; in the steppes of northern Kazakhstan and southern central Russia between 48°N and 56°N, with a core area around 50°N (Buchanan et al. 2018).","While the threats that drove this species extinct will never perfectly be known, habitat loss and hunting were likely to have been the two main threats.On the species' probable breeding grounds (see Buchanan et al. 2018), extensive drainage and conversion of steppe to arable farming plausibly drove rapid declines (Buchanan et al. 2018, 2025). In the late 19th century and early to mid-20th century, these changes were particularly widespread (Belik 1994, Klein Goldewijk et al. 2011, Kraemer et al. 2015, Fluet-Chouinard et al. 2023) and were potentially exacerbated by heat-waves and droughts (Schubert et al. 2014). Similar threats are thought to have affected wintering and passage areas. The conversion of European wetlands and central European steppes to arable farmland may have heavily impacted the species by depriving it of important habitats during migration (Gretton 1991, Donald et al. 2010). For example, the Pannonian Plain, from which there are multiple records from multiple sites, has been almost entirely converted to agriculture (Gretton 1991, Buchanan et al. 2025). Gretton (1991) noted that the Evros Delta and Amvrakikos have been drained, while Merja Zerga (the last known wintering locality), in Morocco, stands out as one of the only wetlands in the Maghreb not to be converted to agriculture (Gretton 1991, Buchanan et al. 2025). Historically hunting pressure was high and may have been a significant factor in its decline (although this is difficult to prove), particularly once the population had already been depleted by other threats and habitat loss led to a concentration of birds at relatively few sites. Hunting parties were said to have shot multiple Slender-billed Curlews at Merja Zerga (Morocco) in the 1980s, at a time when the global population size was probably already small. The species was said to be tame (Gretton 1991) and its preference for suptratidal areas (which were also among the first affected by land-use change) probably made it particularly vulnerable to hunting (Buchanan et al. 2025). Some birds were found in food markets (Gretton 1991) and as the species became rarer, so the value of specimens increased (Gretton 1991, Nowak 1995, Buchanan et al. 2025). Following the initial decline, breakdown of social behaviour patterns may have prevented recovery. Historically a gregarious species, smaller groups or individuals may have had difficulty in locating suitable stop-over sites on migration (Gretton 1991).","There are reports that this species was locally quite common historically (Gretton 1991), however as early 1912 it was suggested that it was declining (Ushakov 1912) and a foreboding warning of its extinction was raised (but largely ignored/overlooked) in the 1940s (Stresemann and Grote 1943). By the time an action plan was published in 1996 (Gretton 1996), it was almost certainly too late. In total, 1,174 records were collated by Buchanan et al. (2025) spanning 1820 to 2011. The last specimen was collected in 1983; the most recent confirmed photograph (showing the identification criteria as outlined by Corso et al. 2014) was in Merja Zerga, Morocco, in 1995 (van den Berg 1995). All records since are unconfirmed, and most claims have proven to be Whimbrel N. phaeopus or Eurasian Curlew N. arquata. Despite considerable effort to search for the species (Gallo-Orsi and Boere 2001, Crockford and Buchanan 2017, Buchanan et al. 2025), no documented observations have been made for thirty years.Following methods developed in a series of papers published in 2017 (Akcakaya et al. 2017, Keith et al. 2017, Thompson et al. 2017), the probability that this species is extinct based on records and surveys is 0.994 (0.970-0.999), and the probability it is extinct based on threats is 0.926 (0.808-0.981) (analysis published by Buchanan et al. 2025). It is accordingly considered Extinct. An alternative, Bayesian modelling approach (Solow and Beet 2014: model 2; detailed in Carlson et al. 2018, Bond et al. 2019) also published by Buchanan et al. (2025) reached the same conclusion: 'The probability that the species remains extant in 2022 is less than 5 × 10−8'.",,"The breeding range of this species is not well understood. The only confirmed breeding was near Tara, north Omsk in Siberia, Russia, between 1909 and 1925 (Gretton et al. 2002). Recent stable isotope analysis (Buchanan et al. 2018) has suggested that the majority of the species' breeding range was however to the south of this, centred on the Kazakh Steppe mostly in Kazakhstan.The species' non-breeding range was evidently much more extensive (e.g. Gretton 1991, BirdLife International 1999, Kirwan et al. 2015, Buchanan et al. 2025), but a full elucidation is hampered by identification difficulties (see Corso et al. 2014, Kirwan et al. 2015). For example, most records for the Middle East should now be considered doubtful (Kirwan et al. 2015, R. Porter in litt. 2025), but most specimen or photographed records are from what is assumed to have been the main wintering area in the Mediterranean Basin (Gretton 1991, Kirwan et al. 2008, 2015, Buchanan et al. 2025). The last-known wintering site for the species was Merga Zerga, in western Morocco, where the last sighting was on 23 February 1995 (van den Berg 1995). There have been no verified sightings of the species since, and it is now thought to be extinct (Buchanan et al. 2025).","The degree to which hunting of this species was a factor in its extinction is not well known, but it is acknowledged by Buchanan et al. (2025) that hunting pressure on other species in the range of Slender-billed Curlew is generally high. Gretton (1991) noted that organised hunting trips to Merga Zerga in the 1980s, by which time the species was probably already rare, shot multiple Slender-billed Curlews. The species' preference for supratidal areas may have made it more accessible to hunters, and it apparently was tamer than other shorebirds (Gretton 1991, Buchanan et al. 2025). There are a number of records of skins being found in food markets (Gretton 1991) and skins of the species were increasingly sought by collectors as the species became rarer (Gretton 1991, Nowak 1995, Buchanan et al. 2025).",Terrestrial|Freshwater (=Inland waters)|Marine,,Palearctic,1995,FALSE,FALSE,Global,22693185,ANIMALIA,CHORDATA,AVES,CHARADRIIFORMES,SCOLOPACIDAE,Numenius,Numenius tenuirostris,"Vieillot, 1817",,,,CR,Slender-billed Curlew,Unknown,Unknown,Habitat Loss; Overharvesting; Agriculture; Water Modification,Habitat Loss,Yes,BM
207436539,196773,Peromona erinacea,Extinct,,2021,2012-12-01 00:00:00 UTC,3.1,English,"This species has not been recorded since 1892 despite extensive searches of potentially suitable areas and therefore, is assessed as Extinct.",This species was found in woodland where it occurred in leaf litter.,"This species would have been threatened by habitat deterioration caused by to the effects of invasive plant species, especially the tree Cinnamomum verum.","This species has not been recorded since 1892 and therefore, it is assumed to be extinct.",,This species was endemic to the Seychelles islands where it was recorded from one specimen from Mahe island in 1892.,,Terrestrial,No conservation actions were taken.,Afrotropical,1892,FALSE,FALSE,Global,196773,ANIMALIA,ARTHROPODA,ARACHNIDA,OPILIONES,PODOCTIDAE,Peromona,Peromona erinacea,"Roewer, 1949",,,,EX,,Indian Ocean Islands,Seychelles,Invasive Species; Habitat Loss,Invasive Species,,BM
207438077,201462,Dicrogonatus gardineri,Extinct,,2021,2012-12-01 00:00:00 UTC,3.1,English,"The species has not been located since 1909 despite searches in 2002 and 2011-12 and therefore, is assessed as Extinct.",This species was recorded from 'Jungle'; the habitats of the island are tropical forest.,"This species was threatened by habitat deterioration caused by invasion of introduced tree species, principally Cinnamomum verum.",This species is assumed to be extinct as it has not been recorded since 1909 despite searches in 2002 and 2011-12.,,This species was endemic to the Seychelles island of Mahe where it was recorded in 1909 from 'jungle over 1200 ft.'. It has not been recorded subsequently. The historical area of occupancy (AOO) is estimated at 50 km2.,,Terrestrial,,Afrotropical,1909,FALSE,FALSE,Global,201462,ANIMALIA,ARTHROPODA,ARACHNIDA,HOLOTHYROIDAE,HOLOTHYRIDAE,Dicrogonatus,Dicrogonatus gardineri,"(Warburton, 1912)",,,,EX,Gardiner's Giant Mite,Indian Ocean Islands,Seychelles,Invasive Species; Habitat Loss,Invasive Species,,MX
208112544,22687333,Riccordia bracei,Extinct,,2022,2021-09-22 00:00:00 UTC,3.1,English,"This species is known from the island of New Providence, Bahamas, but has been driven to extinction by human disturbance. A specimen was taken in 1877 and it was probably Extinct soon afterwards: subsequent collectors found no trace of it.","Nothing is known, though it was likely to have been typical of the genus.","The cause of its extinction is unknown, presumably owing to some kind of human disturbance (Olson and Hilgartner 1982).",None remain.,,"Chlorostilbon bracei is known only from the type, described in 1877 by Lawrence, from New Providence, Bahamas (Olson and Hilgartner 1982), although fossil hummingbird bones found on the island (Graves and Olson 1987) are probably also referable to this species (Olson and Hilgartner 1982).",,Terrestrial,,Neotropical,1877,FALSE,FALSE,Global,22687333,ANIMALIA,CHORDATA,AVES,CAPRIMULGIFORMES,TROCHILIDAE,Riccordia,Riccordia bracei,"(Lawrence, 1877)",,,,EX,Brace's Emerald,Island,Island,Unknown,Unknown,Yes,MU
208117613,22728709,Riccordia elegans,Extinct,,2022,2021-09-22 00:00:00 UTC,3.1,English,"This taxon is known from one specimen, probably from Jamaica, taken in 1860. It is now Extinct, likely due to deforestation or predation by introduced species.","Nothing is known, though it is likely to be typical for the genus.","Reasons for its extinction are difficult to infer, though the extinction of its preferred food plants or habitat through deforestation, or predation by introduced mammals may be responsible.",No extant population remains.,,"Chlorostilbon elegans, described from a single specimen in the Natural History Museum at Tring by Gould in 1860, was recently shown by Weller (1999) to be a valid species. It is extinct, but is inferred to possibly have occurred in Jamaica or the north Bahamas.",,Terrestrial,,Neotropical,1860,FALSE,FALSE,Global,22728709,ANIMALIA,CHORDATA,AVES,CAPRIMULGIFORMES,TROCHILIDAE,Riccordia,Riccordia elegans,"(Gould, 1860)",,,,EX,Caribbean Emerald,Caribbean,Caribbean,Invasive Species; Habitat Loss,Invasive Species,,MG
208118758,62184893,Aegolius gradyi,Extinct,,2022,2021-09-22 00:00:00 UTC,3.1,English,This species was described from fossil records and likely accounts for observations of owls on Bermuda in the early 17th century. It is long Extinct.,"Nothing is known, although it presumably inhabited native forest.","The cause of extinction is unknown, but may have been driven by the decline of native cedar and palmetto trees following human colonisation, along with the arrival of alien predators and competitors (Olson 2012).",No extant population remains.,,"Aegolius gradyi is known only from Bermuda. It was described from fossil remains by Olson (2012) who, in reviewing accounts dating from the early 1600s, considers it likely to have persisted into the historic period.",,Terrestrial,,Nearctic,1600s,FALSE,FALSE,Global,62184893,ANIMALIA,CHORDATA,AVES,STRIGIFORMES,STRIGIDAE,Aegolius,Aegolius gradyi,"Olson, 2012",,,,EX,Bermuda Saw-whet Owl,Unknown,Unknown,Invasive Species; Unknown,Invasive Species,Yes,BM
208124384,62322970,Colaptes oceanicus,Extinct,,2022,2021-09-22 00:00:00 UTC,3.1,English,"This woodpecker was recently-described from subfossil remains. It is likely to have persisted into the 17th century, but is long Extinct.",This species would probably have excavated nest holes in Sabal bermudana palm trees and in rotten limbs and stumps of hardwoods; these excavations would have been crucial for the evolution of the small owl Aegolius gradyi (Olson 2013).,"The cause of extinction is unknown, but may have been driven by the decline of native cedar and palmetto trees following human colonisation, along with the arrival of alien predators and competitors.",None persisted to be documented in modern times.,,Colaptes oceanicus was described from subfossil remains from Bermuda by Olson (2013). He reviewed historic accounts and regarded the species as likely to have persisted into the colonial period in the 1600s.,,Terrestrial,,Neotropical,1623,FALSE,FALSE,Global,62322970,ANIMALIA,CHORDATA,AVES,PICIFORMES,PICIDAE,Colaptes,Colaptes oceanicus,"Olson, 2013",,,,EX,Bermuda Flicker,Unknown,Unknown,Invasive Species; Unknown,Invasive Species,Yes,MX
208124938,22728892,Caracara lutosa,Extinct,,2022,2021-09-22 00:00:00 UTC,3.1,English,"This species was endemic to Guadalupe Island, Mexico, but has been driven Extinct due to persecution by settlers. It was last recorded in 1903.",It is likely to have occurred throughout the island in open habitats.,"The island was once heavily vegetated, but grazing by goats has almost entirely denuded it (Jehl 1983). However, the primary cause of the species's decline was direct persecution by settlers (Greenway 1967).",None remain.,,"Caracara lutosa was endemic to Isla Guadalupe, Mexico. It was last recorded in 1903 and is now extinct (Howell and Cade 1953).",The species was directly persecuted by settlers (Greenway 1967).,Terrestrial,,Nearctic,1903,FALSE,FALSE,Global,22728892,ANIMALIA,CHORDATA,AVES,FALCONIFORMES,FALCONIDAE,Caracara,Caracara lutosa,"Ridgway, 1876",,,,EX,Guadalupe Caracara,North America,Mexico,Invasive Species; Agriculture,Invasive Species,,US
208157102,22728662,Anas theodori,Extinct,,2022,2021-09-23 00:00:00 UTC,3.1,English,"This species was found on Mauritius, but is now Extinct having not been recorded since 1696. Hunting is likely to have caused its extinction.","Reports indicate that it was found ""on lakes and ponds in the woods"".",The species was presumably hunted to extinction.,No extant population remains.,,"The species was endemic to Mauritius, and is known from a number of explorers' accounts (Cheke 1987), and bones (Cowles 1987). Although in 1681, the ""gray teal"" was found in ""great numbers"" it was becoming rare by 1693, and was last mentioned as extant in 1696. There are also numerous travellers' reports of sarcelles and canards from Réunion, and so presumably this or a similar species also occurred there, where they were extinct by 1710 at latest, although no bones have been found (Cheke 1987).",The species was presumably hunted to extinction.,Freshwater (=Inland waters),,Afrotropical,1696,FALSE,FALSE,Global,22728662,ANIMALIA,CHORDATA,AVES,ANSERIFORMES,ANATIDAE,Anas,Anas theodori,"Newton & Gadow, 1893",,,,EX,Mauritius Duck,Indian Ocean Islands,Mauritius,Overharvesting,Overharvesting,,AU
208158571,22696558,Tachybaptus rufolavatus,Extinct,,2023,2022-11-10 00:00:00 UTC,3.1,English,"Thorough surveys of Lake Alaotra in 1989, and further surveys in 2004 and 2009 failed to find any evidence of the species. Multiple methods for determining the likelihood of extinction have used the sighting history of this species as a test dataset and each has determined that the species is extinct beyond reasonable doubt. The probability of the species being extinct from these models first exceeded 95% during the period between 1989 and the start of 2005. Separately, an expert-led assessment of the probability of extinction based on the severity and spatial extent of threats concluded there was 90% probability that it was extinct. Considering the last confirmed sighting of the species was in 1985 despite adequate survey of remaining habitat within the potential range, and in view of the threats to the species, its lack of mobility and restricted range, this species is considered to be Extinct.","Behaviour This species was presumed to be strongly sedentary since its small wings render it unable to fly long distances. Some movements to highland lakes and ponds other than Lake Alaotra were thought to have occurred as a result of the degradation of its preferred habitat, as opposed to representing habitual movement (del Hoyo et al. 1992). It was usually found in pairs, sometimes in association with T. ruficollis (Langrand 1990). It was thought to have a flexible breeding season, with historical records of breeding in April-June and in January-March (del Hoyo et al. 1992). Habitat Lake Alaotra is a large, shallow, brackish lake. Its shores were historically covered with dense vegetation including papyrus and reeds, which may have been important for this species (del Hoyo et al. 1992). Diet It fed almost exclusively on fish (Langrand 1990). Breeding site Nothing was known of its breeding ecology (Langrand 1990).","Several major factors contributed to this species' extinction. The primary driver of the rapid population reduction and loss of most individuals is considered to be the introduction of the carnivorous fish Micropterus salmoides and Channa striata (ZICOMA 1999), which caused adult mortality but more significantly reduced reproduction to near-zero. These fish were introduced to the Alaotra basin in the 1950s and very rapid population declines appear to have commenced shortly afterwards. Additional introductions of exotic plants, mammals and fish, especially Tilapia, probably depleted essential foods for the species (Pidgeon 1996). Conversion of natural habitat for agriculture also occurred at an increasing rate during this time, with deforestation resulting in sedimentation from soil erosion and water quality being lowered, and considerable area has been converted to rice farms (Wilmé 1994). The use of monofilament nylon gill-nets at Lake Alaotra proliferated more recently, to the extent that they now cover a large part of the open lake. They undoubtedly kill many diving waterbirds; however the introduction of this fishing method probably only happened after the grebe had already been greatly reduced in number or had disappeared (Hawkins et al. 2000). The final few individuals may have been lost through hybridisation with T. ruficollis, although this appears to have been occurring for a long time as the type series from 1932 includes a presumed hybrid (Delacour 1932, Collar and Stuart 1985, Hawkins et al. 2000). Poaching may also have played a role in the extinction of the species (Wilmé 1994), although larger-bodied waterbirds are thought to have always been the primary target of hunters (Hawkins et al. 2000).","The species was described in 1932 from Lake Alaotra (Delacour 1932) and in 1960 grebe flocks on the lake contained c. 50 individuals alongside Little Grebe T. ruficollis and Madagascar Little Grebe T. pelzelnii, but also a number of hybrids with T. ruficollis (Voous and Payne 1965, Collar and Stuart 1985). Thirteen specimens were collected at this time (Voous and Payne 1965), presumably out of the total of 50 (Hawkins et al. 2000). Numerous other reports from a wider area are given in Collar and Stuart (1985), but none were documented and were subsequently considered to be in error for T. pelzelnii. In 1982 c. 12 individuals were identified as still present, along with several hybrids (Hawkins et al. 2000). Two or three individuals were then recorded in 1985 near Andreba on Lake Alaotra, when the only known photographs of the species in the wild was taken (Hawkins et al. 2000, P. Thompson. in litt. 2022). There have been no further confirmed sightings despite considerable survey effort (Hawkins et al. 2000). The sighting series for the species has been used in the development of models to determine extinction probability using both linear modelling and Bayesian approaches (Lee et al. 2014, Thompson et al. 2017, 2019): these all conclude the species became extinct prior to 1995. Separately, an assessment of the likely impact of the combination of threats faced by the species concluded that the severity and extent indicated a 90% probability of extinction for the species (Keith et al. 2017).",,"Tachybaptus rufolavatus was endemic to Madagascar and known chiefly from Lake Alaotra (ZICOMA 1999). There have been no confirmed sightings since 1985 when two were seen (in addition to several apparent hybrids) near Andreba on Lake Alaotra in September 1985 (Hawkins et al. 2000, P. Thompson in litt. 2022). After this an adult and an immature were reported as the species in 1986 (B. Dawson, unpublished report) and two individuals (also an adult and an immature) which may have been Alaotra Grebe were again reported in 1988 (D. Thorn, unpublished report) but these were not documented and may have been hybrids (Hawkins et al. 2000). Survey visits to Lake Alaotra in 1989-90 (Young and Smith 1989, Wilmé 1994) 1993 and 1994 (Pidgeon 1996), then 1997-1999 failed to produce any sightings, prompting a targeted survey in 1999 which only located four T. pelzelnii (ZICOMA 1999, Hawkins et al. 2000). Visits in 2000 found no individuals (of this or any species of Tachybaptus) on Lake Alaotra or surrounding lakes, and further surveys drew blanks in 2004 and 2009 (H. G. Young in litt. 2009). Records outside the Lake Alaotra region were unreliable as species was probably incapable of prolonged flight, so in all likelihood never occurred very far from Lake Alaotra (ZICOMA 1999, Hawkins et al. 2000). Checks of additional potential sites, in particular Lake Amparihinandriamabavy (F. Hawkins in litt. 2009), have failed to find any grebes. It is now considered extinct, as no suitable wetlands remain unsurveyed in the Alaotra region (H. G. Young in litt. 2009).","Some deliberate take of the species for food has been reported (Wilmé 1994), although larger waterbirds were more likely targets than the much smaller bodied grebes (Hawkins et al. 2000).",Freshwater (=Inland waters),,Afrotropical,1985,FALSE,FALSE,Global,22696558,ANIMALIA,CHORDATA,AVES,PODICIPEDIFORMES,PODICIPEDIDAE,Tachybaptus,Tachybaptus rufolavatus,"(Delacour, 1932)",,,,EX,Alaotra Grebe,Africa,Madagascar,Invasive Species; Habitat Loss; Overharvesting; Agriculture,Invasive Species,,NZ
208161346,103772527,Pipilo naufragus,Extinct,,2022,2021-09-23 00:00:00 UTC,3.1,English,"This species was endemic to Bermuda, but was likely driven Extinct by invasive predators following human settlement of the island in 1612.",Nothing is known.,Invasive predators likely drove this species to extinction.,No extant population remains.,,This extinct taxon was known only from Bermuda.,,Terrestrial,,Nearctic,1612,FALSE,FALSE,Global,103772527,ANIMALIA,CHORDATA,AVES,PASSERIFORMES,PASSERELLIDAE,Pipilo,Pipilo naufragus,"Olson, 2012",,,,EX,Bermuda Towhee,Island,Island,Invasive Species; Urbanization,Invasive Species,,PT
208162407,22724314,Quiscalus palustris,Extinct,,2022,2021-09-23 00:00:00 UTC,3.1,English,"This species was known from the Rio Lerma area, Mexico, but it has not been recorded since 1910 and is now Extinct. The draining of its wetland habitat is likely to have been the cause.",It inhabited tule-cattail and sedge filled marshes.,Its extinction was due to the draining of its habitat.,None remain.,,"Quiscalus palustris had a small distribution in the Lerma marshlands, in the state of México, Mexico (Dickerman 1965), and probably also in Xochimilco in the Valley of Mexico (Peterson 1998). It was last recorded in 1910 (Stattersfield et al. 1998), and presumably became extinct soon after (Hardy 1967).",,Terrestrial|Freshwater (=Inland waters),,Nearctic|Neotropical,1910,FALSE,FALSE,Global,22724314,ANIMALIA,CHORDATA,AVES,PASSERIFORMES,ICTERIDAE,Quiscalus,Quiscalus palustris,"(Swainson, 1827)",,,,EX,Slender-billed Grackle,North America,Mexico,Water Modification,Water Modification,,CN
209512755,103823664,Hemignathus affinis,Extinct,,2024,2024-02-26 00:00:00 UTC,3.1,English,"Following methods developed in a series of papers published in 2017 (Akcakaya et al. 2017, Keith et al. 2017, Thompson et al. 2017), the probability that the species is extinct based on records and surveys is 0.94, and the probability it is extinct based on threats is 0.91. Accordingly, it is classified as Extinct. Endemic to Maui, H. affinis was confined to the upper slopes of Haleakala. The last specimens were taken in 1896 by Perkins (in Banko 1984). Although Pratt and Pyle (2000) express some scepticism of the 20th century records, the USFWS (2023) consider the last genuine record to be in 1996 (Reynolds and Snetsinger 2001). Recent searches and extensive surveys for other species on Maui, have failed to locate it. It was driven to extinction by habitat loss and degradation, introduced rats, cats, pigs and other non-natives, and in particular as a result of avian malaria and avian pox viruses from introduced mosquitoes.","Hemignathus affinis inhabited dense, wet 'ohi'a forest and the higher parts of mesic koa-'ohi'a forest (Scott et al. 1986, Pratt et al. 1987). All recent reported sightings were between 1,450 and 2,000 m, mostly at the lower end of that range (Scott et al. 1986) although the most recent 1996 record was at 1,890 m. Foraging habits were similar to H. hanapepe in that it fed on wood-borers, spiders and beetles (Scott et al. 1986, Pratt et al. 1987, Conant et al. 1998, Reynolds et al. 1995). It hunted along the upper and lower surfaces of branches, both up and down the trunks (Perkins 1903) probing the bark on living and dead trees. It also gleaned caterpillars from the leaves of low trees (Munro 1960). According to Munro (1960), when feeding it would insert its longer, decurved, upper mandible into crevices and holes to hook out arthropods and then catch them with its tongue and lower mandible.","Since the arrival of humans in the Hawaiian Archipelago, Hawai’i’s forest birds have undergone tremendous losses and face a panoply of threats. At least 71 taxa of Hawaiian birds disappeared before the arrival of Captain James Cook in 1778, 24 more have been extirpated since (Banko and Banko 2009). With the arrival of the Polynesians between 1000 and 1200 CE, almost all lowland forests were felled and burned to make way for agriculture (Kirch 1982). This loss continued with the arrival of European and American settlers. Forests continued to be cleared until only high-elevation forest remained. Much of the forest that remains has been invaded by non-native species. Hawai’i has a long history of non-native species. The arrival of Polynesians brought pigs Sus scrofa, dogs Canis familiaris and Polynesian Rats Rattus exulans. With Europeans and Americans came Black R. rattus and Brown Rats R. norvegicus, cats Felis catus, mongoose Herpestes auropunctatus, feral goats Capra hircus, cattle Bos taurus, deer Axis axis, more than 50 species of birds (Atkinson and Lapointe 2009), plants, invertebrates, and diseases. Introduced ungulates have severely damaged forest structure through herbivory and the dispersal of invasive plants, rendering it far less suitable for H. affinis and other forest birds. Rats, cats and mongoose predate both nests and adult birds (Lindsey et al. 2009), while non-native birds may also compete with them for resources (Foster 2009). Non-native avian diseases introduced to Hawai'i are some of the most pervasive threats faced by native birds and are likely to be the main cause of many previous extinctions. Both avian malaria Plasmodium relictum and avian pox Avipoxvirus spp. are transmitted by the Southern House Mosquito Culex quinquefasciatus, currently climatically restricted to elevations below 1,500 m and responsible for the disappearance of many highly susceptible Hawaiian forest birds from elevations below this. Maui still retains some forest above 1,500 m, offering some refugia from these fatal diseases. However, the quality and intactness of this forest is less than pristine. Wallows created by feral pigs provide additional breeding habitats for Culex and allow it to infiltrate deeper into forests (Lapointe et al. 2009). As the climate warms the elevational limits of Culex will shift upslope and the area of suitable, mosquito-free forest will shrink even more (Atkinson and Lapointe 2009).The extinction of other Maui species such as Maui-nui Akialoa Akialoa lanaiensis, that occupied somewhat similar niches to H. affinis, suggest the threats posed by avian diseases, habitat loss and non-native species on Maui are severe enough to drive the species to extinction.","After no sightings for more than 60 years, Hemignathus affinis was rediscovered in 1967 (Banko 1968). There were then almost 30 subsequent claimed reports (with the last being made in 1996: Reynolds and Snetsinger 2001), however most, if not all, of these observations are thought to be misidentifications of Chlorodrepanis virens and possibly Pseudonestor xanthophrys (Pratt and Pyle 2000). However, a number of records have been by highly qualified observers and the last confirmed sighting is considered to be the 1996 record from Hanawi Natural Area Reserve (Reynolds and Snetsinger 2001, USFWS 2023). There have however been no claims made since and the species is widely considered extinct by multiple sources. Following methods developed in a series of papers published in 2017 (Akcakaya et al. 2017, Keith et al. 2017, Thompson et al. 2017), the probability that this species is extinct based on records and surveys is 0.91, and the probability it is extinct based on threats is 0.94. It is accordingly considered Extinct. In addition to the extinction probability assessment made here, the USFWS (2023) delisted H. affinis from the Federal Lists of Endangered and Threatened Wildlife and Plants due to presumed extinction.",,"Hemignathus affinis was endemic to Maui in the Hawaiian Islands, U.S.A. It was found on the eastern and north-eastern slopes of Haleakala, in Hosmer's Grove and Waikamoi Preserve and from the Hanawi drainage east to Kipahulu Valley (Pratt and Pyle 2000). There have been no other confirmed sightings since 1996 despite extensive effort in a large proportion of the historic range, including annual surveys by the National Park Service (NPS), two State sanctioned surveys, monthly surveys in Hanawi, The Nature Conservancy (TNC) surveys and efforts by the Maui Forest Bird Recovery team. Although not all of these programmes surveyed locations where the species was last observed, many surveyed highly likely locations (Pratt and Pyle 2000, R. Camp in litt. 2003).","Historically Hawaiian honeycreepers were used extensively by indigenous people both for food and feathers (Amante-Helweg and Conant 2009). Feathers were used to manufacture numerous cultural artefacts such as mahiole (feathered helmets), 'ahu'ula (feathered capes), malo (loin cloths) and 'aumakua hulu manu (icons of royal battle gods) (Amante-Helweg and Conant 2009). Primarily, the red feathers of Iiwi Drepanis coccinea and the black and yellow feathers of Oo Moho spp. and Hawaii Mamo D. pacifica were used for these purposes. Despite its yellow feathers, there is no direct evidence to suggest that H. affinis was used to manufacture feathered objects, although it is plausible. Likewise, they plausibly may have been taken for food as other honeycreepers were (Amante-Helweg and Conant 2009). The use of Hawaiian honeycreepers for food and cultural artefacts has not occurred for a number of centuries (Amante-Helweg and Conant 2009).",Terrestrial,,Oceanian,1996,FALSE,FALSE,Global,103823664,ANIMALIA,CHORDATA,AVES,PASSERIFORMES,FRINGILLIDAE,Hemignathus,Hemignathus affinis,"Rothschild, 1893",,,,EX,Maui Nukupuu,Pacific Islands,Hawaii,Invasive Species; Habitat Loss; Agriculture; Climate Change,Invasive Species,,CN
209549918,136769,Pipistrellus murrayi,Extinct,,2017,2016-08-07 00:00:00 UTC,3.1,English,"This species is listed as Extinct. There has been extensive survey work for, and monitoring of, this species over recent decades which has documented a dramatic population decline from previously being common and widespread across Christmas Island. It was listed as Critically Endangered in 2006 after a decline in excess of 90% in three generations (12–15 years) based on an index of relative abundance from bat detectors, and subsequently by direct observation of the remaining individuals at a single roost. In January 2009, the total known adult population was four individuals and the estimated population was considered to be fewer than 20 individuals. By August 2009, only one remaining individual was found during an extensive survey, which was recorded consistently each day in its foraging and roosting areas. This individual disappeared on 27 August 2009 and no individuals have been located since, despite extensive searching using proven techniques. ","Pipistrellus murrayi roosted under bark, in dead foliage, and in tree hollows. Maternity roosts were discovered in late 2005 under shedding bark of dead forest trees (Tristiropsis acutangula and Inocarpus fagifer), many of which were heavily decayed and collapsed soon after (Lumsden et al. 2007). Females formed colonies of up to approximately 50 individuals, while males often roosted solitarily (Lumsden et al. 1999, 2007). Generation length of this species was likely to be 4-5 years. This species roosted in mature, tropical, evergreen, closed canopy rainforests and mature, tropical, semi-deciduous rainforests (Lumsden et al. 1999, James and Retallick 2007, Lumsden et al. 2007). It foraged in and over these forests and also along tracks, and in and over secondary forests and thickets of woody weeds (Lumsden et al. 1999, James and Retallick 2007, Lumsden et al. 2007). It fed on a range of small flying invertebrates, predominantly moths, beetles, and flying ants (Lumsden and Schulz 2009).","The reasons for the decline and ultimate extinction of P. murrayi remain unclear. While habitat loss may have caused some declines in the past, 75% of Christmas Island is covered by primary or secondary rainforest, with little change in the amount of available habitat during the period of decline. Furthermore, most of the species’ range was within a National Park. The major threats to the species may have included predation or disturbance to bats within their roosts from introduced species, e.g. Common Wolf Snake (Lycodon capucinus), Feral Cat (Felis catus), Black Rat (Rattus rattus) and Giant Centipede (Scolopendra subspinipes) (Lumsden et al. 2007). Although not considered the primary cause of decline, as the spatio-temporal pattern did not closely match the pipistrelle’s decline, a series of recent population explosions of Yellow Crazy Ants (Anoplolepis gracilipes) is likely to have led to some habitat change, likely decline in invertebrate prey resources, and may also have disturbed individuals at roost sites. It is also possible that some disease may have contributed to the decline, however, individuals captured over the period of decline appeared to be in good health, with the exception of low white blood cell counts, although the significance of these findings was unclear (Lumsden et al. 2007). Even the last known individual appeared to behave normally before it vanished.","Because Pipistrellus murrayi was the only echolocating bat on Christmas Island, ultrasonic bat detectors were an effective technique for documenting its status, as it was readily recorded and could not be confused with, or obscured by, other species. Intensive detector sampling over many years (intermittent between the mid-1990s and 2004, and then almost continuous until and after its extinction) has provided an unusually detailed documentation of its decline, resulting in it being one of the most intensely monitored bat species on the planet.Although there were no reliable population estimates, P. murrayi was reported to be abundant and widespread across Christmas Island at the time of its first settlement (1890s) (Andrews 1900), and was still abundant and widespread at the time of the first substantial study of it in 1984 (Tidemann 1985). By 1994 its range had contracted away from the north-east section of the island (which is where the only town is located), its distribution had become patchy, and it had started to decline in abundance (Lumsden and Cherry 1997). Between 1994 and 1998 there was a further westward range contraction and an apparent mean reduction of 33% in relative abundance, although this was not statistically significant (Lumsden et al. 1999, Schulz and Lumsden 2004). Between 1998 and 2004 there was a decline of between 55 and 65% in relative abundance and a continuing westward contraction of range of about 25 to 50% (James 2005). This decline continued and the species was then (ca 2007) considered to be confined to the far west of the island, no longer occurring across more than 90% of its former range (James and Retallick 2007, Lumsden et al. 2007). Long-term monitoring using bat detectors indicated this species underwent a 90% decline in abundance between 1994 and 2006 (James and Retallick 2007, Lumsden et al. 2007). This decline continued at a severe and consistent rate with the species disappearing from many of the few remaining sites where it was present in 2006 (Parks Australia North Christmas Island unpub. data).In December 2008, the remaining P. murrayi population was thought to be restricted to a single foraging area and a single roost area (Lumsden and Schulz 2009). Although the remaining single known roost site had previously contained as many as 50 individuals, by January 2009 there were only four adults present. The behaviour of these individuals suggested that they were lactating females with four dependent young in the roost. The total population was then estimated to be fewer than 20 individuals in order to account for the possibility of small undetected colonies (Lumsden and Schulz 2009). Lumsden and Schulz (2009) stated that the January findings indicated that without urgent intervention there was an extremely high risk that the species would become extinct in the near future. While it could not be precisely predicted when this would occur if there was no intervention, it was predicted that this could occur within the following six months.Unfortunately, this predicted extinction of the species was realised. After the January findings, approval was urgently sought to capture the remaining individuals for a captive breeding program, the details of which had been outlined in a feasibility report (Lumsden and Schulz 2009). Rather than acting immediately the Australian government established an Expert Working Group, and waited for its report in July 2009 (Beeton et al. 2009) before approving this intervention. In August 2009, a team of bat experts and captive breeding specialists attempted to take the remaining individuals into captivity. During the four weeks of intensive sampling, which employed 30 bat detectors each night to document the location of the remaining individuals, only one individual could be found, and despite extensive trapping efforts using standard and innovative techniques, it evaded all attempts to catch it (Lumsden 2009). On 27 August 2009 this individual also disappeared, and all survey and trapping attempts since that night have failed to detect the species. This is one of the few times that an extinction of a species in the wild can be marked to the day. The failure of the responsible agencies and managers to act quickly in response to the evidence of the rapid population decline is considered to have contributed to the extinction of this species (Lunney et al. 2011, Martin et al. 2012).",,"This species was endemic to Christmas Island (approximately 135 km² in area), Australia, which is in the eastern Indian Ocean. Although this bat was once widespread on the island, the last known individuals were recorded in the far western section of the island with no records from the rest of the island for a number of years.",,Terrestrial,"Pipistrellus murrayi is now extinct, as exhaustive surveys, using techniques that previously reliably detected the species, have been undertaken without success throughout its previously known range at appropriate times, habitat and locations, and over an appropriate time frame. A Recovery Plan for this species was prepared in 2004 (Schulz and Lumsden 2004). The plan’s implementation was reviewed by James and Retallick (2007), who considered that most actions had been implemented, although not sufficiently to determine the cause of the decline.",Indomalayan,27 August 2009,FALSE,FALSE,Global,136769,ANIMALIA,CHORDATA,MAMMALIA,CHIROPTERA,VESPERTILIONIDAE,Pipistrellus,Pipistrellus murrayi,"Andrews, 1900",,,,EX,Christmas Island Pipistrelle,Oceania,Australia,Invasive Species; Habitat Loss; Disease; Unknown,Invasive Species,,CV
209950103,22727515,Coenocorypha iredalei,Extinct,,2024,2023-09-30 00:00:00 UTC,3.1,English,This species has been extirpated from its historic range by introduced mammalian predators; it was last recorded in 1964 and is classified as Extinct.,"The species is assumed to have had similar habits to the extant C. aucklandica, and thought to have possessed a similar nocturnal aerial display, the origin of the hakawai (Miskelly 1987, 1999).","Many local extinctions have occurred in the past, probably caused by various introductions of Pacific rat Rattus exulans, cats Felis catus, and Weka Gallirallus australis (Higgins and Davies 1996). Populations on South Island and on Stewart Island were most likely extirpated following the introduction of Pacific Rat Rattus exulans with the Maori (Miskelly 2013). The introduction of Weka to Jacky Lee Island by muttonbirders in 1911 is suspected to have caused extinction here before 1928 (Miskelly 2013), while it was the accidental introduction of black rats Rattus rattus onto Taukihepa in 1964 that is very likely to have ultimately caused the extinction of C. iredalei (Miskelly 2012, 2013).",The species is considered extinct.,,"C. iredalei previously occurred on the South Island, Stewart Island and numerous small islands off the South Island (New Zealand).",,Terrestrial,,Oceanian,1964,FALSE,FALSE,Global,22727515,ANIMALIA,CHORDATA,AVES,CHARADRIIFORMES,SCOLOPACIDAE,Coenocorypha,Coenocorypha iredalei,"Rothschild, 1921",,,,EX,South Island Snipe,Oceania,New Zealand,Invasive Species,Invasive Species,,GT
211437583,39483,Pieris wollastoni,Extinct,,2025,2023-04-17 00:00:00 UTC,3.1,English,"This species is listed as Extinct because it has not been recorded on Madeira Island, where it was endemic, since 1986. Whilst some areas of inaccessible laurel forest remain unsurveyed (and which could only ever be surveyed by drones), a significant proportion of this habitat was searched in 2021 and 2022. The inaccessible sites can only be viewed through binoculars, and the Madeiran Large White was a conspicuous and mobile butterfly (it was often seen in urban areas) and would be easily seen and identified even from a distance, but no evidence of its presence was found during these intensive surveys, nor in the preceding 35 years. If this butterfly was still present on Maderia, there is no doubt that it would have been seen at least once since the last recording in 1986. For this reason, Wiemers et al. (2022) concluded the butterfly is extinct.","This butterfly seems to have been restricted to laurel forests at middle altitudes (500-1,000 m) until 1950, but afterwards was also recorded in cultivated land. However, a later study (Lace and Jones 1984) found it exclusively associated with laurel and tree heather habitats. Cabbage (Brassica oleracea) and Nasturtium (Tropaeolum majus) are the only known larval hostplants, but since these species were introduced to Madeira in the 15th Century, the butterfly must have utilised unknown native hostplants. The caterpillars lived in small groups, dispersing in the later instars, when they were ready to pupate. Hibernation took place in the pupal stage. This butterfly produced several generations a year and could be found from March until November. Detailed habitat descriptions are not available.","The reasons for the sudden decline of this species are unknown, but some relationship with the introduction and sudden mass occurrence of the Small White (Pieris rapae) appears probable. Gardiner (2003) suggested the associated import of another strain of Granulosis virus, to which Pieris wollastoni was not adapted. Lozan et al. (2007) suggested the introduction of an alien parasitoid such as Cotesia glomerata as a possible cause. Other possible reasons for the demise of P. wollastoni include pesticide use in cabbage fields and the decline of its native larval hostplant.","The Madeiran Large White was considered rare in the 1970s, but there are some reports from the 1980s, in which lepidopterists reported it to be widely distributed. However, searches for this species in the early 1990s were unsuccessful. A recent, thorough survey of the island (Wiemers et al. 2022) failed to find the butterfly and therefore since it has not been recorded since 1986, it is now believed to be extinct.",,"This species was endemic to the European region where it only occurred on the island of Madeira (Portugal).The Madeiran Large White was previously reported to be widely distributed across the island, however, a recent survey of the island (Wiemers et al. 2022) failed to find the butterfly and it has therefore not been recorded since 1986 and is now believed to be extinct.",Information on previous use or trade of this species is not available.,Terrestrial,"A species action plan has been published for this butterfly (Wiemers et al. 2022) which summarises the species' ecology, historical distribution and its decline to extinction.",Palearctic,1986,FALSE,FALSE,Global & Europe,39483,ANIMALIA,ARTHROPODA,INSECTA,LEPIDOPTERA,PIERIDAE,Pieris,Pieris wollastoni,"(Butler, 1886)",,,,CR,Madeiran Large White,Europe,Europe,Invasive Species; Pollution; Urbanization; Unknown,Invasive Species,,CO
212912048,212912045,Triplophysa cuneicephala,Extinct,,2023,2022-11-03 00:00:00 UTC,3.1,English,"This species was native to Yongding He at the Sanjiadian section, Beijing, China. This species was pushed to extinction due to habitat change. The type locality was changed from streams to a reservoir. No specimens have been caught since the 1950s, despite surveys, and it is now considered to be Extinct.",This species was found in small streams and tributaries.,This species was pushed to extinction due to habitat change. The type locality was changed from streams to a reservoir.,"This species still reportedly occurred in Yongding He in the late 1950s, but no additional specimens have been captured since, despite surveys, and it is now considered extinct.",,"This species was native to Yongding He at the Sanjiadian section, Beijing, China.",This species was not used.,Freshwater (=Inland waters),This fish has been listed as second class protected aquatic animal of Beijing.,Palearctic,1950s,FALSE,FALSE,Global,212912045,ANIMALIA,CHORDATA,ACTINOPTERYGII,CYPRINIFORMES,NEMACHEILIDAE,Triplophysa,Triplophysa cuneicephala,"(Shaw &amp; Tchang, 1931)",,,,EX,,Asia,China,Unknown,Unknown,Yes,CA
214530112,205789017,Anabarilius qionghaiensis,Extinct,,2024,2023-06-13 00:00:00 UTC,3.1,English,"This species used to be abundant, and used as a local food fish in the Qionghai Lake, Sichuan, China. The species was recorded regularly in the 1950s, however since the 1970s, as a result of population declines from invasive species and pollution, the species has not been recorded. Even regular surveys in recent years which targeted the species (during 2015-2017, 2020-2023), no records were found. There is therefore no reasonable doubt that the last individual has died, and captive individuals are not in place. As such, this species is assessed as Extinct.","This species is lacustrine but there is little information on habitat requirement and ecology available. Like some congeners, it is possible that the species dwells in mid-upper water layers of lakes, preferring lotic water. It may similarly spawn in running water, or wave-lapped gravelly-substrate littoral shoals, laying sticky eggs attached to aquatic plants or gravels.","This species was under threat from introduced fish species, declining water quality owing to domestic pollution (from local tourism industry development), agricultural pollution (from pesticides and fertilizers) or siltation (from soil erosion in catchment area), loss of aquatic vegetation (due to local residents’ sabotage, introduced herbivorous fish and sediment deposition), and overfishing. Invasive species (such as anchovies that feed on eggs and larvae) and pollution are believed to have been the main cause of extinction.","This species was once known locally as one of the major economically valued fish during the 1950s within the region. However, it has not been recorded since the 1970s, and despite multiple targeted surveys (during 2015-2017, 2020-2023), the species has not been found.",,"This species was known only from a single lake, the Qionghai Hu, Xichang, Sichuan Province, China. It is now considered to be extinct in this lake.","This species was previously used as a food fish, but it is now considered to be extinct.",Freshwater (=Inland waters),The species is considered to be extinct. No conservation measures are therefore in place.,Indomalayan,1970,FALSE,FALSE,Global,205789017,ANIMALIA,CHORDATA,ACTINOPTERYGII,CYPRINIFORMES,XENOCYPRIDIDAE,Anabarilius,Anabarilius qionghaiensis,"Chen, 1986",,,,EX,,Asia,China,Invasive Species; Overharvesting; Agriculture; Pollution; Urbanization,Invasive Species,,BM
217783334,13152363,Chioninia coctei,Extinct,,2022,2012-09-17 00:00:00 UTC,3.1,English,Listed as Extinct on the basis that this species has not been found in recent surveys of the only Cape Verde islands where it was known to survive (it was last seen alive in 1912).,"This species inhabited rocky clefts within seabird colonies (shearwaters and petrels), where skinks lived communally. This was a crepuscular and partially nocturnal lizard (Vaillant 1882), which preyed on bird eggs and fledglings (Hazevoet 1994). Animals would also scavenge dead birds (Hazevoet 1994). Females laid two eggs per clutch (Andreone and Guarino 2003). It is hypothesized that sexual maturity was reached at five (males) or six (females) years of age (Andreone and Guarino 2003), but age estimation in these lizards is uncertain and maturity may have been reached later. Sexual dimorphism was most pronounced after eight years.","Rats, cats and dogs have all been introduced to Santa Luzia, where they represented the major predators of this lizard (Andreone and Guarino 2003). As well as directly preying on the skink, rats and cats competed with them for food and may have caused declines in the seabird colonies on which this lizard relies. Particularly in times of drought, humans have also used the skink as a food source (Schleich 1982), for medicine and skins (Bocage 1873), and commercial trade for scientific purposes (Andreone and Guarino 2003). Low population numbers and recruitment, slow growth rates (Andreone and Guarino 2003), and a restricted range on a single island and two smaller islets all put this skink at extremely high risk from these threatening processes, as well as from stochastic events (particularly droughts, thought likely to have contributed to the species' extinction - Andreone 2000), and it is now thought to be extinct.","This species was last seen alive in 1912, and has been considered extinct by some authors (e.g. Andreone and Guarino 2003) and in the First Red List of Cape Verde (Schleich 1996). A recent five-day survey of Santa Luzia failed to recover evidence of a surviving population (Miralles et al. 2011, Vasconcelos et al. 2013), and these authors likewise concluded that this skink is now extinct. The most recent record of this species was a mandible of a juvenile collected from cat faeces on Santa Luzia in 2005, since when the cat population has increased and the invasive animals are now widespread on the island (R. Vasconcelos pers. obs.). Repeated surveys of Branco and Raso since this species was last recorded have also failed to rediscover it.",,"This species was endemic to the Cape Verde islands, where it had been recorded from the islets Branco and Raso (Schleich 1987, Bocage 1873). These islands have a combined area less than 10.7 km². Its area of occupancy would have been an estimated 7 km² (Vasconcelos et al. 2013). It appears to have historically been more widespread on the islands (Bocage 1873), with subfossils reported from São Vicente and Santa Luzia (Mateo et al. 1997). It may also have occurred on São Nicolau, based on the reports of local fishermen, but evidence for this is lacking (Miralles et al. 2011). Mateo et al. (2005) reported finding partial remains of a juvenile in cat faeces on Santa Luzia, but a five-day survey of this island in 2006 failed to record the species (Miralles et al. 2011, Vasconcelos et al. 2013). Additional subfossil remains have been found near a beach on this island (R. Vasconcelos pers. comm. 2012).","Use of this species has been reported for local subsistence hunting, for medicine (as a traditional painkiller - Bocage 1873), and for the international pet trade. It was also harvested for its skin, which was used to make shoes (Bocage 1873).",Terrestrial,"No conservation measures are applicable for this skink, which has not been found in recent exhaustive surveys of its known sites and is presumed to be extinct. Conservation awareness programmes could benefit by highlighting the fate of this large lizard and the need to prevent future extinctions of island endemics.",Afrotropical,1912,FALSE,FALSE,Global,13152363,ANIMALIA,CHORDATA,REPTILIA,SQUAMATA,SCINCIDAE,Chioninia,Chioninia coctei,"(Duméril &amp; Bibron, 1839)",,,,EX,Cabo Verde Giant Skink,Island,Island,Invasive Species; Overharvesting; Climate Change,Invasive Species,,RU
221205722,22696577,Podilymbus gigas,Extinct,,2023,2022-09-16 00:00:00 UTC,3.1,English,"This species was endemic to Lake Atitlán, Guatemala, but is now Extinct. Its extinction occurred sometime between 1983 and 1986, caused by myriad alterations to its habitat.",It inhabited one freshwater lake.,"Initial population declines were a result of competition and predation by Largemouth Bass Micropterus salmoides, introduced into the lake in 1960 (LaBastille 1984). However, increasing pressure on breeding sites from local reed-cutting and from tourism development, along with the murder of the government game warden for the national park during the political unrest of 1982 and falling lake levels following the earthquake of 1976, are likely to be the factors which drove the population to extinction (LaBastille 1990). Drowning in gill nets and disturbance by increasing boat traffic have also been suggested as contributory factors (Collar et al. 1994).","In 1929, the maximum population was estimated at c. 400 individuals (Llimona et al. 2020). Between 1960 and 1965, its population dropped from c.300 to 80 individuals in the 1960s, but recovered to a high of 232 in 1975 (LaBastille 1984). However, various factors drove the population down to 30 by 1983, and the species was extinct by 1986 (LaBastille 1990).",,"Podilymbus gigas was endemic to Lake Atitlán, Guatemala (LaBastille 1974). ",,Freshwater (=Inland waters),Conservation Actions UnderwayCITES Appendix I.,Neotropical,1986,FALSE,FALSE,Global,22696577,ANIMALIA,CHORDATA,AVES,PODICIPEDIFORMES,PODICIPEDIDAE,Podilymbus,Podilymbus gigas,"Griscom, 1929",,,,EX,Atitlan Grebe,Island,Island,Invasive Species; Urbanization,Invasive Species,,AU
221206875,22696615,Podiceps andinus,Extinct,,2023,2022-09-16 00:00:00 UTC,3.1,English,"This species was only known from Lake Tota, Colombia. It was last recorded in 1977 and is now Extinct as a result of human-induced changes to the lake, with intensive searches in 1981 failing to find it.","It inhabited freshwater wetlands, including reed-fringed pools and lakes.","It declined as a combined result of wetland drainage, siltation, pesticide pollution, disruption by reed harvesting, hunting and predation by introduced Rainbow Trout Oncorhynchus mykiss (Fjeldså 1993).","None remain. The species is known from 18 or 19 specimens collected between 1939-1964 (Fjeldså 1993). It was still abundant on Lake Tota in 1945 (Borrero 1947), but numbers crashed in the 1950s due to various factors and the last confirmed record was in 1977. Because intensive studies in 1981 (Fjeldså 1993) and 1982 (Varty et al. 1986) failed to find the species, it is now considered Extinct (Collar et al. 1994).",,"Podiceps andinus was restricted to the Bogotá wetlands at c.2,600 m in the Eastern Andes of Colombia.",The species was hunted.,Freshwater (=Inland waters),,Neotropical,1977,FALSE,FALSE,Global,22696615,ANIMALIA,CHORDATA,AVES,PODICIPEDIFORMES,PODICIPEDIDAE,Podiceps,Podiceps andinus,"(Meyer de Schauensee, 1959)",,,,EX,Colombian Grebe,South America,South America,Invasive Species; Overharvesting; Water Modification; Pollution,Invasive Species,,AU
221212367,22680418,Camptorhynchus labradorius,Extinct,,2023,2022-09-16 00:00:00 UTC,3.1,English,"This species was formerly distributed along the northeast coast of North America, but it is now Extinct as a result of hunting. There are no records since the collection of the last specimen, in 1875.","Birds presumably nested on sandbars and around sheltered bays and, in winter, foraged in shallow bays, harbours and estuaries (Chilton 1997).","Shooting and trapping on the winter quarters were certainly proximate factors in the species' extinction. Overharvest of birds and eggs on the breeding grounds could also have been a factor (Chilton 1997), and it is likely that ecosystem-level effects following the arrival of Europeans reduced the supply of available food (Gourdin 2009).",No extant population remains.,,"Camptorhynchus labradorius probably bred along the Gulf of St Lawrence and coastal Labrador, Canada, wintering from Nova Scotia south to Florida, USA (Gourdin 2009). The last confirmed specimen was collected off Long Island, New York, in 1875 (Chilton 1997), or possibly 1878 (Madge and Burn 1988).",The species was hunted.,Terrestrial|Marine,,Nearctic,1875,FALSE,FALSE,Global,22680418,ANIMALIA,CHORDATA,AVES,ANSERIFORMES,ANATIDAE,Camptorhynchus,Camptorhynchus labradorius,"(Gmelin, 1789)",,,,EX,Labrador Duck,North America,United States,Overharvesting,Overharvesting,,NZ
221213270,62286255,Nyctanassa carcinocatactes,Extinct,,2023,2022-09-16 00:00:00 UTC,3.1,English,This species is known only from subfossil remains. It likely became Extinct during the early 17th century as a result of invasive predators and hunting for food by human settlers.,The species may have fed on large land crabs (Olson and Wingate 2006).,"It was probably driven to extinction by invasive predators such as feral cats, hunting, and perhaps a shortage of prey (Hume and Walters 2012).",No extant population remains.,,"Nyctanassa carcinocatactes is known from subfossil remains from Bermuda (Olson and Wingate 2006). Reports from 1610 refer to numerous herons fitting the likely description of this species (Hume and Walters 2012), but it probably became Extinct during the early 17th century shortly after colonisation by humans.",The species was likely hunted.,Terrestrial|Freshwater (=Inland waters),,Neotropical,1610,FALSE,FALSE,Global,62286255,ANIMALIA,CHORDATA,AVES,PELECANIFORMES,ARDEIDAE,Nyctanassa,Nyctanassa carcinocatactes,"Olson &amp; Wingate, 2006",,,,EX,Bermuda Night Heron,Unknown,Unknown,Invasive Species; Overharvesting,Invasive Species,Yes,NZ
226827998,22696750,Urile perspicillatus,Extinct,,2023,2023-02-20 00:00:00 UTC,3.1,English,"This species was known from Russia's Komandorski Islands, but is now Extinct: the last records date from the 1840s and the species is thought to have been lost by the early 1850s. Hunting was the primary cause of its extinction.",It inhabited rocky coasts and fed in adjacent seas.,It was a poor flier (Livezey 1992) and was heavily hunted for food by the Aleuts from the 1820s onward (Hume 2017).,None remain.,,"Urile perspicillatus was restricted to Bering Island in the Komandorski Islands, Russia (Greenway 1967), and possibly the adjacent coast of the Kamchatka Peninsula (Siegel-Causey et al. 1991). Steller noted that it was common in 1741, but its breeding islands were colonised by people in 1826 and all five known specimens were collected between 1840-1850; in 1882, Stejneger was told by the island's residents that the last birds had disappeared about 30 years before (Greenway 1967).",This species was hunted.,Terrestrial|Marine,,Palearctic,1840,FALSE,FALSE,Global,22696750,ANIMALIA,CHORDATA,AVES,SULIFORMES,PHALACROCORACIDAE,Urile,Urile perspicillatus,"(Pallas, 1811)",,,,EX,Spectacled Cormorant,Island,Island,Overharvesting,Overharvesting,,NZ
226828460,22728643,Dromaius minor,Extinct,,2023,2023-01-26 00:00:00 UTC,3.1,English,"This species was formerly found on King Island, Australia, but is now considered Extinct. It was last recorded in 1802, and likely had been exterminated through hunting by 1805.",It was reported to prefer the shady margins of lagoons and the shoreline (Marchant and Higgins 1991).,Its extinction was presumably a result of being hunted by sealers for food (Marchant and Higgins 1991).,No extant population remains.,,"Dromaius ater was endemic to King Island in the Bass Strait, Australia (Stattersfield et al. 1998). Numerous skeletal remains have been found, but only one skin exists, collected by Baudin in 1802 and now in Paris (Jouanin 1959). The species' extinction must have followed shortly thereafter (Hume and Walters 2012).",Its extinction was presumably a result of being hunted by sealers for food (Marchant and Higgins 1991).,Terrestrial,,Oceanian,1802,FALSE,FALSE,Global,22728643,ANIMALIA,CHORDATA,AVES,STRUTHIONIFORMES,CASUARIIDAE,Dromaius,Dromaius minor,"Spencer, 1906",,,,EX,King Island Emu,Oceania,Australia,Overharvesting,Overharvesting,,SB
226884412,22724449,Dromaius baudinianus,Extinct,,2023,2023-01-26 00:00:00 UTC,3.1,English,"This species was formerly found on Kangaroo Island, Australia, but is now considered Extinct. It has not been recorded since 1819, and is thought to have succumbed to hunting pressure some years before the arrival of permanent settlers in 1836.","Peron, who visited the island in 1802-1803 with Baudin, wrote that the species inhabited ""the innermost recesses of the woods"", but would visit the shoreline in the afternoon (Howchin 1926).","The species was apparently systematically hunted to extinction by a settler (Howchin 1926), although habitat alteration by fire may also have contributed to its demise (Marchant and Higgins 1991).",None remain.,,"Dromaius baudinianus was endemic to Kangaroo Island, off South Australia, Australia (Stattersfield et al. 1998). Writing in 1837, Leigh reported that birds had not been seen for 10 years (Marchant and Higgins 1991) and the last recorded sighting was in 1819 (Hume and Walters 2012). An egg was apparently collected in 1830 and the species is thought to have succumbed to hunting pressure some years before the arrival of permanent settlers in 1836 (Hume and Walters 2012).",The species was apparently systematically hunted to extinction by a settler (Howchin 1926).,Terrestrial,,Oceanian,1819,FALSE,FALSE,Global,22724449,ANIMALIA,CHORDATA,AVES,STRUTHIONIFORMES,CASUARIIDAE,Dromaius,Dromaius baudinianus,"S.A. Parker, 1984",,,,EX,Kangaroo Island Emu,Oceania,Australia,Overharvesting; Fire,Overharvesting,,VU
226964244,22680496,Mergus australis,Extinct,,2023,2023-01-27 00:00:00 UTC,3.1,English,"This species was formerly found on the Auckland Islands, New Zealand, but it is now Extinct, primarily due to hunting. It was last recorded in 1902, and had been lost by the time a reserve was set up on the islands in 1910.","It was largely a freshwater species, foraging in inland streams, estuaries and, occasionally, sheltered bays (Kear and Scarlett 1970).","Its decline was presumably caused by a combination of hunting and predation by introduced pigs, rats, cats and dogs (Kear and Scarlett 1970) - the species' incipient flightlessness made it especially vulnerable (Livezey 1989).",No extant population remains.,,"Mergus australis was restricted to the Auckland Islands, New Zealand, by the time of its discovery in 1840 (Stattersfield et al. 1998), but subfossil remains of a Mergus species have also been found on South and Stewart Islands. At least 26 specimens were collected in total, the last in 1902 (Kear and Scarlett 1970); there have been no records since, despite intensive searches (Williams and Weller 1974).","Its decline was presumably caused by a combination of hunting and predation by introduced pigs, rats, cats and dogs (Kear and Scarlett 1970) - the species' incipient flightlessness made it especially vulnerable (Livezey 1989).",Freshwater (=Inland waters)|Marine,,Oceanian,1902,FALSE,FALSE,Global,22680496,ANIMALIA,CHORDATA,AVES,ANSERIFORMES,ANATIDAE,Mergus,Mergus australis,"Hombron & Jacquinot, 1841",,,,EX,New Zealand Merganser,Oceania,New Zealand,Invasive Species; Overharvesting,Invasive Species,,SB
227794604,22678955,Coturnix novaezelandiae,Extinct,,2023,2023-02-09 00:00:00 UTC,3.1,English,"This species formerly occurred on New Zealand's North, South, and Great Barrier islands, but is now Extinct, probably primarily due to widespread burning of habitat, introduced predators and diseases spread by introduced game birds. A bird that died in 1875 is thought to represent the last individual of the species.","It inhabited open habitats, especially grass-covered downs.","Extinction is largely thought to have been caused by large-scale burning, predation by dogs, cats and rats, and grazing by sheep (Marchant and Higgins 1993, Hume 2017). Diseases spread by introduced gamebirds may also account for its rapid extinction (Knox and Walters 1994). Shooting was also a threat to this species (Hume 2017).",None remain.,,"Coturnix novaezelandiae was endemic to North, South and Great Barrier Islands, New Zealand (Marchant and Higgins 1993). It was considered fairly common until the mid-19th century, but declined rapidly to extinction by 1875 (Holdaway 1999). Suggestions that a quail population on Tiritiri Matangi Island may be a surviving form of this species were disproven by genetic testing, showing them to be Brown Quail Synoicus ypsilophorus (Seabrook-Davison et al. 2009).",Shooting was a threat to this species (Hume 2017).,Terrestrial,,Oceanian,1875,FALSE,FALSE,Global,22678955,ANIMALIA,CHORDATA,AVES,GALLIFORMES,PHASIANIDAE,Coturnix,Coturnix novaezelandiae,"Quoy & Gaimard, 1830",,,,EX,New Zealand Quail,Oceania,New Zealand,Invasive Species; Agriculture,Invasive Species,,
227981466,62239833,Chenonetta finschi,Extinct,,2023,2023-02-13 00:00:00 UTC,3.1,English,"This species was previously widespread throughout the eastern drylands of New Zealand's North and South Islands. It is only known from subfossil bones and the date of extinction is unknown, but over-hunting and predation by rats were likely responsible (Hume 2017). A first approximation suggests it became extinct some time between 1250 and 1860, but was likely extinct by the time of European contact in the late 18th century (Holdaway et al. 2002).","It was herbivorous and terrestrial, inhabiting grassland, scrublands or open forests and with little association with wetlands or lakes. It probably bred in hollows, tree trunk or fallen logs (the preferred breeding locations of C. jubata) and was most likely a grazer and browser of vegetation, probably mixed with fallen fruit and some invertebrates. It was probably almost flightless (Adams 2013).","It may have become reduced in range and population before human settlement. Extinction occurred after Polynesian settlement but there is uncertainty whether the species persisted into European times. It was probably extremely vulnerable to egg predation by Polynesian Rats Rattus exulans, and was hunted by early Maori. Rats may have also competed for food. It is unclear what impact habitat modification would have had on the species (Adams 2013).",None remain.,,"Chenonetta finschi was endemic to New Zealand, where it was abundant and widespread throughout the eastern drylands of the North and South Islands (Adams 2013).",This species was hunted (Hume 2017).,Terrestrial,,Australasian,1250-1860,FALSE,FALSE,Global,62239833,ANIMALIA,CHORDATA,AVES,ANSERIFORMES,ANATIDAE,Chenonetta,Chenonetta finschi,"(Van Beneden, 1875)",,,,EX,Finsch's Duck,Oceania,New Zealand,Invasive Species; Overharvesting; Urbanization; Unknown,Invasive Species,,PF
228004766,22691056,Pampusana salamonis,Extinct,,2023,2023-02-14 00:00:00 UTC,3.1,English,"This species was known from Makira, Solomon Islands, but is now Extinct as a result of habitat destruction, predation by introduced species and over-hunting. The last record is a specimen dating from 1927, and searches in 1995 and more recently failed to find it.","The Makira bird was collected at 300 m, although congeners occur in forest at all altitudes. Ramos has drier beach forest than inland Makira and this may have been a preferred habitat-type.","The species is likely to have declined through a combination of predation by introduced cats and rats, and habitat destruction. On Makira, introduced rats, pigs, cats and dogs are widespread. Most lowland forest has been logged or is in logging concessions, and the larger pigeons are targeted by local hunters. Ramos remains forested and appears to be free of introduced predators, although hunters from the adjacent islands of Santa Isabel and Malaita make regular journeys to harvest the nesting Nicobar Pigeon Caloenas nicobarica, and may have shot ground-doves on these expeditions (Buckingham et al. 1995, G. Dutson pers. obs. 1998, D. Gibbs in litt. 1999).",No extant population remains.,,"This species is known from just two specimens from the Solomon Islands, one from Makira (= San Cristobal) taken in 1882 and the other from Ramos (c.4 ha) in 1927. Although the Makira locality has been queried, it is thought to be valid (D. Gibbs in litt. 1999). Surveys looking for this species on Makira (Buckingham et al. 1995, G. Dutson pers. obs. 1998, D. Gibbs in litt. 1999, R. James in litt. 1999) were unsuccessful. Recent surveys on Ramos also failed to find any individuals and the species was not known to landowners (G. Dutson in litt. 2004). There is now no longer any reasonable doubt that the last individual has died, probably some time ago. It is likely that it once occurred on other islands in the region. It may have been a tramp species of small islands with occasional birds occurring on larger islands, or the two specimens may just represent the last individuals of a declining population (Lees 1991, Buckingham et al. 1995).",This species was hunted.,Terrestrial,,Australasian,1927,FALSE,FALSE,Global,22691056,ANIMALIA,CHORDATA,AVES,COLUMBIFORMES,COLUMBIDAE,Pampusana,Pampusana salamonis,"(Ramsay, 1882)",,,,EX,Thick-billed Ground Dove,Island,Island,Invasive Species; Habitat Loss; Overharvesting,Invasive Species,,NZ
228008609,22691052,Pampusana ferruginea,Extinct,,2023,2023-02-14 00:00:00 UTC,3.1,English,"This species is known from Tanna, Vanuatu, but the only record dates from 1774 and it is now Extinct. Predation by introduced rats is likely to have been the main cause.","Nothing is known, although it may have inhabited the island's forests.",This species was likely hunted. Predation by introduced rats was probably the main cause of its extinction (Hume 2017).,No extant population remains.,,"This species is known only from J. R. Forster's 1774 painting, from Tanna Island, Vanuatu, in the Natural History Museum at Tring (Knox and Walters 1994).",This species was likely hunted.,Terrestrial,,Australasian,1774,FALSE,FALSE,Global,22691052,ANIMALIA,CHORDATA,AVES,COLUMBIFORMES,COLUMBIDAE,Pampusana,Pampusana ferruginea,"(Forster, JR, 1844)",,,,EX,Tanna Ground Dove,Island,Island,Invasive Species,Invasive Species,,JP
228013744,22691086,Microgoura meeki,Extinct,,2023,2023-02-14 00:00:00 UTC,3.1,English,"This species is known from Choiseul, Solomon Islands, but it has not been recorded with certainty since 1904 and is now Extinct. It is likely to have been heavily predated by introduced dogs and cats.","It was probably a species of lowland forests and swamps, and reportedly nested on the ground (Tennent 2009). It occurred in small groups and was reported to be tame (Dutson 2011).","Its extinction was presumably caused by predation by feral dogs and especially cats (Tennent 2009), as suitable habitat remains on the island (Collar et al. 1994). The species was likely also hunted.",No extant population remains.,,"Microgoura meeki was probably endemic to Choiseul, Solomon Islands, from where it is known from six skins and a single egg (Knox and Walters 1994). Claims that it may have occurred on islands from Bougainville to Malaita are speculative (Tennent 2009). It has not been recorded since 1904 (Diamond 1987) despite searching and interviews with villagers (Collar et al. 1994). There have been unsubstantiated reports from the early 1940s (Tennent 2009) and more recently (Pikacha 2005), but these are not considered to be accurate; it has often been confused with the extant Crested Cuckoo-dove (Reinwardtoena crassirostris) and Yellow-legged Pigeon (Columba pallidiceps) (Tennent 2009). There have been several unsuccessful searches for it (Dutson 2011) and it is now considered Extinct.",This species may have been hunted.,Terrestrial,,Australasian,1904,FALSE,FALSE,Global,22691086,ANIMALIA,CHORDATA,AVES,COLUMBIFORMES,COLUMBIDAE,Microgoura,Microgoura meeki,"Rothschild, 1904",,,,EX,Choiseul Pigeon,Island,Island,Invasive Species,Invasive Species,,JP
228022431,22734732,Caloenas maculata,Extinct,,2023,2023-02-14 00:00:00 UTC,3.1,English,"The one specimen of this poorly-known species may have come from Tahiti, French Polynesia, but this is unclear and it has not been reported there since 1928, when the only possible sightings of the species were made. It is presumed Extinct.","Nothing is known, although given its colouration it is likely to have been a forest dweller.","Although purely speculation, it is not unreasonable to assume that hunting for food and perhaps predation by human commensals were responsible for its extinction.",No population was ever discovered.,,"Caloenas maculata is known only from one surviving specimen in World Museum, Liverpool (United Kingdom), and one lost specimen, collected between 1783 and 1823. Accordingly it is not possible to map the former occurrence of the species. The providence of the specimens is unknown, but it seems most likely to have been a Pacific species, given the main area of activity of its collectors. Its short, rounded wings suggest it evolved on a small predator-free island. It was possibly the bird described by the people of Tahiti in 1928 as being speckled green and white (Gibbs 2001). It is likely to have been almost extinct before European exploration of the Pacific began.","Although purely speculation, it is not unreasonable to assume that hunting for food and perhaps predation by human commensals were responsible for its extinction.",Terrestrial,,Oceanian,1928,FALSE,FALSE,Global,22734732,ANIMALIA,CHORDATA,AVES,COLUMBIFORMES,COLUMBIDAE,Caloenas,Caloenas maculata,"(Gmelin, 1789)",,,,EX,Liverpool Pigeon,Pacific Islands,French Polynesia,Invasive Species; Overharvesting; Unknown,Invasive Species,,JP
228024595,22691495,Ptilinopus mercierii,Extinct,,2023,2023-02-14 00:00:00 UTC,3.1,English,"This species was found in the Marquesas, French Polynesia, but it is now Extinct due to the action of introduced predators. The last record was of the subspecies tristrami on Hiva Oa, in 1922.",Its ecology is likely to have been similar to other members of the genus Ptilinopus.,"Its extinction has been attributed to predation by the introduced Great Horned Owl Bubo virginianus (Holyoak and Thibault 1984), but introduced rats and cats are more likely (Collar et al. 1994, Hume 2017).",None are believed to remain.,,"Ptilinopus mercierii was endemic to the Marquesas, French Polynesia, with the nominate subspecies on Nuku Hiva and subspecies tristrami on Hiva Oa. While the former is known from a single specimen collected in 1849 in the Valley of Mohana, Nuka Hiva (Hume 2017), the latter is known from at least 11 specimens, the last collected by the Whitney Expedition in 1922 (Holyoak and Thibault 1984). The species was reported on Hiva Oa in 1980 (Hay 1986), but this was probably a mistake (Collar et al. 1994).",,Terrestrial,,Oceanian,1922,FALSE,FALSE,Global,22691495,ANIMALIA,CHORDATA,AVES,COLUMBIFORMES,COLUMBIDAE,Ptilinopus,Ptilinopus mercierii,"(Des Murs & Prévost, 1849)",,,,EX,Red-moustached Fruit-dove,Pacific Islands,French Polynesia,Invasive Species,Invasive Species,,JP
228030708,22733394,Diaphorapteryx hawkinsi,Extinct,,2023,2023-02-14 00:00:00 UTC,3.1,English,"This species was known from the Chatham Islands, New Zealand, but is now Extinct as a result of hunting and introduced predators. It is known only from the fossil record and two accounts describing recollections of the species. The oldest member of the Moriori Polynesians was questioned and his recollections were described in a letter in 1895 (Hume 2017); based on this evidence the species is thought to have persisted into at least the late 1800s.","The species was flightless, stood approximately 40 cm tall and weighed an estimated 2 kg. It is thought to have been a ground-dwelling insectivore, also feeding on fern root and capable of preying on small ground-nesting species.","Its remains are frequently associated with middens of the islands' initial Polynesian inhabitants, the Moriori, indicating that hunting is likely to have caused its extinction. Introduced predators are also likely to have contributed to this species' extinction (Hume 2017).",No extant population remains.,,"Diaphorapteryx hawkinsi was endemic to the Chatham Islands, New Zealand, where its remains have been found on the main Chatham Island and Pitt Island. Available evidence, including a letter from Sigvard Jacob Dannefaerd to Lord Lionel Walter Rothschild in 1895 describing the species' appearance, behaviour and Moriori hunting method, suggests that this species survived into at least the late 1800s.",This species was hunted.,Terrestrial,,Australasian,1850-1900,FALSE,FALSE,Global,22733394,ANIMALIA,CHORDATA,AVES,GRUIFORMES,RALLIDAE,Diaphorapteryx,Diaphorapteryx hawkinsi,"(Forbes, 1892)",,,,EX,Hawkins's Rail,Oceania,New Zealand,Invasive Species; Overharvesting,Invasive Species,,NZ
228150824,22690222,Columba jouyi,Extinct,,2023,2023-02-16 00:00:00 UTC,3.1,English,"This species was formerly found in Japan's Ryukyu Islands, but it has not been recorded since 1936 and is now Extinct. The reasons for this are unknown, though it may have been due to habitat destruction.",It is likely to have inhabited the forested interior of the islands on which it lived.,"The reasons for its extinction are unknown, though it may have been due to habitat destruction (Hume 2017). Predation by introduced cats and rats may also have been a threat (Stattersfield et al. 1998).",None remain; a dramatic decline to extinction occurred from the late 19th to the first half of the 20th centuries.,,"Columba jouyi was endemic to Okinawa and Kerama, and the Daito Islands, in the Nansei Shoto Islands, Japan (Stattersfield et al. 1998). It was described in 1887 from a type in the Tokyo Educational Museum (Stejneger 1887), and is also known from three skins in the Natural History Museum at Tring (Knox and Walters 1994). It apparently declined rapidly (and inexplicably), and was last recorded on Okinawa in 1904, and on Daito in 1936 (Stattersfield et al. 1998).",,Terrestrial,,Palearctic,1936,FALSE,FALSE,Global,22690222,ANIMALIA,CHORDATA,AVES,COLUMBIFORMES,COLUMBIDAE,Columba,Columba jouyi,"(Stejneger, 1887)",,,,EX,Ryukyu Woodpigeon,Asia,Japan,Invasive Species; Habitat Loss; Unknown,Invasive Species,,FJ
228153391,22690218,Columba versicolor,Extinct,,2023,2023-02-16 00:00:00 UTC,3.1,English,"This species was found in Japan's Ogasawara Islands, but it has not been recorded since 1889 and is now Extinct. Habitat clearance is likely to have been the major factor driving its extinction.",It inhabited the lush forested interior of the small islands in its range.,"The reasons for its extinction are unknown, though it may have been due to habitat destruction (Hume 2017). Predation by introduced cats and rats may also have been a threat (Stattersfield et al. 1998).",None remain.,,"Columba versicolor was endemic to Nakondo Shima and Peel Island (Chichi-jima) and likely other islands in the Bonin Islands (Ogasawara-shoto), Japan (Goodwin 1967). It is known from four specimens, in Frankfurt, Leningrad and Tring (Brazil 1991) and was last recorded in 1889 (Stattersfield et al. 1998).",,Terrestrial,,Palearctic,1889,FALSE,FALSE,Global,22690218,ANIMALIA,CHORDATA,AVES,COLUMBIFORMES,COLUMBIDAE,Columba,Columba versicolor,"Kittlitz, 1832",,,,EX,Bonin Woodpigeon,South America,Brazil,Invasive Species; Habitat Loss; Unknown,Invasive Species,,UM
228156835,22720622,Carpodacus ferreorostris,Extinct,,2023,2023-02-16 00:00:00 UTC,3.1,English,"This species was known from Japan's Ogasawara Islands, but it is now Extinct and has not been certainly reported since 1828. Forest destruction and predation by introduced species are thought to have been responsible.","Nothing is known of its ecology (Morioka 1992) apart from Kittlitz's description (Greenway 1967), ""this bird lives on Bonin-sima, alone or in pairs, in the forest near the coast. It is not common but likes to hide, although of a phlegmatic nature and not shy. Usually it is seen running on the ground, only seldom high in the trees.""","Its extinction likely resulted from habitat destruction and the introduction of cats and rats (Stattersfield et al. 1998, Hume 2017).",No extant population remains.,,"Carpodacus ferreorostris is an Extinct taxon only known from specimens collected in 1827 and 1828 on Chichi-jima, Ogasawara-shoto (Peel Island, Bonin), Japan (Brazil 1991). It could not be found on Peel by Simpson in 1854, and rumours that it may have survived until 1890, when it was reported to Holst by locals (Morioka 1992), were never substantiated (Brazil 1991).",,Terrestrial,,Palearctic,1828,FALSE,FALSE,Global,22720622,ANIMALIA,CHORDATA,AVES,PASSERIFORMES,FRINGILLIDAE,Carpodacus,Carpodacus ferreorostris,"(Vigors, 1828)",,,,EX,Bonin Grosbeak,South America,Brazil,Invasive Species; Habitat Loss,Invasive Species,,NZ
228158791,22708535,Zoothera terrestris,Extinct,,2023,2023-02-16 00:00:00 UTC,3.1,English,"This species was formerly found in Japan's Ogasawara Islands, but is now Extinct likely due to overpredation by introduced mammals. Specimens were collected in 1828, but the next ornithological visit to the islands in 1889 did not locate the species.",Presumably it was confined to forest floor.,"Whalers started to use the island in the 1830s, and the species was probably driven to extinction by introduced rats and cats shortly after (Greenway 1967, Hume 2017).",None remain.,,"Zoothera terrestris is only known from four specimens (now in Frankfurt, St Petersburg, Leiden and Vienna) collected in 1828 on Ogasawara-shoto (Peel Island, Bonin), Japan. It could not be found when the island was next visited by an ornithologist, in 1889, nor subsequently. Nothing is known of the species' ecology or extinction (Greenway 1967).",,Terrestrial,,Palearctic,1828,FALSE,FALSE,Global,22708535,ANIMALIA,CHORDATA,AVES,PASSERIFORMES,TURDIDAE,Zoothera,Zoothera terrestris,"(Kittlitz, 1831)",,,,EX,Bonin Thrush,Asia,Japan,Invasive Species; Overharvesting,Invasive Species,,ID
228867194,22728873,Cabalus modestus,Extinct,,2023,2023-02-24 00:00:00 UTC,3.1,English,"This species was known from the Chatham Islands, New Zealand, but the last known specimen was taken between 1895 and 1900. It is thought that invasive species are responsible, both through direct predation and habitat modification.",It is likely to have occurred in scrubland and tussock grass.,"Its extinction was presumably caused by predation by rats and cats (which were introduced in the 1890s), habitat destruction to provide sheep pasture (which destroyed all of the island's bush and tussock grass by 1900), and from grazing by goats and rabbits (Marchant and Higgins 1993). On Chatham and Pitt Islands, Olson (1975) has suggested that its extinction resulted from competition with the larger Dieffenbach's Rail Hypotaenidia dieffenbachii (also extinct), but the two species have been shown to have been sympatric on Mangere (Tennyson and Millener 1994).",None remain.,,"Cabalus modestus was endemic to Chatham, Mangere and Pitt Islands, New Zealand. It was first discovered on Mangere in 1871, and 26 specimens collected there are known from museum collections. The last known specimen was taken between 1895 and 1900 (Hume 2017). The species is also known from 19th century bones from Chatham and Pitt Islands.",,Terrestrial,,Australasian,1895-1900,FALSE,FALSE,Global,22728873,ANIMALIA,CHORDATA,AVES,GRUIFORMES,RALLIDAE,Cabalus,Cabalus modestus,"(Hutton, 1872)",,,,EX,Chatham Islands Rail,Oceania,New Zealand,Invasive Species; Habitat Loss; Agriculture,Invasive Species,,PF
228869111,22728740,Hypotaenidia poeciloptera,Extinct,,2023,2023-02-24 00:00:00 UTC,3.1,English,"This species was found in Fiji, but it has not been recorded with certainty since 1890 and is now Extinct. Predation by introduced cats and mongooses is thought to have been responsible for its decline.","The species inhabited remote forested areas, secondary forest, old taro fields and swamps (Hume 2017, Taylor 2020).","Two other (non-endemic) rails have become extinct from the islands due to predation by introduced mongooses and cats, and so it seems very likely that this also caused the extinction of H. poeciloptera (Collar et al. 1994).",No extant population remains.,,"Hypotaenidia poeciloptera was known from Fiji, with twelve 19th century specimens from Vitu Levu and Ovalau (Taylor and van Perlo 1998) and it was last seen with certainty in 1890 (Hume 2017). There have been reports from Taveuni (Blackburn 1971) in 1971 and Waisa, Vitu Levu, in 1973 (Holyoak 1979), although these remain unconfirmed (Hume 2017). There have been no convincing recent reports from Ovalau or Taveuni which remain mongoose-free and where other rail species were recorded during field surveys and other fieldwork in 2002-2005, and so it is highly likely that H. poeciloptera is extinct (G. Dutson in litt. 2005).",,Terrestrial,,Oceanian,1890,FALSE,FALSE,Global,22728740,ANIMALIA,CHORDATA,AVES,GRUIFORMES,RALLIDAE,Hypotaenidia,Hypotaenidia poeciloptera,"(Hartlaub, 1866)",,,,EX,Bar-winged Rail,Pacific Islands,Pacific Islands,Invasive Species,Invasive Species,,US
229310288,22692447,Hypotaenidia wakensis,Extinct,,2023,2023-03-02 00:00:00 UTC,3.1,English,"This species was known from Wake Island in the United States Minor Outlying Islands, but went Extinct in the mid-1940s, being last recorded in 1945 and never seen by an observer who took up residence in 1946. It is thought to have been hunted to extinction by soldiers who were stranded on the island.","The species inhabited scrub throughout the island. It fed by digging up leaves and soil with its head, being observed to take seeds, insects, small lizards and hermit crabs (Wetmore 1970, Olson 1996). Accounts suggest it bred between July and August, with the nest constructed as a saucer-like depression in the ground (Spencer 1959, Olson and Rauzon 2011). It had an unusual communal breeding system, with young attended and defended by groups of adults until well after hatching, presumably as an adaptation against potential nest predation by rats and crabs (Olson and Rauzon 2011).","It was presumably eaten to extinction by the starving Japanese garrison by 1945 (Greenway 1967, Hume 2017). Occasional inundations of the island during storms are also thought to have caused considerable mortality. The species is likely to have coexisted with rats since prehistoric times, and despite some suggestions it is not thought that rat predation was a factor in its extinction (Olson and Rauzon 2011).",No extant population remains.,,"Hypotaenidia wakensis was endemic to Wake and Wilkes Islands in the central Pacific Ocean, United States Minor Outlying Islands (to U.S.A.). Although it was not uncommon before the Second World War, it was extinct by 1946 (Greenway 1967).",The species was hunted.,Terrestrial,,Oceanian,1945,FALSE,FALSE,Global,22692447,ANIMALIA,CHORDATA,AVES,GRUIFORMES,RALLIDAE,Hypotaenidia,Hypotaenidia wakensis,"Rothschild, 1903",,,,EX,Wake Island Rail,North America,United States,Invasive Species,Invasive Species,,US
229313877,22692455,Hypotaenidia dieffenbachii,Extinct,,2023,2023-03-02 00:00:00 UTC,3.1,English,"This species was found on the Chatham Islands, New Zealand, but was driven to extinction by the depredations of introduced species. It has not been seen since 1840.","Nothing is known, though it may have inhabited scrub or forest.","Its extinction was presumably due to predation by introduced rats, cats and dogs, and habitat loss from fire (Marchant and Higgins 1993).",None remain.,,"Hypotaenidia dieffenbachii was endemic to Chatham, Mangere and Pitt Islands, New Zealand (Marchant and Higgins 1993). It is known from the type specimen in the Natural History Museum at Tring, U. K. (Knox and Walters 1994), and from abundant subfossil material (Tennyson and Millener 1994). The species was already scarce when the type was collected in 1840 (Marchant and Higgins 1993) and is likely to have become extinct around this time (Hume 2017).",The species was likely hunted.,Terrestrial,,Australasian,1840,FALSE,FALSE,Global,22692455,ANIMALIA,CHORDATA,AVES,GRUIFORMES,RALLIDAE,Hypotaenidia,Hypotaenidia dieffenbachii,"(Gray, 1843)",,,,EX,Dieffenbach's Rail,Oceania,New Zealand,Invasive Species; Habitat Loss; Fire,Invasive Species,,PF
229337053,60095,Urolophus javanicus,Extinct,,2023,2023-03-31 00:00:00 UTC,3.1,English,"The Java Stingaree (Urolophus javanicus) is known only from the holotype collected in 1862 from a fish market in Jakarta, Java, Indonesia. The species’ full distribution and habitat is undefined but given a lack of records in surrounding areas it is assumed to have had a restricted range in the Java Sea. The species was small, with the only known specimen measuring 33.8 cm total length. Based on size, the maturity of the holotype cannot be inferred. The Java Stingaree was one of only two stingaree species in Indonesia and is believed to be unique within the Java region and nearby areas. Rays are heavily exploited and utilized in Indonesia, making up 60% of the national total elasmobranch (shark and ray) catch. Intensive, generally unregulated fishing was likely the major threat resulting in the depletion of the Java Stingaree population, with coastal fisheries catches already declining in the 1870s. Catches on the northern coast of Java in 1940 were down to almost half the annual catch landed in the 1860s. Additionally, the northern coast of Java, particularly Jakarta Bay, is heavily industrialized, and extensive habitat loss and degradation may also have impacted this species. Coastal habitats likely utilized by the Java Stingaree have been replaced with aquaculture ponds since the early 1900s. The life history of the Java Stingaree is not known, however urolophids are characterized by some of the lowest fecundities among sharks and rays (as low as 1–2 pups/year). The species was therefore likely highly susceptible to population reduction and depletion. Despite extensive survey efforts since 2001 including monitoring of fish landing sites along the northern coast of Java (including Jakarta), as well as elsewhere in Indonesia, no further specimens have been recorded. Previously assessed in 2021 as Critically Endangered (Possibly Extinct) (CR(PE)), a reassessment has been undertaken with further information on threats and survey effort.The Framework for using the Threats Model and the Records and Surveys Model to list species as EX or CR(PE) was applied to the Java Stingaree. The probability that the combination of threats affecting the species occurred for a sufficient duration and were sufficiently severe that they caused local extinction, and the probability that threats occurred over the entire range of the species, were both extremely high. The Java Sea and surrounding waters have a long history of fisheries development and fishing effort has likely exceeded maximum sustainable yield since at least 1985. The probability that the species is extinct from the Threats Model is 0.9 (minimum = 0.81; maximum = 1.00). There have been no planned species-specific surveys, but there has been considerable survey effort to document landings of sharks and rays in general in Java since 2001. It is highly likely that these surveys would have recorded the species if it were present given the Java Stingaree’s uniqueness within the Java Sea region and surrounds. The probability that the species is extinct from the Records and Survey Model is 0.97 (minimum = 0.67; maximum = 1.0). Both model results are &gt;0.9 and therefore the Java Stingaree meets the threshold for the Extinct category.","The Java Stingaree is known only from the holotype, a female of 33.8 cm total length (TL)/19.1 cm disc width (DW) collected from a fish market in Jakarta, Indonesia (Martens 1864). The size of this specimen falls within the known range of female size-at-maturity for urolophids (20–50 cm TL across nine species; Last et al. 2016), and therefore maturity of the holotype cannot be inferred. Its previous habitat is unknown, however stingarees generally inhabit waters of the continental and insular shelves while a few species occur in deeper slope waters to 430 m depth (Last et al. 2016). The Java Sea is relatively flat (mean depth 50 m; Koropitan and Ikeda 2008) and this topography offers relatively little variability in habitats available to species in this region.The life history of the species is unknown, but urolophids have some of the lowest fecundities among sharks and rays, with five studied species producing 1–2 pups per year (White et al. 2001, Kyne et al. 2016). Urolophids reproduce annually or biennially, with long gestation lengths of at least 10–12 months and up to 19 months (Last et al. 2016). Urolophid embryos are also readily aborted upon capture (White et al. 2001, Kyne et al. 2016), indicating a reduction in reproductive potential in heavily fished regions even if released alive after capture. The Java Stingaree is therefore likely to have had limited resilience to overexploitation.","Demersal coastal fisheries resources have been severely depleted in Southeast Asia for decades (Stobutzki et al. 2006), if not consistently since the 1870s when declines were first reported (Yuwono 2001). Indonesia has also been the world’s largest shark and ray producer and exporter of fins and meat since 1998, and ranked among the top 20 shark fishing nations since 1980 (Lack and Sant 2009, Dent and Clarke 2015, Prasetyo et al. 2021). Sharks and rays are captured and retained in targeted fisheries and as bycatch across Indonesia (White and Dharmadi 2007, Booth et al. 2018, Clark-Shen et al. 2022). The historical range of the Java Stingaree is subject to intense inshore fishing pressure, which is largely unregulated, and the relatively shallow waters of the Java Sea (mean depth 50 m; Koropitan and Ikeda 2008) provide no refuge at depth. The Java Sea demersal coastal fishery catch was declining by the end of the 1800s (Yuwono 2001), and from 1976 to 1997 the Java Sea underwent a 90% decline in ray landings (Blaber et al. 2009). Total fishing effort in Indonesia has likely exceeded maximum sustainable yield since at least 1985 (Squires et al. 2003, Fahmi and Dharmadi 2015). Despite this, until recently fisheries policies aimed to increase fishing capacity, causing declines in stocks and catch rates of sharks and rays throughout Indonesia (Squires et al. 2003, Fahmi and Dharmadi 2015). The Java Sea is currently Indonesia’s second largest Fisheries Management Area in terms of catch (tonnes) and produces significantly higher ray landings than sharks (Prasetyo et al. 2021). Ray species of the family Dasyatidae make up the majority of ray catches in Indonesia (e.g., White and Dharmadi 2007, Dharmadi et al. 2009, Booth et al. 2018, Prasetyo et al. 2021), many of which would be predicted to occupy the same habitats and interact with the same fishing gears as the Java Stingaree. Rays are captured and usually retained in industrial, artisanal, and subsistence fisheries in Indonesia which use a range of fishing gears, including gillnet, trawl, hook-and-line, trap, and seine net (White and Dharmadi 2007, Blaber et al. 2009, Dharmadi et al. 2015). The high market value of many shark and ray products, particularly fins, makes targeted fishing a profitable venture, and fishers are incentivized to retain sharks and rays (Booth et al. 2018, D’Alberto et al. 2022).Shallow inshore waters around the Indo-Malay Archipelago are also threatened by habitat loss and environmental degradation (Stobutzki et al. 2006, White and Sommerville 2010). Approximately 90% of Jakarta Bay’s shoreline has been modified for development, including urban, industrial, agricultural, or aquaculture purposes (Bengen et al. 2006), with the destruction of mangrove habitats for aquaculture ponds beginning in the early 1900s (Yuwono 2001, Pribadi pers. comm. 2023). In Jakarta, services and infrastructure such as sewage and wastewater treatment plants are not capable of facilitating the whole human population, leading to pollution of waterways surrounding the megacity (Dsikowitzky et al. 2016). As a result, coastal ecosystems of the heavily industrialized Jakarta Bay are significantly degraded through habitat loss (including the Jakarta Reclamation Project), increased eutrophication and sedimentation, and heavy metal contamination which has resulted in mercury bioaccumulation in rays in Jakarta Bay (see Hosono et al. 2011 and references within; Budiyanto et al. 2015). Coastal habitats have also undergone degradation as a result of destructive fishing practices (Booth et al. 2018). Species occurring in small geographic ranges are generally more sensitive to threatening processes (Joppa et al. 2016), and the stressors on the aquatic environment surrounding the growing Jakarta region are intense and ever-increasing.","The only known Java Stingaree specimen was a female collected in Jakarta, Indonesia, in 1862, and since then considerable survey effort in Indonesia, particularly since 2001, has failed to locate further specimens. Extensive surveys of landing sites and fish markets have been conducted in Indonesia (e.g., Adrim and Fahmi 2007, White and Dharmadi 2007, Fahmi et al. 2008, Fahmi 2012, Ernawati et al. 2015, Tirtadanu et al. 2018, Simeon et al. 2017, Simeon et al. 2018, Simeon et al. 2021, Yuwandana et al. 2019). Shark and ray catches at Indonesian landing sites are also continually monitored by trained government agencies and non-governmental organizations (e.g., Southeast Asian Fisheries Development Center [SEAFDEC], Rekam Nusantara Foundation, Wildlife Conservation Society [WCS]) and no contemporary specimens, photographs, or genetic evidence of the species have been found. Despite &gt;28,000 individual rays being examined in Indonesian landing sites (including Jakarta) between 2001 and 2006 (White and Dharmadi 2007), and extensive surveys in Indonesia (including the Java Sea region) between 2007 and 2022, the Java Stingaree has not been recorded (Supplementary Information). The majority of ray catch at major landing sites is made up of rays from the family Dasyatidae (White and Dharmadi 2007, Dharmadi et al. 2009, Booth et al. 2018, Prasetyo et al. 2021). This includes individuals as small as 9.1 cm disc width (DW) (Hemitrygon longicauda [referred to as Dasyatis sp. 1]) and 9.2 cm DW (Telatrygon biasa [Dasyatis zugei], Brevitrygon javaensis [Himantura cf. walga]) (White and Dharmadi 2007). Because even low-value products are landed for markets such as salted or smoked meat, fishmeal, and pet food, it is very likely that, if extant, further Java Stingaree specimens would have been taken to landing sites if captured and subsequently recorded by observers. The species was also not recorded in trawl surveys in the Java Sea at depths of 15–70 m in 2015 and 2017, which recorded several species of rays, also dominated by stingrays of the family Dasyatidae (Ernawati et al. 2015, Tirtadanu et al. 2018).Since the only Java Stingaree specimen was collected at a fish market, the species’ geographic range limits and habitat have not been defined. Most other urolophid species have restricted geographic ranges and/or are restricted to a single country (see Last et al. 2016). A restricted range is assumed for the Java Stingaree due to a lack of records from adjacent islands which are also monitored and the general pattern of small geographic range size in this family. In the 1860s, fishers were limited by fishing technology and the size and facilities of their fishing vessels. Javan fishing vessels were too small to provide spaces for catch to be preserved or salted onboard, so fishers generally remained within 40 km of the coastline, and it is likely that fishing grounds worked from Jakarta in the late 1800s did not exceed more than one-third of the Java Sea (Yuwono 2001). The Java Stingaree holotype was collected as a fresh specimen at a landing site (Martens 1864) and was therefore likely collected within 40 km seaward of Jakarta. It is unlikely that the species was restricted to an area as small as Jakarta Bay, but it is reasonable to assume it may have been restricted to the Java Sea. Therefore, for this assessment, the threats and surveys that encompass the Java Sea and the northern coast of Java were considered.The Framework (Akçakaya et al. 2017) for using the Threats Model (Keith et al. 2017) and the Records and Surveys Model (Thompson et al. 2017) to list species as EX or CR(PE) was applied to the Java Stingaree. The Models were developed by the International Union for Conservation of Nature (IUCN) to be applied under a range of possible scenarios including to calculate the probability of extinction (P(E)) for rare species with a limited number of records over an observed time series. The Threats Model considered the severity, duration, and scope of threats and their interaction with the species’ life history characteristics to determine the probability that a species is extinct (Keith et al. 2017). Indonesia represents the world’s largest shark fishing nation by catch (Lack and Sant 2009, Dent and Clarke 2015, Prasetyo et al. 2021). Fisheries in Java have a long history, with the first reports of coastal fishery resources becoming depleted by the late 1800s (Yuwono 2001). Unregulated small-scale fisheries and large-scale commercial trawls since the 1970s have driven recent overexploitation in the region, and the Java Sea underwent a 90% decline in ray landings from 1976 to 1997 (Blaber et al. 2009). There are numerous large fishing ports and landing sites in Java, and local depletion of shark and ray resources in the Java Sea have led local fishers to access resources further afield (e.g., Kalimantan, Papua). Java is the world’s most populated island with a population of over 140 million people, the majority of which are located on the northern coast of Java. Jakarta is a growing megacity with intense levels of human pressure on coastal habitats and resources. Jakarta Bay is heavily industrialized and coastal ecosystems are significantly degraded through habitat loss, increased eutrophication and sedimentation, and heavy metal contamination. Mangrove habitats have been replaced with industrial areas, urban areas, and aquaculture ponds since the early 1900s (Yuwono 2001, Pribadi pers. comm. 2023). Further habitat destruction has resulted from government policy, namely the Reclamation Policy of 1995 and the subsequent Jakarta Reclamation Project beginning in 2015.The life history of the Java Stingaree is unknown, however urolophids are well-studied and are characterized by some of the lowest fecundities among sharks and rays (White et al. 2001, Kyne et al. 2016). Gestation length is considered relatively long, spanning at least 10–12 months (Last et al. 2016), and reproductive potential is considered low (White et al. 2001, Kyne et al. 2016). The species is therefore considered highly susceptible to population decline as a result of threats. Consequently, the probability that the combination of threats affecting the Java Stingaree occurred for a sufficient duration and were sufficiently severe that they caused local extinction P(local) and the probability that the threats occurred over the entire range of the species P(spatial) were both extremely high (minimum = 0.90; best = 0.95; maximum = 1.0). As a result, the probability that the Java Stingaree is extinct from the Threats Model is 0.9 or 90% (minimum = 0.81; maximum = 1.0).The Records and Surveys Model estimates the probability that a species is extinct based on a time series of known records of the species, and the timing, extent, and species-specific adequacy of surveys (Thompson et al. 2017). The species is known from a single record, the holotype collected in 1862. p(ci) (the probability that the species was correctly identified as extant) was therefore set at 1 (lower; best; upper) as per guidelines in the Instructions (see the Instructions document on the IUCN Red List website). The proportion of the species’ range covered by passive surveys (epsilon) was set at a moderate level (epsilon: lower = 0.4; best = 0.5; upper = 0.6) due to the restricted range of the species and extensive coverage by fishers who fish daily and usually land catches locally. The probability that the species would have been recorded (p(r)) or reliably identified (p(i)) in passive surveys was low (p(r): lower = 0.1; best = 0.15; upper = 0.2; p(i): lower = 0; best = 0.1; upper = 0.2) due to the rarity, small-size, and low economic value of the Java Stingaree, and lack of species-level knowledge held by fishers, as per the Instructions.There have been no surveys targeted specifically at locating further specimens of this species, however, there has been considerable survey effort to document landings of elasmobranchs in general in Java, and it is highly likely that these surveys would have documented the presence of the Java Stingaree if it had been caught. It is worth noting that these surveys have recorded many rare species, including many rare ray species (e.g., White and Dharmadi 2007). An intensive focus on survey effort for elasmobranchs commenced in 2001 (see White and Dharmadi 2007) and some form of survey in West Java, Central Java, Jakarta, and/or the Java Sea has taken place near annually since (Supplementary Information). Monitoring landing sites is a standard approach to surveying fishes in Asia and is very effective for documenting catches and species given the pooling of ‘samples’ at one location. Landing site surveys in Indonesia since 2001 have resulted in the description of over 20 new shark and ray species (White et al. 2006). Landing site surveys are likely to have included catch from throughout the likely depth range of the Java Stingaree. Prior to 2001, there had been little dedicated survey effort since the early ichthyological expeditions of the 1800s (see White et al. 2006). Surveys that occurred in Jakarta, the Java Sea, or the northern coast of West Java and Central Java were included in the Records and Surveys Model, while surveys in the same area examining landings from fisheries unlikely to interact with the Java Stingaree (e.g., pelagic longlines) were excluded. Pelagic longlines, for example, are unlikely to capture demersal species such as urolophids because they are not bottom-set.The proportion of the species’ range that was covered by dedicated surveys varied each year, with an average best value of 0.46 (epsilon best ranging from 0.15–0.9). The proportion of geographic range surveyed was increased for some years from the previous assessment (Kyne et al. 2021), taking into account the number of landing sites surveyed for that year and any fisheries-independent surveys. Since landing site surveys in Jakarta and Java more broadly monitor catches arriving from throughout the Java Sea and adjacent waters (Fahmi pers. obs. 2021), the proportion of the species’ geographic range surveyed is higher in years with multiple landing site surveys. Javan fishers may possibly land their catches outside of this area, and although not included in surveys for this assessment, these landing sites have also not recorded another Java Stingaree individual.The probability that the Java Stingaree would have been recorded in these surveys (p(r)) was set with a best value of 0.3 each year (lower = 0.2; upper = 0.4) following the suggested default values given in the Instructions for rare species (see Table 3 in the Instructions document). The probability that the species could have been reliably identified in the survey if it were recorded (p(i)) was set with a best value of 0.8 each year (lower = 0.7; upper = 0.9) based on the Instructions for species that are not particularly difficult to identify or distinguish from similar species, and that were searched for by seemingly competent surveyors (see Table 4 in the Instructions document). These values were chosen based on the Instructions because the species is the sole member of the family Urolophidae occurring in Java; the only other species in Indonesia is the Kai Stingaree (Urolophus kaianus) from far eastern Indonesia (Last et al. 2016). Although the stingray fauna (family Dasyatidae) is diverse in Indonesia, misidentification by trained surveyors is unlikely to have occurred as urolophids are easily distinguishable from dasyatids due to their short tails with an obvious elongate lobe-like caudal fin (Last et al. 2016).The probability that the Java Stingaree is extinct from the Records and Surveys Model is 0.97, or 97% (minimum = 0.67; maximum = 1.0). The overall probability that the Java Stingaree is extinct in 2023 is the average of the results for both Models, which is 0.94 or 94%. The weighted average probability of extinction is 0.93 for both weighting methods. The Models also separately calculate the probability that the species is extant (P(Xt)) each year over the observation period (1862–2023). The probability that the Java Stingaree is extant in 2023 is 0.03 or 3%. Both model results are &gt;0.9, and therefore fall within the threshold for the Extinct category.This species has been reassessed due to expert opinion of the assessors that some of the parameters used in the previous assessment were set too low. The parameters which were changed from the previous assessment (Kyne et al. 2021) were P(local), P(spatial), and epsilon for dedicated surveys. The assessors each determined their best estimates for the extent and duration of threats (P(local) and P(spatial)) occurring throughout the Java Sea, and these individual estimates were used to determine the best estimates for this assessment. The proportion of geographic range surveyed (epsilon) was also increased for some of the survey years. This was based on consideration of the often very large geographic areas used by fishers delivering catches to landing sites. The estimates of epsilon for this assessment were therefore made by considering the number of landing sites surveyed in a particular year, and whether any fisheries-independent surveys also occurred in that year. Given that the geographic range of the Java Stingaree could have been restricted to a portion of the Java Sea (rather than the entire Java Sea as used in this assessment), the approach that was used to estimate epsilon is considered conservative. This reassessment also included updated recent survey effort for the years 2021 and 2022.For further information, see the Supplementary Information.",,"The Java Stingaree is known only from the holotype collected in 1862 from a fish market in Jakarta, Java, Indonesia in the Western Central Pacific (Martens 1864, Last et al. 2016). The full geographic extent of the species’ historical range is uncertain, but the Java Stingaree was presumed to have had a relatively restricted distribution in the Java Sea due to a lack of records in surrounding areas. Further, the capability of fishing vessels in the 1800s (Yuwono 2001) indicate that the holotype was likely collected within 40 km of Jakarta’s shoreline.","Rays are heavily exploited and utilized in Indonesia, and are caught and retained in industrial, artisanal, and subsistence fisheries for their meat and skin (e.g., White and Dharmadi 2007, Blaber et al. 2009, Dharmadi et al. 2015, Booth et al. 2018, D’Alberto et al. 2022). As the only known specimen was collected from a fish market (Martens 1864), the species is likely to have been utilized when caught. The meat of small, lower value species is often consumed in coastal communities as salted or smoked fish (Booth et al. 2018). There is a demand for ray meat on the northern coast of Java due to the growing human population, with smoked rays popular in cities along the coast (B. Simeon pers. obs. 2023). Low value fishes can also be utilized as fishmeal or pet food.",Marine,"There are no species-specific measures implemented for the management or conservation of this species in Indonesia. Current legal and regulatory frameworks in Indonesia are considered insufficient to manage exploitation of sharks and rays within sustainable limits (Booth et al. 2018). Although some rays, including the Kai Stingaree (Urolophus kaianus) recently became protected under Minister Decree 1/2021, there has been no enforcement (B. Simeon pers. obs. 2023) and there are no current management or conservation actions related to artisanal ray fisheries in Indonesia. The Indonesian Government banned trawl fishing in 2015, however small trawl fisheries still operate in some areas of northern Java.",,July 1862,FALSE,FALSE,Global,60095,ANIMALIA,CHORDATA,CHONDRICHTHYES,MYLIOBATIFORMES,UROLOPHIDAE,Urolophus,Urolophus javanicus,"(Martens, 1864)",,,,EX,Java Stingaree,Asia,Indonesia,Habitat Loss; Overharvesting; Agriculture; Pollution; Urbanization; Unknown,Habitat Loss,,PF
229345916,22692450,Hypotaenidia pacifica,Extinct,,2023,2023-03-03 00:00:00 UTC,3.1,English,"This species was known from the Society Islands, French Polynesia, but has been driven Extinct by cat and rat predation. It was abundant on Tahiti in 1844 but had disappeared by the end of the century, surviving on Mehetia where there were records until the the 1930s.",Nothing is known.,"It was flightless, and its extinction was presumably caused by introduced cats and rats (Bruner 1972, Hume 2017).",None remain.,,"Hypotaenidia pacifica is known only from Georg Forster's painting from Tahiti, French Polynesia, in the British Museum London (Knox and Walters 1994), from James Cook's second voyage in 1773, although there were reports from Tahiti until 1844, and from the nearby Mehetia until the 1930s (Bruner 1972).",,Terrestrial,,Oceanian,1930,FALSE,FALSE,Global,22692450,ANIMALIA,CHORDATA,AVES,GRUIFORMES,RALLIDAE,Hypotaenidia,Hypotaenidia pacifica,"(Gmelin, 1789)",,,,EX,Tahiti Rail,Pacific Islands,French Polynesia,Invasive Species,Invasive Species,,FM
229347436,22692672,Zapornia palmeri,Extinct,,2023,2023-03-03 00:00:00 UTC,3.1,English,"This species was found in the Northwestern Hawaiian Islands, USA, but is now Extinct. The last population, which had been introduced to Eastern Island, was exterminated by introduced rats in 1944.",It inhabited grass tussocks and thickets.,"It became extinct on Laysan Island as a result of habitat destruction by escaped rabbits introduced by guano diggers (Taylor and van Perlo 1998). The Pearl and Hermes Reef colony was destroyed by storms; and rats, brought in by wartime activities, exterminated both the Sand Island colony and the Eastern Island colony (Baldwin 1945).",No extant population remains.,,"Zapornia palmeri was found on Laysan Island, Hawai'i, U.S.A. (Baldwin 1947), from where it became extinct between 1923 and 1936 (Taylor and van Perlo 1998). Birds were introduced to Pearl and Hermes Reef in 1929 but none were found in 1930 (Hume 2017). Birds were introduced to Eastern and Sand Islands in the Midway Atoll, with failed re-introductions also reportedly attempted to Lisianski, Laysan and to the main Hawaiian group (Taylor and van Perlo 1998). It became extinct on Sand Island in 1943 and Eastern Island in 1944 (Baldwin 1945).",,Terrestrial,,Oceanian,1944,FALSE,FALSE,Global,22692672,ANIMALIA,CHORDATA,AVES,GRUIFORMES,RALLIDAE,Zapornia,Zapornia palmeri,"(Frohawk, 1892)",,,,EX,Laysan Rail,Pacific Islands,Hawaii,Invasive Species; Habitat Loss,Invasive Species,,AU
229349404,22692693,Zapornia sandwichensis,Extinct,,2023,2023-03-03 00:00:00 UTC,3.1,English,"This species was found in the Hawaiian Islands, USA, but became extinct in the 1860s likely as a result of introduced predators. The last specimen was taken in 1864.",It inhabited clearings in upland forest.,"The timing of its extinction indicates that it was perhaps not caused by mongooses, as they were not introduced until 1883. More probably, it was due to a long process of predation by rats, cats, dogs and people (Taylor and van Perlo 1998). The species was also hunted.",None remain.,,"Zapornia sandwichensis occurred on Hawai'i, U.S.A., and may also have occurred on Molokai (Pratt et al. 1987). It is known from bones and a number of specimens (Olson and James 1991), and was illustrated by William Wade Ellis on James Cook's third voyage (Stresemann 1950). The last specimen was collected in 1864 (Taylor and van Perlo 1998).",The species was hunted.,Terrestrial,,Oceanian,1860,FALSE,FALSE,Global,22692693,ANIMALIA,CHORDATA,AVES,GRUIFORMES,RALLIDAE,Zapornia,Zapornia sandwichensis,"(Gmelin, 1789)",,,,EX,Hawaiian Rail,Pacific Islands,Hawaii,Invasive Species,Invasive Species,,PF
229356593,22728757,Zapornia nigra,Extinct,,2023,2023-03-03 00:00:00 UTC,3.1,English,"This species was known from Tahiti, but presumably went Extinct soon after it was last described in 1784. Introduced predators are likely to have been responsible.",Nothing is known.,Introduced predators are likely to have led to its demise.,No extant population remains.,,"Zapornia nigra is known from two illustrations, one by Georg Forster from Tahiti, French Polynesia, from James Cook's second voyage (1772-1775), and the other by John Frederick Miller from 1784, and by subsequent descriptions by John Latham and Johann Friedrich Gmelin. It presumably became extinct soon after (Walters 1988). The species also possibly occurred on Mangaia (Hume 2017).",,Terrestrial,,Oceanian,1784,FALSE,FALSE,Global,22728757,ANIMALIA,CHORDATA,AVES,GRUIFORMES,RALLIDAE,Zapornia,Zapornia nigra,"(J.F. Miller, 1784)",,,,EX,Miller's Rail,Pacific Islands,French Polynesia,Invasive Species,Invasive Species,,NC
230579349,22693330,Prosobonia leucoptera,Extinct,,2023,2023-03-20 00:00:00 UTC,3.1,English,"This species was known from Tahiti, French Polynesia, but it has not been recorded since a specimen was collected in 1777, and is now Extinct. Predation by introduced rats is likely to have been the primary driver.",All that is known of the species' ecology is that Forster noted that the birds occurred along highland streams (Walters 1994).,"Its extinction was probably caused by introduced rats, and possibly goats and pigs (Greenway 1967, Hume 2017).",None remain.,,"Prosobonia leucoptera was endemic to Tahiti, in the Society Islands, French Polynesia (Pratt et al. 1987). The type was collected by Johann Forster and painted by his son in 1773; the specimen is now in Leiden and the painting in London (Walters 1994). Another specimen, now lost, was taken in 1777 (Greenway 1967).",,Terrestrial|Freshwater (=Inland waters),,Oceanian,1777,FALSE,FALSE,Global,22693330,ANIMALIA,CHORDATA,AVES,CHARADRIIFORMES,SCOLOPACIDAE,Prosobonia,Prosobonia leucoptera,"(Gmelin, 1789)",,,,EX,Tahiti Sandpiper,Pacific Islands,French Polynesia,Invasive Species; Overharvesting,Invasive Species,,NZ
230580264,22692708,Zapornia monasa,Extinct,,2023,2023-03-20 00:00:00 UTC,3.1,English,This species was known from the island of Kosrae in Micronesia. The only records come from 1827-1828 and it is thought to have been driven Extinct by introduced predators in the subsequent 50 years.,"It inhabited coastal swamps and marshes, taro patches and ""continually wet, shadowy places in the forest"" (Taylor 1998). Measurements of the carpometacarpii from x-rays of the two specimens suggest that the species was flightless (Steadman 1986).",Its extinction quickly followed the arrival of rats from missionary and whaling ships in the 1830s and 1840s (Taylor 1998).,None remain.,,"Zapornia monasa was endemic to Kosrae, Caroline Islands, Federated States of Micronesia. Heinrich von Kittlitz collected the only two known specimens (now in St Petersburg, Russia) in 1827-1828, and regarded the species as uncommon even then (Taylor 1998). It declined to extinction over the next half-century.",,Terrestrial|Freshwater (=Inland waters)|Marine,,Oceanian,1827-1828,FALSE,FALSE,Global,22692708,ANIMALIA,CHORDATA,AVES,GRUIFORMES,RALLIDAE,Zapornia,Zapornia monasa,"(Kittlitz, 1858)",,,,EX,Kosrae Crake,Island,Island,Invasive Species,Invasive Species,,NZ
230879957,22692801,Porphyrio albus,Extinct,,2023,2023-03-23 00:00:00 UTC,3.1,English,"This species was known from Lord Howe Island, Australia, but has not been definitely recorded since 1790 and was Extinct by the time the island was settled in 1834. Hunting was the major cause of its decline.",Nothing is known; it may have inhabited forest or marshland.,It was hunted to extinction by whalers and sailors.,None remain.,,"Porphyrio albus is known from two skins in Liverpool (U.K.) and Vienna (Austria) (Taylor and van Perlo 1998), several paintings, and some subfossil bones from Lord Howe Island, Australia (Marchant and Higgins 1993). Although not uncommon when discovered in 1788, the species was rapidly hunted to extinction; it had probably already vanished by the time the island was colonised in 1834 (Hindwood 1940).",This species was hunted.,Terrestrial,,Oceanian,1790,FALSE,FALSE,Global,22692801,ANIMALIA,CHORDATA,AVES,GRUIFORMES,RALLIDAE,Porphyrio,Porphyrio albus,"(White, 1790)",,,,EX,White Swamphen,Oceania,Australia,Overharvesting,Overharvesting,,NZ
230907670,62263064,Porphyrio paepae,Extinct,,2023,2023-03-24 00:00:00 UTC,3.1,English,"This species may have survived until as late as 1937, but undoubtedly became Extinct soon after. It likely disappeared as a result of over-hunting and predation by invasive rats and cats.",This species was a small gallinule which probably had reduced flying capabilities (Hume and Walters 2012).,"Little is known, but it was presumably driven to extinction by hunting pressure and predation by invasive species.",No extant population remains.,,"Porphyrio paepae was known from Hiva Oa and Tahuata on the Marquesas Islands (French Polynesia). It may have survived as late as 1937, but must have become extinct soon afterwards (Steadman 1988, Hume and Walters 2012).",This species was likely hunted.,Terrestrial|Freshwater (=Inland waters),,Oceanian,1937,FALSE,FALSE,Global,62263064,ANIMALIA,CHORDATA,AVES,GRUIFORMES,RALLIDAE,Porphyrio,Porphyrio paepae,"Steadman, 1988",,,,EX,Marquesan Swamphen,Pacific Islands,French Polynesia,Invasive Species; Overharvesting,Invasive Species,,PF
230908300,22728732,Porphyrio kukwiedei,Extinct,,2023,2023-03-24 00:00:00 UTC,3.1,English,"This species is known from New Caledonia's Grande Terre, but has not been recorded since 1860 and is now Extinct. Hunting and invasive species were the principal drivers of its decline.",It probably inhabited marshland.,Hunting and the depredations of introduced predators are likely to have driven it to extinction.,No extant population remains.,,"Porphyrio kukwiedei is known only from subfossil remains from New Caledonia (to France). However, a passage from Verreaux and des Murs written in 1860 notes the presence of birds the size of turkeys in marshy areas, and so it is possible that the species survived into the 19th century (Balouet and Olson 1989).",The species was likely hunted.,Freshwater (=Inland waters),,Australasian,1860,FALSE,FALSE,Global,22728732,ANIMALIA,CHORDATA,AVES,GRUIFORMES,RALLIDAE,Porphyrio,Porphyrio kukwiedei,"Balouet & Olson, 1989",,,,EX,New Caledonia Gallinule,Europe,Europe,Invasive Species; Overharvesting,Invasive Species,,PF
230909124,22728833,Porphyrio mantelli,Extinct,,2023,2023-03-24 00:00:00 UTC,3.1,English,"This species was endemic to New Zealand's North Island, but has been driven Extinct by human-induced habitat changes, hunting and predation by introduced mammals. There has been only one historical record of the species, in 1894.",It inhabited high altitude alpine grasslands.,"The decline of the species has generally been attributed to the increasing incursion of forest into the alpine grasslands through the Holocene (Mills et al. 1984), although hunting by the Maori probably also played a significant role (Beauchamp and Worthy 1988). Predation by introduced mammals also likely contributed to declines (Hume 2017).",None remain.,,"Porphyrio mantelli was a flightless endemic to North Island, New Zealand, from where it is known from subfossils from a number of archeological sites (Williams 1960) and from one possible late 19th century record (Phillipps 1959).",This species was likely hunted.,Terrestrial,,Australasian,1894,FALSE,FALSE,Global,22728833,ANIMALIA,CHORDATA,AVES,GRUIFORMES,RALLIDAE,Porphyrio,Porphyrio mantelli,"(Owen, 1848)",,,,EX,North Island Takahe,Oceania,New Zealand,Invasive Species; Overharvesting,Invasive Species,,US
230910452,62274163,Tribonyx hodgenorum,Extinct,,2023,2023-03-24 00:00:00 UTC,3.1,English,"This species likely became Extinct during the 17th century as a result of predation by rats and hunting by human settlers, although may have survived in remote areas until the 18th century.","Remains were found at widely spread locations on both the North and South Islands of New Zealand, indicating that it was presumably common prior to the arrival of the Polynesians and associated commensal animals. It was likely a forest inhabitant and may have also occurred in riparian swards and open forest glades (Hume 2017).","The main reasons for its extinction are likely to have been predation by Polynesian rats, and hunting by human settlers.",None persisted to modern times.,,"Tribonyx hodgenorum is known from subfossil remains on the North and South Islands of New Zealand. It was apparently widespread, but the youngest specimen material dates from the 17th century. However, it may have survived in remote areas until the 18th century (Hume 2017).",The species was likely hunted.,Terrestrial|Freshwater (=Inland waters),,Australasian,1600-1700,FALSE,FALSE,Global,62274163,ANIMALIA,CHORDATA,AVES,GRUIFORMES,RALLIDAE,Tribonyx,Tribonyx hodgenorum,"(Olson, 1986)",,,,EX,Hodgen's Waterhen,Oceania,New Zealand,Invasive Species; Overharvesting,Invasive Species,,US
230913278,22697307,Ixobrychus novaezelandiae,Extinct,,2024,2023-09-30 00:00:00 UTC,3.1,English,"This species was known from New Zealand's North and South Island, but became Extinct for unknown reasons some time in the 1890s.",It is likely to have inhabited freshwater wetlands and saltwater lagoons (Hume 2017).,"Reasons for its extinction are not known, but introduced predators and hunting are responsible for the demise of most of New Zealand's endemic species.",No extant population remains.,,"Ixobrychus novaezelandiae was endemic to New Zealand, known from North and South Island (Hume 2017).",,Freshwater (=Inland waters),,Australasian,1890,FALSE,FALSE,Global,22697307,ANIMALIA,CHORDATA,AVES,PELECANIFORMES,ARDEIDAE,Ixobrychus,Ixobrychus novaezelandiae,"(Potts, 1871)",,,,EX,New Zealand Little Bittern,Oceania,New Zealand,Invasive Species; Overharvesting; Unknown,Invasive Species,,US
230915546,22732926,Pomarea fluxa,Extinct,,2023,2023-03-24 00:00:00 UTC,3.1,English,"This species was endemic to the island of Eiao, French Polynesia, but is now Extinct, probably due to predation by introduced predators. It was last recorded in 1977, and subsequent searches have failed to find it.",It inhabited lowland dry forest.,"Introduced predators including feral cats, Polynesian Rat Rattus exulans and possibly Black Rat R. rattus were present on the island at the time of the species' demise, and may have contributed to declines. The introduction of Chestnut-breasted Mannikin Lonchura castaneothorax coincided with its extinction on the island, implying that an avian disease may have been transmitted to this population (Thibault 1989). Native low-elevation dry forest has drastically decreased due to intense grazing by sheep introduced c.1880 (Holyoak and Thibault 1984, Thibault and Meyer 2001), and this may have been an additional factor.",None are believed to remain.,,"Pomarea fluxa was endemic to the Marquesas Islands, French Polynesia, where it was restricted to the small, uninhabited island of Eiao. Despite a number of searches in 1987 and since (Thibault and Meyer 2001), it has not been seen since 1977, and is considered to be extinct (Thibault 1989, Cibois et al. 2004).",,Terrestrial,,Oceanian,1977,FALSE,FALSE,Global,22732926,ANIMALIA,CHORDATA,AVES,PASSERIFORMES,MONARCHIDAE,Pomarea,Pomarea fluxa,"Murphy & Mathews, 1928",,,,EX,Eiao Monarch,Pacific Islands,French Polynesia,Invasive Species; Agriculture; Disease,Invasive Species,,US
230916441,22732936,Pomarea nukuhivae,Extinct,,2023,2023-03-24 00:00:00 UTC,3.1,English,"This species was endemic to the island of Nuku Hiva, French Polynesia, but it has been driven Extinct by habitat changes and introduced predators. The last records date from the 1930s; a survey in 1972 failed to locate it.",This mainly insectivorous species occurred in forested valleys at high elevations and in degraded forest at all altitudes (probably originally preferring lowland forests which are now destroyed).,"All the Marquesas Islands have been devastated by intense grazing and fire, and much of the original dry forest has been reduced to grassland, and upland forest to relict forest patches. Introduced species are also likely to have played a role in the species' demise, especially Black Rat Rattus rattus.",None believed to remain.,,"Pomarea nukuhivae was formerly endemic to the island of Nuku Hiva in the Marquesas Islands, French Polynesia. It was considered not common in 1922 and rare in the 1930s, the last confirmed sightings. It was not seen in 1972 or 1975 despite several weeks of intensive searches. There were unconfirmed sightings in 1975 by two hunters of a passerine bird matching this species' description, but these are extremely doubtful and the species was not seen in 1997 or 1999 (Thibault and Meyer 2001, Hume 2017).",,Terrestrial,,Oceanian,1930s,FALSE,FALSE,Global,22732936,ANIMALIA,CHORDATA,AVES,PASSERIFORMES,MONARCHIDAE,Pomarea,Pomarea nukuhivae,"Murphy & Mathews, 1928",,,,EX,Nuku Hiva Monarch,Pacific Islands,French Polynesia,Invasive Species; Agriculture; Fire,Invasive Species,,US
230926240,22704329,Moho apicalis,Extinct,,2023,2023-03-24 00:00:00 UTC,3.1,English,"This species was known from the Hawaiian island of O'ahu, USA, but is now Extinct as a result of habitat loss and introduced disease. The last record dates from 1837, and it was not found by the collectors that visited the island in the 1890s.","Nothing is known, though it is likely to have been similar to the other members of the genus.",Its extinction was presumably caused by a combination of habitat destruction and the introduction of disease-carrying mosquitoes (Pratt 1994). Hunting for its feathers was also likely a contributing factor (Hume 2017).,None remain.,,"Moho apicalis was restricted to forest on O'ahu, Hawai'i, USA (Pratt et al. 1987). It is known only from around seven specimens, the last three of which were collected by Ferdinand Deppe in the hills behind Honolulu in 1837. None of the collectors visiting O'ahu between 1890 and 1900 found any trace of it (Greenway 1967), and it is now considered Extinct.",The species was hunted for its feathers (Hume 2017).,Terrestrial,,Oceanian,1837,FALSE,FALSE,Global,22704329,ANIMALIA,CHORDATA,AVES,PASSERIFORMES,MOHOIDAE,Moho,Moho apicalis,"Gould, 1860",,,,EX,Oahu Oo,Pacific Islands,Hawaii,Invasive Species; Habitat Loss; Overharvesting; Disease,Invasive Species,,NZ
230929845,22704335,Moho bishopi,Extinct,,2023,2023-03-24 00:00:00 UTC,3.1,English,"This species was formerly found in the Hawaiian Islands, USA, but there have been no confirmed records since 1904 and is now considered Extinct. A single bird thought to be this species was observed in 1981 on the north-east slope of Haleakala but there have been no further confirmed records despite intensive searching. Habitat loss, predation and disease were the likely causes of its extinction.",It occurred in low and high altitude moist forest.,"Habitat destruction caused by conversion to agriculture and grazing by feral mammals inevitably initiated the species' decline, with introduced black rat Rattus rattus and the spread of disease carried by introduced mosquitoes blamed for the population crash early in the 20th century (Pratt 1994).",None remain.,,"Moho bishopi was a forest bird endemic to the Hawaiian Islands, USA (Pratt et al. 1987). It was last recorded on Moloka'i in 1904 by Munro (1944), who received local reports of its survival until 1915, but could find no more birds despite numerous further searches up until 1949. There is very little historical information about its occurrence on Maui, and although a single bird believed to be this species was observed in 1981 on the north-east slope of Haleakala (Sabo 1982), there have been no further confirmed records despite intensive searching (Collar et al. 1994) and the species is presumed extinct (Reynolds and Snetsinger 2001).",,Terrestrial,,Oceanian,1904,FALSE,FALSE,Global,22704335,ANIMALIA,CHORDATA,AVES,PASSERIFORMES,MOHOIDAE,Moho,Moho bishopi,"(Rothschild, 1893)",,,,EX,Bishop's Oo,Pacific Islands,Hawaii,Invasive Species; Habitat Loss; Agriculture; Disease,Invasive Species,,NZ
230938174,22704342,Moho nobilis,Extinct,,2023,2023-03-24 00:00:00 UTC,3.1,English,"This species was known from the Big Island of Hawai`i, but was last collected in 1902 with one unconfirmed record in 1934. It is now Extinct. Habitat destruction, hunting and introduced disease were probably the major causes.",It was found in moist montane forest.,"Its decline to extinction was presumably caused by habitat destruction, disease and hunting (Hume 2017).",None remain.,,"Moho nobilis was only found in forest on the Big Island of Hawai`i, USA (Pratt et al. 1987). It was last collected in 1902 but there was an unconfirmed record in 1934 (Munro 1944, Hume 2017).",This species was hunted for its yellow plumes and for museum skins (Hume 2017).,Terrestrial,,Oceanian,1902,FALSE,FALSE,Global,22704342,ANIMALIA,CHORDATA,AVES,PASSERIFORMES,MOHOIDAE,Moho,Moho nobilis,"(Merrem, 1786)",,,,EX,Hawaii Oo,North America,United States,Invasive Species; Habitat Loss; Overharvesting; Disease,Invasive Species,,AU
230941073,22704348,Chaetoptila angustipluma,Extinct,,2023,2023-03-24 00:00:00 UTC,3.1,English,"This species was known from the Hawaiian Islands, USA, but it has not been recorded since a specimen was collected in 1859. Deforestation, hunting and introduced predators are likely to have contributed to this species' extinction.",It was restricted to montane plateau forest and fed on nectar (Amante-Helweg et al. 2009).,"Deforestation, hunting and introduced predators are likely to have contributed to this species' extinction.",None remain.,,"Chaetoptila angustipluma is known historically only from the Big Island of Hawaii, USA. Only four specimens were ever collected, between 1840 and 1859 (Greenway 1967).",,Terrestrial,,Oceanian,1859,FALSE,FALSE,Global,22704348,ANIMALIA,CHORDATA,AVES,PASSERIFORMES,MOHOIDAE,Chaetoptila,Chaetoptila angustipluma,"(Peale, 1848)",,,,EX,Kioea,Pacific Islands,Hawaii,Invasive Species; Habitat Loss; Overharvesting,Invasive Species,,GU
230946240,22704323,Moho braccatus,Extinct,,2023,2023-03-24 00:00:00 UTC,3.1,English,"This species was known from the Hawaiian island of Kaua'i, USA, but it is now Extinct having been last seen in 1985 with one possible recording in 1987. Habitat destruction and invasive species were the major causes.",It was common in forests from sea level to the highest elevations.,"Habitat destruction and the introduction of black rat Rattus rattus, pigs and disease-carrying mosquitoes to the lowlands were the probable causes of this species' extinction (Collar et al. 1994).",None remain.,,"Moho braccatus was endemic to Kaua'i, Hawaii, USA. It was common in the 1890s, but declined drastically during the early 20th century (Pratt et al. 1987). By the 1970s, it was confined to the Alaka'i Wilderness Preserve (Pratt 1994). In 1981, a single pair remained, the female of which was not found after Hurricane Iwa in 1982, the male being last seen in 1985. The last possible report, of vocalisations only, was in 1987, and the species has not been recorded during subsequent surveys of Alaka'i (Conant et al. 1998, Hume 2017).",,Terrestrial,,Oceanian,1987,FALSE,FALSE,Global,22704323,ANIMALIA,CHORDATA,AVES,PASSERIFORMES,MOHOIDAE,Moho,Moho braccatus,"(Cassin, 1855)",,,,EX,Kauai Oo,Pacific Islands,Hawaii,Invasive Species; Habitat Loss; Disease,Invasive Species,,GU
230949308,22705595,Turnagra capensis,Extinct,,2023,2023-03-24 00:00:00 UTC,3.1,English,"This species is known from New Zealand's South Island, but is now Extinct as a result predation and habitat destruction. The last confirmed record was of the nominate subspecies, in 1905.",It was observed foraging in native forest undergrowth.,"Its extinction was probably mainly due to predation by introduced mammals (Greenway 1967), but habitat destruction is likely to have been a contributing factor.",None remain.,,"Turnagra capensis, according to Walter Buller, was common until 1863 on the South Island, New Zealand, from where it is known from numerous specimens (Greenway 1967). However, the species declined very rapidly in the 1880s, and the definite record was from 1905 (Tennyson and Martinson 2006). There have been unconfirmed reports since, including in 1963 (Knox and Walters 1994).",,Terrestrial,,Oceanian,1905,FALSE,FALSE,Global,22705595,ANIMALIA,CHORDATA,AVES,PASSERIFORMES,ORIOLIDAE,Turnagra,Turnagra capensis,"(Sparrman, 1787)",,,,EX,South Island Piopio,Oceania,New Zealand,Invasive Species; Habitat Loss,Invasive Species,,PF
230957445,22728820,Turnagra tanagra,Extinct,,2023,2023-03-24 00:00:00 UTC,3.1,English,"This species is known from New Zealand's North Island, but has been driven Extinct by habitat loss and predation. The last confirmed record dates from 1902, and there have been no reports at all since 1970.","Very little is known, although it is likely to have required large tracts of primary native forest.","Presumably both habitat destruction and direct predation by people, cats and rats caused the species' extinction (Greenway 1967).",None remain.,,"Turnagra tanagra was endemic to the North Island, New Zealand. Walter Buller described it as common in the 1870s, but there were few specimens ever collected (specimens are only known to exist in Chicago, Philadelphia (USA), Tring (U.K.) and Wellington (New Zealand)), the last being from 1902. Occasional unconfirmed sight records persisted until 1970 (Tennyson and Martinson 2006).",,Terrestrial,,Oceanian,1902,FALSE,FALSE,Global,22728820,ANIMALIA,CHORDATA,AVES,PASSERIFORMES,ORIOLIDAE,Turnagra,Turnagra tanagra,"(Schlegel, 1865)",,,,EX,North Island Piopio,Oceania,New Zealand,Invasive Species; Habitat Loss,Invasive Species,,CH
231049026,22714223,Zosterops strenuus,Extinct,,2023,2023-03-27 00:00:00 UTC,3.1,English,"This species was endemic to Lord Howe Island, Australia, but it is now Extinct due to overpredation by introduced rats. It was last recorded in 1908, and not found on a survey in 1928.","It inhabited lowland forest, palm glades and the scrubby vegetation of more open and settled areas. It probably fed on fruit, insects, flowers and other birds' eggs (Garnett et al. 2011).",The cause of its extinction was predation by Black Rats.,No extant population remains.,,"Zosterops strenuus was endemic to lowland forests on Lord Howe Island, Australia (Stattersfield et al. 1998). It was very common before 1918 (McAllan et al. 2004), with the last records coming from 1908 (Hull 1909), but it plummeted to extinction following the arrival of Black Rats Rattus rattus on the island in 1918 (Hindwood 1940, Hume 2017). It could not be found in 1928 (Sharland 1929).",,Terrestrial,,Australasian,1908,FALSE,FALSE,Global,22714223,ANIMALIA,CHORDATA,AVES,PASSERIFORMES,ZOSTEROPIDAE,Zosterops,Zosterops strenuus,"Gould, 1855",,,,EX,Robust White-eye,Oceania,Australia,Invasive Species,Invasive Species,,KY
231051969,103889155,Zosterops conspicillatus,Extinct,,2023,2023-03-27 00:00:00 UTC,3.1,English,"The last known sighting was in 1983, and the species is considered Extinct.",Similar to the extant Z. saypani the species is thought to have been found in a wide range of habitats from native limestone forest to scrubby secondary growth of disturbed habitats and even urban areas.,The species' demise is thought to be due to the invasive Brown Tree Snake Boiga irregularis (van Balen 2016). In 1976 its habitat was also devastated by super-typhoon Pamela (Hume 2017).,This species is extinct.,,"Zosterops conspicillatus was formerly found on Guam, last recorded in 1983 and is now extinct (del Hoyo et al. 2008). The introduction of the Brown Tree Snake Boiga irregularis is the most likely cause (van Balen 2016, Hume 2017).",,Terrestrial,,Oceanian,1983,FALSE,FALSE,Global,103889155,ANIMALIA,CHORDATA,AVES,PASSERIFORMES,ZOSTEROPIDAE,Zosterops,Zosterops conspicillatus,"(Kittlitz, 1832)",,,,EX,Bridled White-eye,Pacific Islands,Pacific Islands,Invasive Species,Invasive Species,,NZ
231057904,22707354,Myiagra freycineti,Extinct,,2024,2023-09-29 00:00:00 UTC,3.1,English,"This species formerly occurred on Guam, but became Extinct in 1983. Predation by the introduced brown tree snake was the cause of its extinction.",It inhabited forest.,Its rapid decline to extinction was due to the depredations of introduced brown tree snake Boiga irregularis (Savidge 1987).,No extant population remains.,,"Myiagra freycineti was endemic to Guam (to USA), where it was once common but restricted to the northern plateau by the 1970s (Jenkins 1983, Hume 2017).",,Terrestrial,,Oceanian,1983,FALSE,FALSE,Global,22707354,ANIMALIA,CHORDATA,AVES,PASSERIFORMES,MONARCHIDAE,Myiagra,Myiagra freycineti,"Oustalet, 1881",,,,EX,Guam Flycatcher,North America,United States,Invasive Species,Invasive Species,,EU
231059236,22724444,Pomarea pomarea,Extinct,,2023,2023-03-27 00:00:00 UTC,3.1,English,"This species was endemic to the island of Maupiti, French Polynesia, but is now Extinct as a result of habitat loss and the action of invasive species. It has not been recorded since the type specimen was collected in 1823.",It is likely to have inhabited forest at all altitudes.,The Society Islands have lost most of their original vegetation and their avifauna has suffered greatly through competition and predation from introduced species (Todd 1984); these factors are likely to have caused its extinction.,No extant population remains.,,"Pomarea pomarea is known only from the type specimen, collected on Maupiti, Society Islands, French Polynesia, by Jules de Blosseville in 1823 (Holyoak and Thibault 1984). It presumably became extinct soon after, as it has not been recorded since.",,Terrestrial,,Oceanian,1823,FALSE,FALSE,Global,22724444,ANIMALIA,CHORDATA,AVES,PASSERIFORMES,MONARCHIDAE,Pomarea,Pomarea pomarea,"(Garnot, 1828)",,,,EX,Maupiti Monarch,Pacific Islands,French Polynesia,Invasive Species; Habitat Loss; Overharvesting,Invasive Species,,TO
232856457,232856397,Coregonus obliterus,Extinct,,2024,2023-11-03 00:00:00 UTC,3.1,English,"Global and European regional assessment: Extinct (EX)EU 27 regional assessment: Not RecordedThe Obliterated Whitefish was endemic to Europe, where it occurred in Lake Zug, Switzerland. The species has not not been observed in the wild since the early 20th century and no ex situ subpopulations exist. The species is therefore assessed as Extinct.","Lake Zug is a meromictic, perialpine, naturally oligotrophic lake formed after the last glacial period. It has a maximum depth of 197 metres, and is subdivided by a peninsula into a deep southern basin with steep slopes and a shallower northern basin.Three whitefish species which differed in traits related to feeding and reproductive ecology along depth gradients were formerly endemic to the lake, two of which are now extinct.The Obliterated Whitefish is understood to have been a profundal specialist feeding on benthic prey.The annual reproductive period probably extended from mid-September to mid-October, and spawning took place in the deeper parts of the lake.","Discharge of urban waste water and agricultural runoff into its tributary rivers caused Lake Zug to become increasingly eutrophic from the early 19th century onwards, and by the early 1980s it was among the most polluted lakes in Switzerland.These conditions are believed to have driven the extinction of the Obliterated Whitefish and Zug Whitefish (Coregonus zugensis) due to depletion of oxygen in the water column below c. 100 metres depth, leading to their profundal spawning sites becoming inaccessible.The Enduring Whitefish (Coregonus supersum) is the only endemic congener that remains extant in the lake, and is likely to have survived because it is able to complete its life cycle in comparatively shallow water.A secondary outcome of such changes in the available range of spawning depths is the potential for overlap and increased gene flow between different whitefish species that were formerly segregated along depth gradients. This raises the possibility of speciation reversal and extinction events due to hybridisation and introgression, which have been observed in some other Swiss lakes but not yet studied in Lake Zug.","Fisheries records suggest that this species was declining by the 1870s, and became extinct prior to 1950.",,"This species was endemic to Lake Zug (fr. Lac de Zug; de. Zugersee) in the upper Rhine River system, Switzerland.",This species was formerly harvested on a commercial basis.,Freshwater (=Inland waters),,Palearctic,1939,FALSE,FALSE,Global & Europe,232856397,ANIMALIA,CHORDATA,ACTINOPTERYGII,SALMONIFORMES,SALMONIDAE,Coregonus,Coregonus obliterus,"Selz &amp; Seehausen, 2023",,,,EX,Obliterated Whitefish,Europe,Europe,Agriculture; Pollution; Urbanization,Agriculture,,PF
235578991,22708835,Turdus ravidus,Extinct,,2023,2023-05-23 00:00:00 UTC,3.1,English,"This species was known from the island of Grand Cayman, but it has been driven to extinction by logging of its forest habitat. The last sight records date from 1938, and it was definitely Extinct by 1965.","Its habitat was dense ""knife-edged coral-rock, swamp, and mangroves, with patches here and there of the poisonous manchineel tree and of climbing cactus"" (Savage English 1916).","The reasons for the species' disappearance are not fully clear. It presumably declined as the island's forests were progressively cleared (Johnston 1969, Larsen 2020). Further contributing factors may be severe hurricanes and the introduction of non-native mammals, including feral cats (Larsen 2020).",No extant population remains.,,"Turdus ravidus is known from four collections (21 specimens in total) from Grand Cayman, Cayman Islands (to UK). The last specimens were collected (by W. W. Brown) in 1911 (Bangs 1916), and the last sight record (by C. B. Lewis) was in 1938 (Johnston 1969). It was extinct by 1965 (Bradley 2000).",,Terrestrial,,Neotropical,1938,FALSE,FALSE,Global,22708835,ANIMALIA,CHORDATA,AVES,PASSERIFORMES,TURDIDAE,Turdus,Turdus ravidus,"(Cory, 1886)",,,,EX,Grand Cayman Thrush,Europe,Europe,Invasive Species; Habitat Loss,Invasive Species,,AU
235580956,22698593,Traversia lyalli,Extinct,,2023,2023-05-22 00:00:00 UTC,3.1,English,"This species was known from Stephens Island, New Zealand, but likely became Extinct in 1895. Predation by feral cats is thought to have driven its decline.",The species was flightless and restricted to the rocky ground (Millener 1989).,"Construction of a lighthouse on Stephens Island in 1894 led to the clearance of most of the island's forest, with predation by feral cats driving the species to extinction (Tyrberg and Milberg 1991, Hume 2017).",No extant population remains.,,"Traversia lyalli is only known from recent times from Stephens Island, New Zealand (Greenway 1967), although it is common in fossil deposits from both of the main islands (Worthy and Holdaway 1994). It was last recorded in 1894, when several were caught by the lighthouse keeper's cat (Hume 2017). It was extinct by November 1895, but it had survived into that year, with Henry Travers finding a cat-caught specimen in February (Tennyson and Martinson 2006).",,Terrestrial,,Australasian,1894,FALSE,FALSE,Global,22698593,ANIMALIA,CHORDATA,AVES,PASSERIFORMES,ACANTHISITTIDAE,Traversia,Traversia lyalli,"(Rothschild, 1894)",,,,EX,Stephens Island Rockwren,Oceania,New Zealand,Invasive Species; Habitat Loss; Urbanization,Invasive Species,,PF
237471616,136721,Bos primigenius,Extinct,,2023,2023-08-27 00:00:00 UTC,3.1,English,Bos primigenius is globally Extinct. The North African subspecies B. p. mauritanicus and South Asian subspecies B. p. namadicus both became extinct in the early Holocene. The Eurasian subspecies B. p. primigenius became extinct across most of Europe before the year 1500 CE but persisted in Poland until 1627 CE and in Romania and Bulgaria until the mid-17th or early 18th centuries.,"The last populations of Bos primigenius primigenius in Europe occurred in dense forest and marshy woodland (Rokosz 1995, van Vuure 2005).","Habitat loss and hunting are considered to have caused the decline and eventual extinction of the species; disease also affected the last surviving population in Poland (Rokosz 1995, van Vuure 2005).",There is no information on former population size.,,"Bos primigenius mauritanicus (North Africa) and B. p. namadicus (South Asian subcontinent) became extinct in the early Holocene.The range of B. p. primigenius once extended across Eurasia from the United Kingdom in the west and the Gulf of Finland, Denmark, and southern Sweden in the north through most of Europe and the Near East to the southern Urals and possibly Turkmenistan, but this range contracted markedly during the late Pleistocene and Holocene (Heptner et al. 1961), most likely due to habitat loss and hunting. By the 13th century, the Aurochs survived only in small numbers in Eastern Europe, where hunting it became a privilege of nobles and later royals (van Vuure 2005). In Poland the Aurochs was no longer common by the 13th century and the last herd survived in the Jaktorów forest, Masuria, where it was strictly protected by royal decree and hunting Aurochs was strictly reserved for kings under pain of death (Swiecicki 1634). Numbers decreased from around 50 individuals in the mid-16th century to four individuals by 1601 and in 1630, the King’s inspector of Jaktorów was informed by local people that the last remaining female had died three years earlier in 1627 (Rokosz 1995). Subfossil data indicate that Aurochs survived in Transylvania (northwestern Romania) until the 14th to 16th century (Bejenaru et al. 2013), and in western Moldavia (also in Romania) probably until the early 17th century (Nemeth et al. 2016). In Bulgaria it apparently survived until the second half of the 17th to the first half of the 18th century (Boev 2021).Archaeozoological and genetic data indicate that Aurochs were first domesticated from B. p. primigenius in the Fertile Cresent area of modern-day southeastern Anatolia and northern Syria, approximately 10,500 years ago, from an estimated 80 founders, giving rise to the taurine cattle Bos taurus, and that a second domestication (of B. p. namadicus) occurred about 1500 year later giving rise to the zebu Bos indicus line (Bollongino et al. 2012; Park et al. 2015; Pitt et al. 2019).Domesticated Bos taurus cattle spread westwards throughout Europe and into North Africa where some further introgression with wild Aurochs may have occurred (Pitt et al. 2019). Both domestic forms, Bos indicus and Bos taurus, are now distributed almost worldwide and feral populations have become established in several places.",The Aurochs was extensively hunted when it was still extant.,Terrestrial,The species is extinct. Various projects have been proposed to recreate the species using ancient DNA.,Indomalayan|Palearctic,1627,FALSE,FALSE,Global,136721,ANIMALIA,CHORDATA,MAMMALIA,ARTIODACTYLA,BOVIDAE,Bos,Bos primigenius,"Bojanus, 1827",,,,EX,Aurochs,Europe,Europe,Habitat Loss; Overharvesting; Disease,Habitat Loss,,AU
238086085,62307504,Eclectus infectus,Extinct,,2023,2023-06-16 00:00:00 UTC,3.1,English,"This species may have survived as recently as the late 18th century, but became Extinct most likely as a result of over-hunting and predation by invasive mammals.",Nothing directly relating to the habits of this lost species is known.,This species was presumably driven to extinction by overhunting and predation from introduced mammals (Hume 2017).,None remain.,,"Eclectus infectus was described by D. W. Steadman (2006a) from bones found at archaeological (late Holocene) and paleontological (late Pleistocene) sites on three islands in Tonga, and presumably relates to a drawing of a parrot from the Malaspina expedition to Vava’u, Tonga in 1793 (Steadman 2006b, Olson 2006), soon after which time it presumably became extinct. It may possibly have also occurred on Vanuatu and Fiji (Hume and Walters 2012).",Over-hunting presumably played a role in this species' extinction (Hume 2017).,Terrestrial,,Oceanian,1793,FALSE,FALSE,Global,62307504,ANIMALIA,CHORDATA,AVES,PSITTACIFORMES,PSITTACIDAE,Eclectus,Eclectus infectus,"Steadman, 2006",,,,EX,Oceanic Eclectus,Pacific Islands,Pacific Islands,Invasive Species; Overharvesting,Invasive Species,,AU
238086539,22728673,Cyanoramphus ulietanus,Extinct,,2023,2023-06-16 00:00:00 UTC,3.1,English,"This species was known from the island of Raiatea, French Polynesia, but it is now Extinct, probably as a result of habitat clearance or the action of invasive species. Two specimens were collected in the early 1770s and its extinction likely followed.","It was presumably a forest species, as this was the native vegetation of all of the Society Islands (Forshaw and Cooper 1989).","The reasons for its extinction are unknown, but may have been the result of the clearance of the islands' forests, hunting, or predation by introduced species (Forshaw and Cooper 1989).",No extant population remains.,,"Cyanoramphus ulietanus is only known from two specimens from Raiatea, French Polynesia (Forshaw and Cooper 1989), likely collected on James Cook's voyage in 1773 or 1774, and now in Vienna (Austria) and Tring (U.K.) (Knox and Walters 1994, Hume 2017).",Over-hunting likely contributed to this species' disappearance (Hume 2017).,Terrestrial,,Oceanian,1774,FALSE,FALSE,Global,22728673,ANIMALIA,CHORDATA,AVES,PSITTACIFORMES,PSITTACIDAE,Cyanoramphus,Cyanoramphus ulietanus,"(Gmelin, 1788)",,,,EX,Raiatea Parakeet,Pacific Islands,French Polynesia,Invasive Species; Habitat Loss; Overharvesting; Unknown,Invasive Species,,FM
238846083,22684834,Nestor productus,Extinct,,2023,2023-06-29 00:00:00 UTC,3.1,English,"This species was known from Norfolk and Phillip Island, but was likely Extinct by the mid 1800s. Habitat clearance and hunting are thought to have been the major drivers.","It inhabited rocks and treetops, and was seen feeding on blossoms.","It was reportedly tame, and hence heavily hunted for food by convicts and early settlers and easily trapped as a pet.",No extant population remains.,,"Nestor productus was endemic to Norfolk Island (to Australia) and adjacent Phillip Island, Australia. It became extinct in the wild in the mid-19th century on Norfolk Island, and possibly a little later on Phillip Island. The last known living bird was in captivity in London in 1851 (Garnett et al. 2011). At least seven specimens exist (Forshaw and Cooper 1989).",The species declined rapidly due to over-hunting (Hume 2017).,Terrestrial,,Oceanian,1825-1854,FALSE,FALSE,Global,22684834,ANIMALIA,CHORDATA,AVES,PSITTACIFORMES,STRIGOPIDAE,Nestor,Nestor productus,"(Gould, 1836)",,,,EX,Norfolk Island Kaka,Oceania,Australia,Habitat Loss; Overharvesting,Habitat Loss,,GU
238867701,22685182,Cyanoramphus zealandicus,Extinct,,2023,2023-06-29 00:00:00 UTC,3.1,English,"This species was known from Tahiti, French Polynesia, but it has not been recorded since 1844 and is now Extinct. Possible causes include deforestation, hunting and predation by introduced species.","Like Raiatea Parakeet C. uleitanus, the species was presumably a forest bird (Forshaw and Cooper 1989).","Its demise could have resulted from habitat loss, hunting or predation by introduced species (Forshaw and Cooper 1989, Hume 2017).",None remain.,,"Cyanoramphus zealandicus is known from Tahiti, French Polynesia, from three specimens (two of which are now in Liverpool and one in Tring, U. K.) collected on James Cook's voyage in 1773, a fourth collected by G. Amadis in 1842, now in Perpignan (France) and a fifth collected by M. J. de Marolles in 1844, now in Paris (France) (Voisin et al. 1995).",Over-hunting likely contributed to this species' disappearance (Hume 2017).,Terrestrial,,Oceanian,1844,FALSE,FALSE,Global,22685182,ANIMALIA,CHORDATA,AVES,PSITTACIFORMES,PSITTACIDAE,Cyanoramphus,Cyanoramphus zealandicus,"(Latham, 1790)",,,,EX,Black-fronted Parakeet,Pacific Islands,French Polynesia,Invasive Species; Habitat Loss; Overharvesting,Invasive Species,,MP
238869019,22685156,Psephotellus pulcherrimus,Extinct,,2023,2023-06-29 00:00:00 UTC,3.1,English,"This species was formerly found in eastern Australia, but it is now Extinct owing mainly to drought and overgrazing. It has not been recorded since 1927.","It was a specialist of open savanna woodland and shrubby grassland, feeding on native grass seeds and nesting in termite mounds (Olsen 2007).","Its extinction was probably sealed by a reduction of its food supply due to drought and overgrazing (Olsen 2007). Altered fire frequencies and the spread of prickly pears (Joseph 1988), disease, trapping and egg-collecting (Garnett 1992), predation of nests by introduced and native species (Chisholm 1922) and clearance of eucalypts by ringbarking (Kiernan 1993) also contributed. Following major reduction in the species' population size, it appears that inbreeding inhibited its fertility (Jerrard 2008).",None remain.,,"Psephotellus pulcherrimus was found in eastern Australia, only reported with certainty from southeastern Queensland. Claims from the north of the state are likely to have been mistaken. The species is also often said to have been found in New South Wales, but there have been no confirmed records (Olsen 2007). It was locally common although generally scarce in the 19th century (Forshaw and Cooper 1989), but then declined rapidly and was thought to have become extinct as a result of the drought of 1902 until it was rediscovered in 1918 (Chisholm 1922). The last confirmed observation was in 1927 (Hume 2017). Some credible reports continued into the 1930s and '40s (Olsen 2007), but although Kiernan (1993) claims to have seen five birds in 1990, the species is now considered Extinct (Collar et al. 1994).",Trapping for the pet trade likely contributed to this species' decline (Hume 2017).,Terrestrial,,Australasian,1927,FALSE,FALSE,Global,22685156,ANIMALIA,CHORDATA,AVES,PSITTACIFORMES,PSITTACIDAE,Psephotellus,Psephotellus pulcherrimus,"(Gould, 1845)",,,,EX,Paradise Parrot,Oceania,Australia,Invasive Species; Habitat Loss; Disease; Climate Change; Fire,Invasive Species,,MP
238884608,22710511,Aplonis fusca,Extinct,,2023,2023-06-29 00:00:00 UTC,3.1,English,"This species was formerly found on the Australian islands of Norfolk and Lord Howe, but it is now Extinct owing to Black Rat predation, habitat destruction and competition with introduced birds. The last record was of the nominate subspecies on Norfolk Island in 1923; it was certainly gone by the time the island was visited in 1968.","Though it is likely to have inhabited forest and scrub it also fed on fruit and crops, and was even regarded as something of a pest. It nested in tree hollows (Garnett et al. 2011).","The extinction of the Lord Howe Island population was due to the arrival of Black Rat Rattus rattus on the island in 1918 (Hume 2017). The reasons for the extinction of the Norfolk Island population are less clear, however may have become extinct as a result of habitat destruction and competition with introduced birds (Garnett 1992, Hume 2017). This population was also persecuted as it fed on fruit and crops (Hume 2017).",No extant population remains.,,"Aplonis fusca was endemic to Norfolk Island (to Australia) and Lord Howe Island, Australia (Garnett 1992). On Lord Howe Island, the population of subspecies hulliana tumbled to extinction from numbering thousands in 1913-1915 - it was not seen after 1918 and was certainly extinct by 1928 (Sharland 1929, Hindwood 1940, Garnett 1992). The nominate subspecies on Norfolk Island was last recorded in 1923 (Garnett 1992), although its absence was not noted until 1968 (Smithers and Disney 1969).",,Terrestrial,,Oceanian,1923,FALSE,FALSE,Global,22710511,ANIMALIA,CHORDATA,AVES,PASSERIFORMES,STURNIDAE,Aplonis,Aplonis fusca,"Gould, 1836",,,,EX,Tasman Starling,Oceania,Australia,Invasive Species; Habitat Loss; Agriculture,Invasive Species,,PF
238886213,22710496,Aplonis corvina,Extinct,,2023,2023-06-29 00:00:00 UTC,3.1,English,"This species was known from the island of Kosrae, Micronesia, but it is now Extinct likely due to forest disturbance and predation by introduced rats. The last specimens were taken in 1827, and it was absent when the island was next visited in 1880.",It inhabited mountain forests.,"Its extinction may have been partly attributable to depredation by introduced rats, which were accidentally introduced by whalers and are abundant on the island. However, forest disturbance likely also played a role (Hume 2017).",None remain.,,"Aplonis corvina was endemic to Kosrae, Caroline Islands, Federated States of Micronesia (Greenway 1967). It is only known from two specimens, both collected by Heinrich von Kittlitz in 1827 (Knox and Walters 1994), and both now in St Petersburg (Pratt et al. 1987). It was extinct by the time that Otto Finsch visited the island in 1880 (Greenway 1967).",,Terrestrial,,Oceanian,1827,FALSE,FALSE,Global,22710496,ANIMALIA,CHORDATA,AVES,PASSERIFORMES,STURNIDAE,Aplonis,Aplonis corvina,"(Kittlitz, 1833)",,,,EX,Kosrae Starling,Island,Island,Invasive Species,Invasive Species,,PF
241563797,103780078,Acrocephalus luscinius,Extinct,,2023,2023-08-04 00:00:00 UTC,3.1,English,"This species qualifies as Extinct. It is likely that the introduced Brown Tree Snake Boiga irregularis delivered the final blow to the species following significant habitat loss from wetland drainage and increased frequency in fires, potential impacts from pesticides and impacts of a variety of additional introduced species (Reichel et al. 1992, Kennerley and Pearson 2010).","Acrocephalus luscinius was almost exclusively found in freshwater wetland and wetland edge vegetation (Engbring et al. 1982, Reichel et al. 1992, USFWS 1998).","The species was exterminated as a result of predation by the introduced Brown Tree Snake (Boiga irregularis). Several other factors are likely to have also contributed, including wetland destruction and drainage, pesticide-use, major fires and additional introduced species (Hume 2017).","The last confirmed sighting of this species was made in 1969, having been said to still be ‘fairly common’ in parts of the Agana Swamp in 1967 or 1968 before rapidly disappearing from this, the species’ last site (Reichel et al. 1992). As with A. yamashinae the species was primarily restricted to wetland habitats, which suffered considerable disturbance (Reichel et al. 1992). It is likely that the introduced Brown Tree Snake Boiga irregularis delivered the final blow to the species following significant habitat loss from drainage and fires, potential impacts from pesticides and impacts of a variety of additional introduced species (Reichel et al. 1992, Kennerley and Pearson 2010).",,This species is historically known from Guam (to USA).,,Terrestrial|Freshwater (=Inland waters),,Oceanian,1969,FALSE,FALSE,Global,103780078,ANIMALIA,CHORDATA,AVES,PASSERIFORMES,ACROCEPHALIDAE,Acrocephalus,Acrocephalus luscinius,"(Quoy &amp; Gaimard, 1830)",,,,EX,Guam Reed-warbler,North America,United States,Invasive Species; Habitat Loss; Water Modification; Pollution,Invasive Species,,US
241570030,103780109,Acrocephalus nijoi,Extinct,,2023,2023-08-04 00:00:00 UTC,3.1,English,"There have been no records of the species since the mid-1990s despite extensive surveys in 2000, 2001, 2008 and 2009, its disappearance likely primarily due to large-scale vegetation clearance. It is therefore classified as Extinct.","It inhabited formerly disturbed areas vegetated by groves of trees and thickets (Engbring et al. 1982, Reichel et al. 1992, USFWS 1998).",Habitat destruction as a result of intensive farming is likely responsible for this species' disappearance (Reichel et al. 1992). Goats (Capra hircus) introduced in the 1950s may have also been a contributing factor (Hume 2017).,"A tiny population was reported to remain on the uninhabited island, but has not been observed since the mid-1990s despite extensive surveys in 2000, 2001, 2008, and 2009 (USFWS 1998, Esselstyn et al. 2003, Camp et al. 2009, Amidon et al. 2014), and the species is now considered to be Extinct.",,This species is historically known only from Aguijan in the Northern Mariana Islands (to USA). ,,Terrestrial,,Oceanian,1995,FALSE,FALSE,Global,103780109,ANIMALIA,CHORDATA,AVES,PASSERIFORMES,ACROCEPHALIDAE,Acrocephalus,Acrocephalus nijoi,"(Yamashina, 1940)",,,,EX,Aguijan Reed-warbler,North America,United States,Invasive Species; Habitat Loss; Agriculture,Invasive Species,,US
241594199,103780103,Acrocephalus yamashinae,Extinct,,2023,2023-08-04 00:00:00 UTC,3.1,English,"The species is considered to have become extinct prior to the 1981 volcanic eruption on Pagan, though this event destroyed hopes of the species persisting to the present day. Surveys in the 1970s, 1980s, in 2000 and in 2010 all failed to find any trace of the species, its disappearance primarily a result of severe habitat modification. ","It was almost exclusively found in freshwater wetland and wetland edge vegetation (Engbring et al. 1982, Reichel et al. 1992, USFWS 1998).","On Pagan virtually all vegetative ground cover was effectively removed at certain periods during the 20th century through a variety of agents including human development, introduced feral ungulates and finally a volcanic eruption in 1981 (Reichel et al. 1992, Hume 2017). However, there had not been any records for some time prior to this, with reports of reed-warblers being present by D. Aldan and J. Sablan into at least the 1960s (Reichel et al. 1992) appearing to be the last observations. The primary threat is thought to have been severe habitat modification through wetland drainage for agriculture and grazing by feral livestock (Hume 2017). Predation by rats and cats is also thought to have driven declines (Hume 2017). The volcanic eruptions in 1981 appear to mark a full stop to the possibility of the species persisting, as all herbaceous and virtually all woody vegetation was destroyed in the last known site, around the upper lake (Reichel et al. 1992).",None remain.,,This species is historically known from Pagan in the Northern Mariana Islands (to USA).,,Terrestrial|Freshwater (=Inland waters),,Oceanian,1969,FALSE,FALSE,Global,103780103,ANIMALIA,CHORDATA,AVES,PASSERIFORMES,ACROCEPHALIDAE,Acrocephalus,Acrocephalus yamashinae,"(Taka-Tsukasa, 1931)",,,,EX,Pagan Reed-warbler,North America,United States,Invasive Species; Agriculture; Water Modification; Urbanization,Invasive Species,,US
243935542,103780156,Acrocephalus astrolabii,Extinct,,2024,2023-08-29 00:00:00 UTC,3.1,English,"This species has not been recorded since the type series collection in 1838 or 1839, likely driven to extinction by deforestation and introduced predators.",Essentially nothing is known about this species' ecology. It presumably occupied habitat similar to closely related Acrocephalus species such as A. percernis.,This species was likely driven to extinction by deforestation and the introduction of predators (Hume 2017).,None remain.,,"This species is known from two specimens thought to have come from the Gambier Islands, French Polynesia (Cibois et al. 2011, Hume 2017).",,Terrestrial|Freshwater (=Inland waters),,Oceanian,1839,FALSE,FALSE,Global,103780156,ANIMALIA,CHORDATA,AVES,PASSERIFORMES,ACROCEPHALIDAE,Acrocephalus,Acrocephalus astrolabii,"Holyoak &amp; Thibault, 1978",,,,EX,Mangareva Reed-warbler,Pacific Islands,French Polynesia,Invasive Species; Habitat Loss; Overharvesting,Invasive Species,,US
243950218,22735592,Acrocephalus musae,Extinct,,2024,2023-08-29 00:00:00 UTC,3.1,English,"This species was lost from both islands where it used to occur in the late 1800s or early 1900s and is now Extinct, likely as a result of introduced predators. ",Little known. It may have bred exclusively in bamboo thickets (P. Raust in litt. 2007).,"The introduction of feral cats Felis catus, rats Rattus spp. (A. Gouni in litt. 2012) and many alien bird species, including the aggressive Common Myna Acridotheres tristis, may have contributed to its extinction (Thibault 1988, Seitre and Seitre 1991).",None remain.,,"Acrocephalus musae was known from the Society Islands, French Polynesia.",,Terrestrial,,Oceanian,1880,FALSE,FALSE,Global,22735592,ANIMALIA,CHORDATA,AVES,PASSERIFORMES,ACROCEPHALIDAE,Acrocephalus,Acrocephalus musae,"(Forster, 1844)",,,,EX,Forster's Reed-warbler,Pacific Islands,French Polynesia,Invasive Species,Invasive Species,,US
243955451,103829706,Himatione fraithii,Extinct,,2024,2023-08-29 00:00:00 UTC,3.1,English,"This Laysan endemic honeycreeper became Extinct in 1923 due to the almost complete destruction of vegetation cover on the island following the introduction of rabbits as a food supply for guano miners in the 1890s. The final act was a violent storm, in which what were considered the final three individuals were killed.","Rothschild (1893-1900, in Fancy and Ralph 1997) stated that the species was ""by far the rarest of the Laysan Island birds, though I have observed a fair number, generally in pairs. They are very active in their movements, flitting about in the scrub. It feeds on very small insects as a rule, but I have also observed it sucking honey from the flowers.""","The introduction of rabbits as a food supply for the guano miners that worked the Laysan Islands at the turn of the 20th Century was disastrous for the species. Virtually all vegetative cover on the island was eliminated, and the final three individuals were apparently killed in a vicious storm in 1923, with no shelter remaining on the island (Olson 1996, Fancy and Ralph 1997, Hume 2017).",None remain.,,"Himatione fraithii was endemic to Laysan, in the northwestern Hawaiian Islands, United States, but became extinct in 1923 (Hume 2017).",,Terrestrial,,Oceanian,1923,FALSE,FALSE,Global,103829706,ANIMALIA,CHORDATA,AVES,PASSERIFORMES,FRINGILLIDAE,Himatione,Himatione fraithii,"(Rothschild, 1892)",,,,EX,Laysan Honeycreeper,Pacific Islands,Hawaii,Invasive Species; Climate Change,Invasive Species,,US
243957534,22720840,Ciridops anna,Extinct,,2024,2024-07-11 00:00:00 UTC,3.1,English,"This species is known from Hawaii's Big Island, USA, but it is now Extinct due to the destruction and degradation of its forest habitat as a result of logging activity, rats and pigs. The last confirmed records date from 1892.","Apparently inhabited Pritchardia groves, throughout montane rain forests dominated by ‘öhi‘a-lehua (Pratt 2020).",Deforestation and seed predation by rats and pigs is thought to have severely reduced available habitat (Hume 2017).,None remain.,,"Ciridops anna was endemic to Hawaii, USA. It is only known from five specimens, in Harvard, Honolulu, New York and Tring (Greenway 1967), the latter with two (Knox and Walters 1994), and a possible sight record in 1937 (Munro 1944). Fossils of the genus have been found on Kaua'i, Moloka'i and O'ahu (James and Olson 1991). The last specimen was collected in 1892 (Greenway 1967).",,Terrestrial,,Oceanian,1937,FALSE,FALSE,Global,22720840,ANIMALIA,CHORDATA,AVES,PASSERIFORMES,FRINGILLIDAE,Ciridops,Ciridops anna,"(Dole, 1879)",,,,EX,Ula-ai-hawane,Pacific Islands,Hawaii,Invasive Species; Habitat Loss,Invasive Species,,US
243963448,22720848,Drepanis pacifica,Extinct,,2024,2023-08-29 00:00:00 UTC,3.1,English,"This species is known from the Hawaiian Islands, USA, but it has not been recorded since 1898 and is now Extinct. Habitat destruction was probably the major cause of its extinction.","It inhabited forest, especially `ohi`a forest (Stattersfield et al. 1998), where it was observed feeding on insects, although it probably fed mainly on nectar.","It was heavily trapped by Hawaiians for its feathers (Rose et al. 1993), but it is more likely that habitat destruction and disease were the ultimate causes of the species' extinction (Greenway 1967, Hume 2017).",None remain.,,"Drepanis pacifica was endemic to the big island of Hawai`i, USA (Hume 2017).",,Terrestrial,,Oceanian,1898,FALSE,FALSE,Global,22720848,ANIMALIA,CHORDATA,AVES,PASSERIFORMES,FRINGILLIDAE,Drepanis,Drepanis pacifica,"(Gmelin, 1788)",,,,EX,Hawaii Mamo,Pacific Islands,Hawaii,Habitat Loss; Disease,Habitat Loss,,US
244230219,22720852,Drepanis funerea,Extinct,,2024,2023-09-04 00:00:00 UTC,3.1,English,"This species is known from the Hawaiian island of Moloka`i, USA, but it has not been recorded since 1907 and is now Extinct. Predation and habitat destruction by invasive species were the major factors causing its extinction.",It inhabited the understory of wet forests where it fed on nectar.,"Its extinction was probably largely caused by the destruction of its understorey habitat by introduced cattle and deer, mosquito-borne diseases and predation by rats and mongooses (Greenway 1967, Hume 2017).",None remain.,,"Drepanis funerea was only ever seen in forest understorey on Moloka`i, Hawai`i, USA, although fossils are known from the adjacent Maui (James and Olson 1991).",,Terrestrial,,Oceanian,1907,FALSE,FALSE,Global,22720852,ANIMALIA,CHORDATA,AVES,PASSERIFORMES,FRINGILLIDAE,Drepanis,Drepanis funerea,"Newton, 1893",,,,EX,Black Mamo,Pacific Islands,Hawaii,Invasive Species; Habitat Loss,Invasive Species,,US
244234437,22720749,Rhodacanthis palmeri,Extinct,,2024,2023-09-04 00:00:00 UTC,3.1,English,"This species was known from Hawaii's Big Island, USA, but it is now Extinct likely due to habitat loss and the effects of introduced species. It was last recorded in 1896, and collectors visiting in 1906 failed to find it.","This species was restricted to Koa Acacia koa forests between 1,220 m and 1,520 m (Hume 2017).","Deforestation, as well as degradation, competition, predation and disturbance from introduced alien species likely contributed to this species' extinction (Hume 2017). Mosquito-borne diseases were also likely a significant threat (Hume 2017).",None remain.,,"Rhodacanthis palmeri was endemic to Hawai'i, USA (Stattersfield et al. 1998).",,Terrestrial,,Oceanian,1896,FALSE,FALSE,Global,22720749,ANIMALIA,CHORDATA,AVES,PASSERIFORMES,FRINGILLIDAE,Rhodacanthis,Rhodacanthis palmeri,"(Rothschild, 1892)",,,,EX,Greater Koa-finch,Pacific Islands,Hawaii,Invasive Species; Habitat Loss,Invasive Species,,US
244237698,22720745,Rhodacanthis flaviceps,Extinct,,2024,2023-09-04 00:00:00 UTC,3.1,English,"This species is known from the Hawaii's Big Island, USA, but has been driven Extinct likely due to habitat loss and the effects of introduced species. It was last recorded in 1891 and collectors visiting in 1893 failed to find it.",It inhabited montane koa forest.,"Like Rhodacanthis palmeri, deforestation, mosquito-borne diseases as well as degradation, competition, predation and disturbance from introduced alien species likely contributed to this species' extinction (Hume 2017).",None remain.,,"Rhodacanthis flaviceps was probably very rare when discovered and is known from only a handful of skins from Kona, Hawai'i, USA (Stattersfield et al. 1998). It was observed and collected over a period of only a few days in 1891, and Perkins failed to find it on a visit two years later (Greenway 1967, Hume 2017). This or a similar species is also known from the fossil record of O'ahu and Maui (James and Olson 1991). ",,Terrestrial,,Oceanian,1891,FALSE,FALSE,Global,22720745,ANIMALIA,CHORDATA,AVES,PASSERIFORMES,FRINGILLIDAE,Rhodacanthis,Rhodacanthis flaviceps,"Rothschild, 1892",,,,EX,Lesser Koa-finch,Pacific Islands,Hawaii,Invasive Species; Habitat Loss,Invasive Species,,US
244243595,22728825,Chloridops kona,Extinct,,2024,2023-09-04 00:00:00 UTC,3.1,English,"This species was known from the Hawaiian island of Hawai'i, USA, but it has not been recorded since 1892 and is now Extinct. Habitat destruction, invasive species and avian disease are likely to have caused the loss of this species.","It inhabited naio forest on lava flows at 1,100-1,700 m, and fed on seeds (Banko and Banko 2009, Hume 2017).","Reasons for its extinction are unknown though habitat destruction for logging and agriculture, introduced species and avian disease are likely to have been responsible (Grant 1995, Hume 2017).",None remain.,,"Chloridops kona was endemic to Hawai'i, USA (Stattersfield et al. 1998). The genus is known from fossils from Kaua'i, O`ahu and Maui (James and Olson 1991).",,Terrestrial,,Oceanian,1892,FALSE,FALSE,Global,22728825,ANIMALIA,CHORDATA,AVES,PASSERIFORMES,FRINGILLIDAE,Chloridops,Chloridops kona,"Wilson, 1888",,,,EX,Kona Grosbeak,Pacific Islands,Hawaii,Invasive Species; Habitat Loss; Agriculture; Disease; Unknown,Invasive Species,,US
244247004,103824105,Loxops wolstenholmei,Extinct,,2024,2023-09-04 00:00:00 UTC,3.1,English,"This species was known from Oahu of the Hawaiian islands. It was last seen in the wild in 1900, and is considered Extinct likely as a result of  habitat destruction, predation by introduced mammals and disease.",It apparently occupied dense montane forest (Lepson and Freed 2020).,"The species is thought to have been driven to extinction by habitat destruction, predation by introduced mammals and disease (Hume 2017). ",No extant population remains.,,"Loxops wolstenholmei was endemic to the Hawaiian Islands, U.S.A. on O'ahu.",,Terrestrial,,Oceanian,1900,FALSE,FALSE,Global,103824105,ANIMALIA,CHORDATA,AVES,PASSERIFORMES,FRINGILLIDAE,Loxops,Loxops wolstenholmei,"Rothschild, 1893",,,,EX,Oahu Akepa,Pacific Islands,Hawaii,Invasive Species; Habitat Loss; Disease,Invasive Species,,US
244839904,22720784,Viridonia sagittirostris,Extinct,,2024,2023-09-11 00:00:00 UTC,3.1,English,"This species is known from Hawaii's Big Island, USA, but it has not been recorded since 1901 and is now Extinct. Most of its habitat was cleared for agriculture, which is likely to have caused its extinction.","It was restricted to dense, moist ohi'a forest at 152-1,220 m (Hume 2017).","Its native forest was cleared for sugar cane, likely causing its extinction (Amadon 1950).",None remain.,,"This species was only found along the Wailuku river above Hilo on Hawai`i, USA (Lindsey et al. 1998).",,Terrestrial,,Oceanian,1901,FALSE,FALSE,Global,22720784,ANIMALIA,CHORDATA,AVES,PASSERIFORMES,FRINGILLIDAE,Viridonia,Viridonia sagittirostris,"Rothschild, 1892",,,,EX,Greater Amakihi,Pacific Islands,Hawaii,Agriculture,Agriculture,,US
244842689,103823250,Akialoa stejnegeri,Extinct,,2024,2023-09-11 00:00:00 UTC,3.1,English,"This species was found on Kaua'i, Hawaii, USA, but it is now Extinct as a result of forest clearance and introduced disease. The last well-documented report of the species was in 1965.","It inhabited all forest up types above 200 m (Gorresen et al. 2009), feeding on insects and nectar (Amante-Helweg et al. 2009).",The species is believed to have been driven to extinction by habitat destruction and disease (Collar et al. 1994). Introduced mammals and hurricane damage are likely to have been important contributory factors (Woodworth et al. 2009).,No extant population remains.,,"Akialoa stejnegeri was found on Kaua'i, Hawaii, USA (Olson and James 1995, Stattersfield et al. 1998).",,Terrestrial,,Oceanian,1965,FALSE,FALSE,Global,103823250,ANIMALIA,CHORDATA,AVES,PASSERIFORMES,FRINGILLIDAE,Akialoa,Akialoa stejnegeri,"(Wilson, 1889)",,,,EX,Kauai Akialoa,Pacific Islands,Hawaii,Invasive Species; Habitat Loss; Disease; Climate Change,Invasive Species,,US
244849755,22720738,Dysmorodrepanis munroi,Extinct,,2024,2023-09-11 00:00:00 UTC,3.1,English,"This species is known from the Hawaiian island of Lana'i, USA, but it has not been recorded since 1918 and is now Extinct. Habitat clearance and introduced predators were responsible for its decline.",It inhabited in montane dry forest.,"Much of Lana'i was cleared for pineapple plantations in the 1910s, and this, along with predation by cats and rats, presumably drove the species to extinction (Snetsinger et al. 1998). Habitat degradation by goats and pigs was likely an additional threat.",None remain.,,"Dysmorodrepanis munroi is an Extinct taxon known from only a single specimen collected in 1913, and from single sightings in 1916 and 1918, on Lana'i, Hawaii, USA (Munro 1944).",,Terrestrial,,Oceanian,1918,FALSE,FALSE,Global,22720738,ANIMALIA,CHORDATA,AVES,PASSERIFORMES,FRINGILLIDAE,Dysmorodrepanis,Dysmorodrepanis munroi,"Perkins, 1919",,,,EX,Lanai Hookbill,Pacific Islands,Hawaii,Invasive Species; Habitat Loss,Invasive Species,,US
244853122,22728910,Akialoa obscura,Extinct,,2024,2023-09-11 00:00:00 UTC,3.1,English,"This species was known from Hawaii's Big Island, USA, but it has not been reported since 1940 and is now Extinct. Deforestation and introduced diseases are likely to have been responsible.","It inhabited mountain koa-`ohi`a forest (500-2,000 m).","Its extinction was probably primarily due to introduced disease-carrying mosquitoes, accelerated by habitat destruction (Collar et al. 1994, Hume 2017).",None remain.,,"Akialoa obscura was endemic to Hawai`i, USA.",,Terrestrial,,Oceanian,1940,FALSE,FALSE,Global,22728910,ANIMALIA,CHORDATA,AVES,PASSERIFORMES,FRINGILLIDAE,Akialoa,Akialoa obscura,"(Gmelin, 1788)",,,,EX,Hawaii Akialoa,Pacific Islands,Hawaii,Invasive Species; Habitat Loss; Disease,Invasive Species,,NZ
244860824,103823431,Akialoa lanaiensis,Extinct,,2024,2023-09-11 00:00:00 UTC,3.1,English,"This species was found in the Hawaiian Islands, USA, but it is now Extinct as a result of forest clearance and introduced disease. The last sighting was in 1894.","It inhabited all forest up types above 200 m (Gorresen et al. 2009), feeding on insects and nectar (Amante-Helweg et al. 2009).","The species is thought to have been driven to extinction by habitat destruction and disease (Collar et al. 1994), but introduced species may also have been a factor.",None remain.,,"Akialoa lanaiensis was found on Lana'i, Hawaii (Stattersfield et al. 1998). In addition, fossil material allied to this taxon has been found on Moloka'i and Maui.",,Terrestrial,,Oceanian,1894,FALSE,FALSE,Global,103823431,ANIMALIA,CHORDATA,AVES,PASSERIFORMES,FRINGILLIDAE,Akialoa,Akialoa lanaiensis,"(Rothschild, 1893)",,,,EX,Lanai Akialoa,Pacific Islands,Hawaii,Invasive Species; Habitat Loss; Disease,Invasive Species,,CK
244864865,103823212,Akialoa ellisiana,Extinct,,2024,2023-09-11 00:00:00 UTC,3.1,English,"This species was found in the Hawaiian Island of Oahu, USA, but it is now Extinct as a result of forest clearance and introduced disease.","It likely inhabited all forest up types above 200 m (Gorresen et al. 2009), feeding on insects and nectar (Amante-Helweg et al. 2009).","The species is thought to have been driven to extinction by habitat destruction, disease, and introduced mammals (Collar et al. 1994). ",No extant population remains.,,"Akialoa ellisiana was endemic the mountains of O'ahu, Hawaii, USA (Stattersfield et al. 1998).",,Terrestrial,,Oceanian,1837,FALSE,FALSE,Global,103823212,ANIMALIA,CHORDATA,AVES,PASSERIFORMES,FRINGILLIDAE,Akialoa,Akialoa ellisiana,(Gray 1860),,,,EX,Oahu Akialoa,Pacific Islands,Hawaii,Invasive Species; Habitat Loss; Disease,Invasive Species,,PF
245715946,22720823,Paroreomyza flammea,Extinct,,2024,2023-09-22 00:00:00 UTC,3.1,English,"This species was known from the Hawaiian island of Moloka'i, USA, but is now Extinct, probably as a result of habitat destruction, rat predation and introduced diseases. The last record was in the Kamako'u Preserve in 1963.","This species was an insectivore, foraging in wet `ohi`a forests above 450 m (Hume 2017).","Its extinction was presumably due to habitat destruction, rat predation and disease (Collar et al. 1994, Hume 2017). It is not thought to have been collected (Amante-Helweg and Conant 2009).",None remain.,,"Paroreomyza flammea was endemic to Moloka'i, Hawaii, USA (Stattersfield et al. 1998). The last record was in the Kamako'u Preserve in 1963 (Collar et al. 1994).",It is not thought to have been collected (Amante-Helweg and Conant 2009).,Terrestrial,,Oceanian,1963,FALSE,FALSE,Global,22720823,ANIMALIA,CHORDATA,AVES,PASSERIFORMES,FRINGILLIDAE,Paroreomyza,Paroreomyza flammea,"(Wilson, 1889)",,,,EX,Kakawahie,Pacific Islands,Hawaii,Invasive Species; Habitat Loss; Overharvesting; Disease,Invasive Species,,NZ
245721556,22708564,Myadestes woahensis,Extinct,,2024,2023-09-22 00:00:00 UTC,3.1,English,"This species is known from the Hawaiian island of O'ahu, USA, but it was driven Extinct likely due to habitat destruction and disease. The only record is that of the type specimen, collected in 1825."," Presumably, this species occupied wet forested habitats (Olson 1996).","The cause of the species' extinction is unknown (Greenway 1967), but habitat destruction and disease are likely causal factors.",None remain.,,"Myadestes woahensis is an Extinct taxon known only from the type, collected on O'ahu, in Hawai'i, USA, by Bloxam in 1825. The specimen was lost, and subsequently relocated in Tring (Knox and Walters 1994). Fossil remains have also been collected on the island (James and Olson 1991).",,Terrestrial,,Oceanian,1825,FALSE,FALSE,Global,22708564,ANIMALIA,CHORDATA,AVES,PASSERIFORMES,TURDIDAE,Myadestes,Myadestes woahensis,"(Wilson & Evans, 1899)",,,,EX,Amaui,Pacific Islands,Hawaii,Habitat Loss; Overharvesting; Disease; Unknown,Habitat Loss,,NZ
245724773,22708559,Myadestes myadestinus,Extinct,,2024,2023-09-22 00:00:00 UTC,3.1,English,"This species formerly occurred on the Hawaiian island of Kaua'i, USA, but the multitude of threats in the region have driven it Extinct. The last probable record dates from 1989.","At its most abundant, the species occupied both moist forest at sea-level and mountain forest, generally preferring open canopy with a dense understory (Hume 2017).","Disease carried by introduced mosquitoes and the destruction and degradation of forests are likely to have been the chief causes of extinction (USFWS 1983). The advance of feral pigs into pristine upland forests degraded habitat and facilitated the spread of mosquitoes (Pratt 1994). Competition with introduced birds may have exacerbated the problems faced by this species (Wakelee and Fancy 1999), and introduced predators are likely to have also played a part (Woodworth et al. 2009). Deprived of lowland forest the species was also exposed to the effects of hurricane damage in upland forest, which severely disrupted portions of native forest and allowed the germination and expansion of noxious weeds (Pratt 1994, Conant et al. 1998).","None remain. Its population was estimated at 337 individuals in 1968-73 (USFWS 1983), and 4-44 in 1981 (Scott et al. 1986). Numerous intensive surveys in areas formerly occupied, particularly in 1995 and 1997 (Reynolds and Snetsinger 2001, Foster et al. 2004), make it now appropriate to classify this species as Extinct (S. Fretz, R. Camp, E. VanderWerf and M. Gorresen in litt. 2003).",,Myadestes myadestinus was endemic to Kaua'i in the Hawaiian Islands (USA).,,Terrestrial,,Oceanian,1989,FALSE,FALSE,Global,22708559,ANIMALIA,CHORDATA,AVES,PASSERIFORMES,TURDIDAE,Myadestes,Myadestes myadestinus,"(Stejneger, 1887)",,,,EX,Kamao,Pacific Islands,Hawaii,Invasive Species; Disease; Climate Change,Invasive Species,,AU
245733733,22708091,Heteralocha acutirostris,Extinct,,2024,2023-09-25 00:00:00 UTC,3.1,English,"This species is known from New Zealand's North Island, but it was last recorded in 1907 and is now Extinct. Habitat loss, hunting and disease have all been implicated in its decline.","It appears to have required large tracts of primary, native forest.","Its extinction was probably primarily due to habitat loss, especially of dead trees on which they depended for extracting beetle larvae (Burton 1974), along with hunting, predation and disease (Myers 1923, Hume 2017).",No extant population remains.,,"Heteralocha acutirostris was endemic to the southern portion of the North Island, New Zealand.",The species was hunted primarily for its tail feathers (Hume 2017).,Terrestrial,,Oceanian,1907,FALSE,FALSE,Global,22708091,ANIMALIA,CHORDATA,AVES,PASSERIFORMES,CALLAEIDAE,Heteralocha,Heteralocha acutirostris,"(Gould, 1837)",,,,EX,Huia,Oceania,New Zealand,Invasive Species; Habitat Loss; Overharvesting; Disease,Invasive Species,,NZ
246095386,22710499,Aplonis mavornata,Extinct,,2024,2023-09-28 00:00:00 UTC,3.1,English,"This species, was known from Mauke, Cook Islands, but it is now Extinct presumably due to predation by introduced brown rats. The type specimen was taken in 1825, and the species was not found on the next ornithological visit to Mauke in 1975.","Nothing is known, but like other members of the genus it is likely to have inhabited the island's forests.",Its extinction was presumably as a result of predation by introduced rats (Hume 2017).,"No extant population remains, with the species being known from only the holotype collected in 1825. By the time of the next field visits 150 years later, the species had been extirpated.",,"Aplonis mavornata is known only from the type specimen, collected on Mauke, Cook Islands, by Bloxam in 1825 (Olson 1986), and not on Cook's voyages (Pratt et al. 1987). The island was not visited by ornithologists until nearly 150 years after Bloxam's collection, by which time the species had become extinct (Olson 1986).",,Terrestrial,,Oceanian,1825,FALSE,FALSE,Global,22710499,ANIMALIA,CHORDATA,AVES,PASSERIFORMES,STURNIDAE,Aplonis,Aplonis mavornata,"Buller, 1887",,,,EX,Mysterious Starling,Pacific Islands,Pacific Islands,Invasive Species,Invasive Species,,NZ
246097401,22734867,Aplonis ulietensis,Extinct,,2024,2023-09-28 00:00:00 UTC,3.1,English,"This Extinct species is known only from a 1774 painting of the type specimen, contemporary descriptions and a few field notes. It occurred on Raiatea (French Polynesia). An expedition to the island in 1850 failed to find the species, and it likely became extinct between 1774-1850 following the arrival of rats on the island.","Unknown, though referred to as occurring in 'thickets' on the island.",It is assumed that the arrival of introduced species such as rats were the cause of its extinction.,Any population appears to have been lost prior to 1850.,,"This Extinct species is known only from a 1774 painting of the type specimen, contemporary descriptions and a few field notes (Hume 2017). It occurred on Raiatea (French Polynesia). An expedition to the island in 1850 failed to find the species, and it likely became extinct between 1774-1850 following the arrival of rats on the island.",,Terrestrial,,Oceanian,1774,FALSE,FALSE,Global,22734867,ANIMALIA,CHORDATA,AVES,PASSERIFORMES,STURNIDAE,Aplonis,Aplonis ulietensis,"(Gmelin, 1788)",,,,EX,Raiatea Starling,Pacific Islands,French Polynesia,Invasive Species,Invasive Species,,NZ
246108014,22728902,Poodytes rufescens,Extinct,,2024,2023-09-28 00:00:00 UTC,3.1,English,"This species was formerly found on the Chatham Islands, New Zealand, but the last specimen was collected in 1892 and it has not been recorded since 1900. Habitat destruction and invasive species were probably the major causes of its extinction.",It probably inhabited dense vegetation at the edges of swamps and tidal inlets (Hume 2017).,"It presumably declined to extinction due to habitat loss caused by burning and overgrazing by introduced goats and rabbits, and to predation by cats, rats and weasels (Fleming 1939, Hume 2017).",None remain.,,"This species was endemic to Chatham, Pitt and Mangere Islands in the Chatham Islands, New Zealand (Greenway 1967, Hume 2017).",,Terrestrial,,Australasian,1900,FALSE,FALSE,Global,22728902,ANIMALIA,CHORDATA,AVES,PASSERIFORMES,LOCUSTELLIDAE,Poodytes,Poodytes rufescens,"(Buller, 1869)",,,,EX,Chatham Islands Fernbird,Oceania,New Zealand,Invasive Species; Habitat Loss; Overharvesting,Invasive Species,,KI
246111491,22698580,Xenicus longipes,Extinct,,2024,2023-09-29 00:00:00 UTC,3.1,English,"This species formerly occurred on New Zealand, but it is now Extinct, probably due to predation by invasive species. It was last certainly recorded in the wild in 1968.","On the mainland, it was a species of dense, montane forest, while on offshore islands it was found in coastal forest and scrub (Robertson 1985).","Its decline was presumably caused by introduced predators (Robertson 1985), to which it was particularly vulnerable, being a ground-nester (Greenway 1967).",Species is extinct.,,"Xenicus longipes was endemic to the three main islands of New Zealand, with variabilis of Stewart Island last recorded in 1965 (though six individuals were translocated from Big South Cape island to Kaimohu island, but there were no young and the last individual died in 1972), stokesi of the North Island in 1955, and the nominate race of the South Island in 1968 (Collar et al. 1994, Hume 2017).",,Terrestrial,,Australasian,1968,FALSE,FALSE,Global,22698580,ANIMALIA,CHORDATA,AVES,PASSERIFORMES,ACANTHISITTIDAE,Xenicus,Xenicus longipes,"(Gmelin, 1789)",,,,EX,Bushwren,Oceania,New Zealand,Invasive Species,Invasive Species,,PF
246157981,22704724,Gerygone insularis,Extinct,,2024,2023-09-29 00:00:00 UTC,3.1,English,"This species was endemic to Lord Howe Island, Australia, but was driven Extinct by the depredations of introduced rats. It was last recorded in 1928, with none found in a survey in 1936.","It was a canopy-dwelling forest species (Hull 1909), feeding on small insects and spiders (Sharland 1929).",Presumably its extinction resulted from nest predation by rats (Recher 1974). Disease from introduced passerines may also have been a factor (McAllan et al. 2004).,No extant population remains.,,"Gerygone insularis was endemic to Lord Howe Island, Australia.",,Terrestrial,,Australasian,1928,FALSE,FALSE,Global,22704724,ANIMALIA,CHORDATA,AVES,PASSERIFORMES,ACANTHIZIDAE,Gerygone,Gerygone insularis,"Ramsay, 1879",,,,EX,Lord Howe Gerygone,Oceania,Australia,Invasive Species; Disease,Invasive Species,,MU
246163701,22728814,Anthornis melanocephala,Extinct,,2024,2023-09-29 00:00:00 UTC,3.1,English,"This species was found in the Chatham Islands, New Zealand, but it is now Extinct likely as a result of habitat destruction, predation and disease. It was last recorded in 1906.",It inhabited the islands' dense forest.,"The reasons for its decline are obscure, but were probably a combination of habitat destruction, predation by introduced rats and cats (Greenway 1967), and over-collection for the museum trade (Oliver 1955). Introduced disease is also likely to have caused rapid declines (Hume 2017).",None remain.,,"Anthornis melanocephala was endemic to Chatham, Pitt, Mangere and Little Mangere Islands, New Zealand (Greenway 1967).",Over-collection for the museum trade may have been a factor in its decline (Oliver 1955).,Terrestrial,,Australasian,1906,FALSE,FALSE,Global,22728814,ANIMALIA,CHORDATA,AVES,PASSERIFORMES,MELIPHAGIDAE,Anthornis,Anthornis melanocephala,G.R. Gray 1843,,,,EX,Chatham Islands Bellbird,Oceania,New Zealand,Invasive Species; Habitat Loss; Overharvesting; Disease,Invasive Species,,CV
246178545,22689496,Ninox albifacies,Extinct,,2024,2023-09-30 00:00:00 UTC,3.1,English,"This species was found in New Zealand, but it is now Extinct, probably as a result of predation and habitat conversion. The last confirmed record was of the nominate subspecies in 1914, though photographic evidence suggests it existed until at least the 1920s.",The species roosted and nested among rocks in open country and on forest edge (Williams and Harrison 1972).,"Causes of the species' extinction are obscure, though its extinction was likely driven by predation by introduced mammals and habitat modification through grazing or burning (Williams and Harrison 1972, Hume 2017).",No extant population remains.,,This species was endemic to New Zealand with the nominate race on the South and Stewart Islands and the subspecies rufifacies on the North Island.,,Terrestrial,,Australasian,1920,FALSE,FALSE,Global,22689496,ANIMALIA,CHORDATA,AVES,STRIGIFORMES,STRIGIDAE,Ninox,Ninox albifacies,"(Gray, 1844)",,,,EX,Laughing Owl,Oceania,New Zealand,Invasive Species; Agriculture,Invasive Species,,US
246199261,62178398,Coenocorypha barrierensis,Extinct,,2024,2023-09-30 00:00:00 UTC,3.1,English,This species was extirpated from its historic range by introduced mammalian predators; it was last recorded in the 1870s and is classified as Extinct.,"The species is assumed to have had similar habits to the extant Coenocorypha, and thought to have possessed a similar nocturnal aerial display (Tennyson and Martinson 2006). It was likely to have been active both day and night, and to have fed on invertebrates.",The introduction of Pacific rats and feral cats is thought to have caused the extinction of this species (Tennyson and Martinson 2006).,No extant population remains.,,"Coenocorypha barrierensis was known only from Little Barrier Island, New Zealand where a single specimen was collected in 1870.",,Terrestrial,,Oceanian,1870,FALSE,FALSE,Global,62178398,ANIMALIA,CHORDATA,AVES,CHARADRIIFORMES,SCOLOPACIDAE,Coenocorypha,Coenocorypha barrierensis,"Oliver, 1955",,,,EX,North Island Snipe,Oceania,New Zealand,Invasive Species,Invasive Species,,BM
246202198,62289108,Prosobonia cancellata,Extinct,,2024,2023-09-30 00:00:00 UTC,3.1,English,This species became Extinct presumably around the 1850s as a result of predation by invasive mammals.,Presumed to be similar to P. parvirostris.,"This species was presumably driven to extinction by introduced predatory mammals, especially cats and rats.",None remain.,,"The type specimen was collected in 1778 on Kiritimati (= Christmas Island), Kiribati (Walters 1993).",,Terrestrial|Marine,,Oceanian,1778,FALSE,FALSE,Global,62289108,ANIMALIA,CHORDATA,AVES,CHARADRIIFORMES,SCOLOPACIDAE,Prosobonia,Prosobonia cancellata,"(Gmelin, 1789)",,,,EX,Christmas Sandpiper,Island,Island,Invasive Species,Invasive Species,,AU
246204162,22728772,Prosobonia ellisi,Extinct,,2024,2023-09-30 00:00:00 UTC,3.1,English,"This species was known from Moorea, French Polynesia, but it has not been recorded since its collection in 1777 and is now Extinct. Predation by introduced rats is thought to have been the primary cause.","Like Tahitian Sandpiper (P. leucoptera), it presumably lived along streams.","It was presumably driven to extinction by introduced rats in the late 18th century (Walters 1994). Habitat destruction may have also played a role, as introduced pigs and goats may have grazed along streams and degraded their preferred habitat (Hume 2017).",No extant population remains.,,"Prosobonia ellisi is known only from two paintings (both in London), by Ellis and Webber, each based on a specimen (both now lost) collected by Anderson on Moorea, in the Society Islands, French Polynesia, during Cook's third voyage in 1777 (Walters 1994).",,Terrestrial|Freshwater (=Inland waters),,Oceanian,1777,FALSE,FALSE,Global,22728772,ANIMALIA,CHORDATA,AVES,CHARADRIIFORMES,SCOLOPACIDAE,Prosobonia,Prosobonia ellisi,"(Gmelin, 1789)",,,,EX,Moorea Sandpiper,Pacific Islands,French Polynesia,Invasive Species; Habitat Loss; Overharvesting,Invasive Species,,US
246374796,22728658,Alopochen mauritiana,Extinct,,2024,2023-10-06 00:00:00 UTC,3.1,English,"This species was endemic to Mauritius, and was heavily hunted, which is thought to have caused its disappearance. It was last recorded in 1693, when it was said to be rare, and could not be found by 1698. This species is Extinct.","In 1681, it was noted to be plentiful ""in the woods or dry ponds"" (Cheke 1987).","The species was described as being hunted in J. Pretorius' account (Hume and Winters 2016), presumably quite heavily as it was described by J. Marshall in the 17th century as ""not large, but fat and good [to eat]"" (Cheke and Hume 2008). It is also considered to have been predated on by introduced mammals, particularly cats (Hume 2017).",No extant population remains.,,"This species was endemic to Mauritius (Cheke 1987). Although the only specimens of the species are two carpometacarpus (wing-bones) and an incomplete pelvis (Newton and Gadow 1893, Cowles 1987), it is known from numerous travellers' reports, such as Johannes Pretorius' 17th century report describing the various birds native to the island (Hume and Winters 2016). By 1693, the species was rare and, by 1698, it was presumed extinct (Cheke 1987).","Based on accounts of the species at the time (J. Pretorius, J. Marshall), describing the species' being shot and its taste (Cheke and Hume 2008, Hume and Winters 2016), it was likely heavily hunted for food.",Freshwater (=Inland waters),,Afrotropical,1693,FALSE,FALSE,Global,22728658,ANIMALIA,CHORDATA,AVES,ANSERIFORMES,ANATIDAE,Alopochen,Alopochen mauritiana,"(Newton &amp; Gadow, 1893)",,,,EX,Mauritius Shelduck,Indian Ocean Islands,Mauritius,Invasive Species,Invasive Species,,US
246857823,192286,Conus lugubris,Extinct,,2025,2023-12-12 00:00:00 UTC,3.1,English,"This species was endemic to the Cape Verde Islands where it was found only at several sites on the north shore of the island of São Vicente, principally from Matiota beach close to Mindelo port, as well as at adjacent sites on a coastline of approximately 5 km. This species was found on rocky substrates, preferring cavities in the rock associated with sea urchins, in the intertidal and rarely to 2–3 m depth.The Cape Verde islands have experienced a major increase in tourism. The island of São Vicente is affected by this increased tourism, with the centre of this cone's snails small distribution coinciding with the towns of Mindelo. This area was developed as a harbour in the late 1980s, next to which a marina was developed in 2007. Moreover, an international airport was opened on the island in 2009 to assist in the tourism development and the port is currently being extended to accommodate a cruise ship terminal. In the last four years, increased sedimentation has been observed on the former habitat of this species. With this scenario, all habitats of this species are considered lost.The population was locally quite abundant where it was found, notably in the Matiota beach area, until the late 1980s when the majority of its habitat was degraded by coastal development. During the decade between 1970 and the 1980s, 230 shells of live and dead specimens were collected, and eggs capsules were recorded in August 1981. The last documented record of live specimens of this species is estimated to have been in 1987. Despite significant efforts to find this species since 2011 and dedicated searches carried out annually, when conditions allow, since 2016, no living specimens has been collected in almost 40 years. This represents a time span of at least six generations for this species, based on an estimated maximum generation length of 5.5 years. The last specimens found were dead shells collected in 2016, but the age of these specimens is suspected to be much older; these specimens were worn, old dead shells found close to harbour walls where reworked material can be found. Local researchers have been trained to recognise this species and regular recreational SCUBA diving within and adjacent to the known range contribute ongoing passive searches, and have recorded no shells.This species was known only from one small area. It has not been observed alive since 1987 and is assessed as Extinct. The cause of extinction is habitat destruction connected to coastal development.","This species has been recorded from rocky habitats along the north coast of São Vicente island, where it may have been associated with sea urchin holes in shallow waters (Rolán 1992). It was mostly found in the intertidal area, and rarely exceeding 2 to 3 m depth (Rolán 1992), likely the deeper depth indicated for specimens found at the bay of Ninho do Guincho by Rolán (1992). Adult shells of this species typically are up to 20 mm in length. Reproductive data are not available for this species but cone snails typically live for 10 to 20 years, and reach maturity at around 1 year. As this species is relatively small, the lifespan may be considerably shorter. The maximum generation length estimate is given by = 1 +[0.5 ×(10 −1)] = 5.5 years.","This species was endemic to the island of São Vicente, Cape Verde, where it was restricted to a 5 km stretch of coast. The Cape Verde islands are experiencing a major increase in tourism. The island of São Vicente is similarly affected with the centre of its small distribution coinciding with the town of Mindelo. This area was developed as a harbour in the late 1980s, next to which a marina was developed in 2007. Moreover, an international airport was opened on the island in 2009 to assist in the tourism development and the port is currently extending to become a cruise ship terminal (M.J. Tenorio pers. comm. 2023). More recently, there is also increased sedimentation on the former habitat of this species, with the main causes of this degradation are: the diversion of rainwater to the site in 2018; the constant discharge of brine from the desalination plants; and the monthly discharge of wastes from the monthly cleaning of the filters of the same desalination plants (Mascarenhas 2022).With this scenario, all habitats of this species are considered lost.","The population was quite abundant on the northern shores of São Vicente, notably on Matiota beach, until the late 1980s when the majority of this species' habitat was degraded (Rolán 1992), and its population is now believed to be lost. Over the decade from the 1970–1980, 230 shells of live and dead specimens were collected and egg capsules were recorded in August 1981 (Rolán 1992, M.J. Tenorio pers. comm. 2023). The last documented records of live specimens date back to the late 1980s or even earlier, prior to the construction of the Matiota Harbour (M.J. Tenorio pers. comm. 2025). Based on this information and surveys in the area (Rolán 1992), it is suspected that the last living individuals were observed in 1987. Despite significant efforts to relocate this species since 2011 (Table 3 in the Supplementary Information), no living specimens have been collected in almost 40 years (M.J. Tenorio pers. comm. 2025). When seawater conditions and underwater visibility allows surveys of benthic fauna, dedicated searches for cone snails—including this species—are carried out locally every year (M.J. Tenorio pers. comm. 2025). In 2106, worn, old dead shells were recovered (Pires et al. 2020), close to harbour walls where reworked material can be found, but the age of these specimens may be much older or even subfossil material (M.J. Tenorio pers. comm. 2023).Additional dedicated searches have occurred annually since 2016 by taxonomic experts. Since 2019 visibility conditions have limited the potential for dedicated searches, but also indicate decline in habitat quality. Local researchers have been trained to recognise this species and also conducted passive searches occasionally in other areas in the surroundings of Mindelo Bay, and these have also recorded no shells; the area of Ninho do Guincho is a popular spot for recreational SCUBA divers leading to regular passive searches on an ongoing basis, which have recovered no living specimens (M.J. Tenorio pers. comm. 2023). While there is a small possibility of the species being off-shore or in adjacent rocky coasts, all surveys carried out by local experts in the area in the past decade have failed to find the species.",,"This species was endemic to the Cape Verde Islands where it was found only on the north shore of the island of São Vicente, including the eastern Bay of Mindelo at Matiota Beach north of Mindelo town (Tenorio et al. 2020) to the adjacent bay of Ninho do Guincho (Rolán 1992), a coastline of approximately 5 km. Based on comparison with the specimen in the British Museum, a lectotype specimen was designated from the known population of Matiota Beach (Rolán 1987). Records from eastern parts of the island (Rolán 1987, Rolán 1992, Monteiro et al. 2004) were erroneous due to misidentification of the shells (Tenorio et al. 2020). The area of the known range of this species has changed significantly as the Port of Mindelo has been developed, degrading the original habitats (Tenorio et al. 2020).Shells matching the type material of this species (described in Rolán 1987) were found in the 1970s and 1980s on Matiota beach, but this area became part of a large and touristic urban area in the vicinity of the modern Port of Mindelo (Tenorio et al. 2020) and the majority of habitats along this part of the coast have been severely disturbed.No living specimens have been found since the 1980s (Rolán 1987). There has been a large effort since 2011 to find living specimens for this species, including training for local scientists; dedicated searches have been carried out at least once a year without recovering any live specimens (M.J. Tenorio pers. comm. 2023).","In common with other Conus species, the shells of this species are potentially traded for the specialist Conus shell market. This species was always very rare in commercial trade, partly as there is little demand for the small black shell, and partly as there have been no specimens collected for nearly 40 years (M.J. Tenorio pers. comm. 2023).",Marine,"This species would be protected from collection by law, along with all other endemic species from Cape Verde (Decree 08/2022) (M.J. Tenorio pers. comm. 2023).",Afrotropical,1987,FALSE,FALSE,Global,192286,ANIMALIA,MOLLUSCA,GASTROPODA,NEOGASTROPODA,CONIDAE,Conus,Conus lugubris,"Reeve, 1849",,,,CR,,Island,Island,Habitat Loss; Overharvesting; Water Modification; Urbanization,Habitat Loss,,RE
248950875,22720734,Psittirostra psittacea,Extinct,,2024,2024-02-26 00:00:00 UTC,3.1,English,"Following methods developed in a series of papers published in 2017 (Akcakaya et al. 2017, Keith et al. 2017, Thompson et al. 2017), the probability that the species is extinct based on records and surveys is 0.984, and the probability it is extinct based on threats is 0.941. Accordingly, it is classified as Extinct. This species has not been recorded with certainty on Kaua'i since 1989 nor on Hawai'i since 1987, and recent searches specifically for it, alongside extensive surveys for other species on both Kaua'i and Hawai'i, have failed to locate it. It was driven to extinction by habitat loss and degradation, introduced rats, cats, pigs and other non-natives, and in particular as a result of avian malaria and avian pox viruses from introduced mosquitoes.","It was restricted to wet to mesic 'ohi'a forest between 800 and 1,900 m, mainly 1,200-1,500 m (Scott et al. 1986, Snetsinger et al. 1998), though historically range expanded into low-elevation forest (Snetsinger et al. 2020). Its bill was adapted to feeding on 'ie'ie Freycinetia arborea, an understory vine, and outside the 'ie'ie fruiting season, it was nomadic in response to seasonal fruit and invertebrate abundance (Snetsinger et al. 1998).","Since the arrival of humans in the Hawaiian Archipelago, Hawai’i’s forest birds have undergone tremendous losses and face a panoply of threats, primarily; habitat loss and degradation; avian disease; and predation and competition from non-native species. At least 71 taxa of Hawaiian birds had disappeared before the arrival of Captain James Cook in 1778; 24 more have been extirpated since (Banko and Banko 2009a).With the arrival of the Polynesians between 1000 and 1200 CE, almost all lowland forests were felled and burned to make way for agriculture (Kirch 1982). This loss continued with the arrival of European and American settlers. Forests continued to be cleared until only high-elevation forest remained. Much of the forest that remains has been invaded by non-native species.Hawai'i has a long history of non-native species. When the Polynesians arrived, they brought with them pigs Sus scrofa, dogs Canis familiaris and Polynesian Rats Rattus exulans. With the Europeans and Americans came Black R. rattus and Brown Rats R. norvegicus, cats Felis catus, mongoose Herpestes auropunctatus, feral goats Capra hircus, cattle Bos taurus, deer Axis axis, more than 50 species of birds (Atkinson and Lapointe 2009), plants, invertebrates, and diseases. Introduced ungulates have altered forest structure through herbivory and the dispersal of invasive plants, rendering it far less suitable for Ou and other forest birds. Rats, cats and mongoose predate both nests and adult birds (Lindsey et al. 2009). Rats also compete with Ou for their primary food source, ‘ie‘ie vine Freycinetia arborea (Banko and Banko 2009b), while non-native birds may also compete with them for resources (Foster 2009).Non-native avian diseases introduced to Hawai'i are some of the most pervasive threats faced by native birds and are likely to be the main cause of many previous extinctions. Both avian malaria Plasmodium relictum and avian pox Avipoxvirus spp. are transmitted by the Southern House Mosquito Culex quinquefasciatus, currently climatically restricted to elevations below 1,500 m and responsible for the disappearance of many highly susceptible Hawaiian forest birds from elevations below this. The islands of Kaua'i, O'ahu, Moloka'i, and Lānaʻi have no forest above 1500m and therefore offer no refugia from these fatal diseases. Little forest remains above this elevation on Hawai'i and Maui and as the climate warms the elevational range of Culex will increase (Atkinson and Lapointe 2009). Wallows created by feral pigs provide additional breeding habitats for Culex and allow it to infiltrate deeper into forests (Lapointe et al. 2009). By the time avian malaria was thought to have taken hold on Kaua'i in the 1950s Ou were already uncommon and lost from low elevations, suggesting disease is not solely responsible and forest clearance and invasive species also bear considerable responsibility for its decline (L. Crampton in litt. 2023).For species with already small population sizes, natural disasters can be catastrophic. In 1984 thousands of acres of forest, in one of the species' last strongholds, the Upper Waiākea Forest Reserve, were engulfed by the kilometre-wide lava flow (Reynolds and Snetsinger 2001). In 1982 and 1992 Hurricanes ‘Iwa and ‘Iniki battered the Alaka'i swamp, the last known range of Ou on Kaua'i, and had devastating effects on the native forest. Three species of bird, including Ou, have not been seen on Kaua'i since these hurricanes (USFWS 2022).","There have been unconfirmed reports of Ou up to 1996, but no confirmed records since 1989. Following methods developed in a series of papers published in 2017 (Akcakaya et al. 2017, Keith et al. 2017, Thompson et al. 2017), the probability that this species is extinct based on records and surveys is 0.984, and the probability it is extinct based on threats is 0.941. It is accordingly considered Extinct and the population size is set to 0 mature individuals. Historically Ou were widespread across much of the Hawaiian Archipelago, but were extirpated from O'ahu, Maui, Moloka'i and then Lana'i between 1899 and 1931 (Pyle and Pyle 2017). The last confirmed record on Hawai'i was in 1987 (Snetsinger et al. 1998) while the last confirmed record on Kauai was 1989 (Pyle 1986).",,"Psittirostra psittacea was originally widespread in the Hawaiian Islands (USA), but was extirpated from O'ahu, Maui, Moloka'i and then Lana'i between 1899 and 1931 (Snetsinger et al. 1998). On Kaua'i, it survived in the Alaka'i Wilderness Preserve into the mid-1970s, with c. 62 birds being present during 1968-1973 (USFWS 1983), but only a few in 1981 (Scott et al. 1986), two in 1989 and none since. On Hawai'i, several populations were present in the early 1980s, with c.394 estimated during 1976-1983 (Scott et al. 1986) but, in 1984, a lava-flow from Mauna Loa passed through the Upper Waiakea Forest Reserve, the species' stronghold (Scott et al. 1986, Snetsinger et al. 1998). In 1982 and 1992 Hurricanes ‘Iwa and ‘Iniki battered the Alaka'i swamp, the last known range of Ou on Kaua'i, and had devastating effects on the native forest. Three species of bird, including Ou, were not seen on Kaua'i since these hurricanes (USFWS 2022). However, there have been unconfirmed reports from Koai'e Stream, Alaka'i (Kaua'i) and Pu'u Maka'ala Natural Area Reserve and Kapapala-Ka'u Forest Reserve (Hawai'i) up to 1996 (Snetsinger et al. 1998, J. Lepson in litt. 1999).","Historically Hawaiian honeycreepers were used extensively by indigenous people both for food and feathers (Amante-Helweg and Conant 2009). Feathers were used to manufacture numerous cultural artefacts such as mahiole (feathered helmets), 'ahu'ula (feathered capes), malo (loin cloths) and 'aumakua hulu manu (icons of royal battle gods) (Amante-Helweg and Conant 2009). Primarily, the red feathers of Iiwi Drepanis coccinea and the black and yellow feathers of Oo Moho spp. and Hawaii Mamo D. pacifica were used for these purposes however there are records of the green feathers of Ou being utilised occasionally (Amante-Helweg and Conant 2009). The use of Ou and other Hawaiian honeycreepers for food and cultural artefacts has not occurred for a number of centuries (Amante-Helweg and Conant 2009).",Terrestrial,,Oceanian,1989,FALSE,FALSE,Global,22720734,ANIMALIA,CHORDATA,AVES,PASSERIFORMES,FRINGILLIDAE,Psittirostra,Psittirostra psittacea,"(Gmelin, 1789)",,,,EX,Ou,Pacific Islands,Hawaii,Invasive Species; Habitat Loss; Agriculture; Disease; Climate Change,Invasive Species,,AU
249779181,62183030,Bermuteo avivorus,Extinct,,2025,2025-01-01 00:00:00 UTC,3.1,English,"This raptor was described from fossil records, and is thought to relate to raptors observed on Bermuda in 1603. By 1623 it appears to have been extirpated. It is therefore listed as Extinct.",No clear information pertaining to this species was ever collected.,"The cause of extinction is unknown, but may have been a combination of hunting for food and the introduction of feral pigs and other animals.",None remain.,,"Bermuteo avivorus occurred on Bermuda, where it is known from fossil records and is thought to account for observations of raptors on the island in 1603 (Olson 2008). Its time of extinction is not known, but presumably followed human settlement in the early 17th century and may have been the result of hunting and the introduction of invasive species.",The species may have been hunted for food.,Terrestrial,,Neotropical,1603,FALSE,FALSE,Global,62183030,ANIMALIA,CHORDATA,AVES,ACCIPITRIFORMES,ACCIPITRIDAE,Bermuteo,Bermuteo avivorus,"Olson, 2008",,,,EX,Bermuda Hawk,Island,Island,Invasive Species; Overharvesting; Unknown,Invasive Species,,AU
250085125,22714229,Zosterops albogularis,Extinct,,2024,2024-01-26 00:00:00 UTC,3.1,English,"This species was endemic to Norfolk Island, Australia, however it rapidly declined primarily due to predation by black rats. Four records during an island-wide survey in 1979 were the last multi-observer records, with poorly documented reports suggesting the species possibly persisted until the first decade of the 21st century. Following methods developed in a series of papers published in 2017 (Akcakaya et al. 2017, Keith et al. 2017, Thompson et al. 2017), the probability that the species is extinct based on records and surveys is 0.99, and the probability it is extinct based on threats is 0.98. Accordingly, it is classified as Extinct. ","While the most recent records were all in rainforest and only a few in weedy forest (Higgins et al. 2006), they were historically recorded nesting in orchards (Hull 1910) and red guava Pisidium cattleianum trees and feeding on fruits of olives Olea europaea (Mees 1969) and insects (Christian 2005).","Threats for this species have operated at an acuity and spatial scale that have driven it extinct. Following methods developed in a series of papers published in 2017 (Akcakaya et al. 2017, Keith et al. 2017, Thompson et al. 2017), the probability it is extant based on threats is 0.02 (Clarke et al. 2021). The principal threat was predation by black rats Rattus rattus which are thought to have been introduced in the mid-1940s (Robinson 1988). Most other Zosterops species persist alongside rats, including two other species on Norfolk Island, but rats appear to have exterminated the Robust White-eye Z. strenuus within ten years of colonising Lord Howe Island (Hindwood 1940, Sharland 1929). The effects of predation have been exacerbated by the clearance of much native forest and invasion of the remainder by exotic weeds. Although being baited on the ground in the National Park since the early 1990s, rats have remained common in trees and shrubs and their arboreal behaviour renders such control programs less effective (Nance et al. 2023b). Loss of good habitat to agriculture, predation by cats Felis catus and competition from the self-introduced Silvereye Zosterops lateralis, first recorded on the island in 1904, may have contributed to the white-eye’s decline but are unlikely to be primary causes (Clarke et al. 2021).","While common and widespread in 1908 (Hull 1910) and 1926 (Mees 1969), it was very scarce in 1962, with a population estimated at &lt;50 birds, and only two birds were seen in 1968 (Mees 1969). Four records during an island-wide survey in 1979 were the last multi-observer records (Schodde et al. 1983). Formal searches in the 1980s and in 2009 (Dutson 2013) failed to find the species, but poorly documented reports (detailed in Dutson 2013) suggested persistence. There have been no records since 2009 and from 2017 to 2019 postgraduate students spending three months a year working in prime white-eye habitat on the island and have seen none (R. Clarke unpublished, in Clarke et al. 2021). Intensive nest searches over three breeding seasons in 2018–2020 during peak breeding months and an island-wide point-count survey between October and November 2019 also failed to detect the species (Nance et al. 2023a).Following methods developed in a series of papers published in 2017 (Akcakaya et al. 2017, Keith et al. 2017, Thompson et al. 2017), the probability that this species is extinct based on records and surveys is 0.99, and the probability it is extinct based on threats is 0.98 (Clarke et al. 2021). It is accordingly considered Extinct.",,Zosterops albogularis was endemic to Norfolk Island (to Australia). By the 1970s it had become confined to weed-free indigenous forest in and around the Norfolk Island National Park.,,Terrestrial,,Australasian,2000,FALSE,FALSE,Global,22714229,ANIMALIA,CHORDATA,AVES,PASSERIFORMES,ZOSTEROPIDAE,Zosterops,Zosterops albogularis,"Gould, 1837",,,,EX,White-chested White-eye,Oceania,Australia,Invasive Species; Habitat Loss; Agriculture,Invasive Species,,AU
250432785,103823616,Hemignathus hanapepe,Extinct,,2024,2024-02-26 00:00:00 UTC,3.1,English,"Endemic to Kaua'i, H. hanapepe became confined to the Alaka'i Swamp and, according to USFWS (2023) and Pratt and Pyle (2000), the last confirmed record was two specimens taken by Munro in 1899. Since its ‘rediscovery’ in 1960 (Richardson and Bowles 1964) there were at least 30 reports, the most recent of which was in 2007 (Pratt 2010). There have been no records since, despite extensive searches. Following methods developed in a series of papers published in 2017 (Akcakaya et al. 2017, Keith et al. 2017, Thompson et al. 2017), the probability that the species is extinct based on records and surveys is 0.92, and the probability it is extinct based on threats is 0.97. Accordingly, it is classified as Extinct. ","This species inhabited dense, wet 'ohi'a forest and the higher parts of mesic koa-'ohi'a forest (Scott et al. 1986, Pratt et al. 1987), where it fed on wood-borers, spiders and beetles (Scott et al. 1986, Conant et al. 1998). It hunted along the upper and lower surfaces of branches, both up and down the trunks (Perkins 1903) probing the bark on living and dead trees. It also gleaned caterpillars from the leaves of low trees (Munro 1960). According to Munro (1960), when feeding it would insert its longer, decurved, upper mandible into crevices and holes to hook out arthropods and then catch them with its tongue and lower mandible. The Koa'e Valley in the Alaka'i Wilderness Preserve (where it was potentially seen in 1995 [Conant et al. 1998]) is at 1,000-1,300 m (Pratt 1994), although it was previously seen as low as 600m (Perkins 1903).","Since the arrival of humans in the Hawaiian Archipelago, Hawai’i’s forest birds have undergone tremendous losses and face a panoply of threats. At least 71 taxa of Hawaiian birds disappeared before the arrival of Captain James Cook in 1778, 24 more have been extirpated since (Banko and Banko 2009). With the arrival of the Polynesians between 1000 and 1200 CE, almost all lowland forests were felled and burned to make way for agriculture (Kirch 1982). This loss continued with the arrival of European and American settlers. Forests continued to be cleared until only high-elevation forest remained. Much of the forest that remains has been invaded by non-native species. Hawai’i has a long history of non-native species. When the Polynesians arrived, they brought with them pigs Sus scrofa, dogs Canis familiaris and Polynesian Rats Rattus exulans. With the Europeans and Americans came Black R. rattus and Brown Rats R. norvegicus, cats Felis catus, mongoose Herpestes auropunctatus, feral goats Capra hircus, cattle Bos taurus, deer Axis axis, more than 50 species of birds (Atkinson and Lapointe 2009), plants, invertebrates, and diseases. Introduced ungulates have severely damaged forest structure through herbivory and the dispersal of invasive plants, rendering it far less suitable for Kauai Nukupuu and other forest birds. Rats, cats and mongoose predate both nests and adult birds (Lindsey et al. 2009), while non-native birds may also compete with them for resources (Foster 2009). Non-native avian diseases introduced to Hawai'i are some of the most pervasive threats faced by native birds and are likely to be the main cause of many previous extinctions. Both avian malaria Plasmodium relictum and avian pox Avipoxvirus spp. are transmitted by the Southern House Mosquito Culex quinquefasciatus, currently climatically restricted to elevations below 1,500 m and responsible for the disappearance of many highly susceptible Hawaiian forest birds from elevations below this. Kaua'i has no forest above 1,500 m and therefore offers no refugia from these fatal diseases. Wallows created by feral pigs provide additional breeding habitats for Culex and allow it to infiltrate deeper into forests (Lapointe et al. 2009).","Many consider the last confirmed record of H. hanapepe to have been two specimens taken in 1899 (Pratt and Pyle 2000, Pyle and Pyle 2017, USFWS 2022). Despite there being at least 30 subsequent sightings since 1960, the most recent of which was in 2007 (Pratt 2010), it has been argued that none are accompanied by sufficient evidence to eliminate possible confusion with Chlorodrepanis stejnegeri (Pratt and Pyle 2000). Following methods developed in a series of papers published in 2017 (Akcakaya et al. 2017, Keith et al. 2017, Thompson et al. 2017), the probability that this species is extinct based on records and surveys is 0.93, and the probability it is extant based on threats is 0.97. It is accordingly considered Extinct with a population size of 0. The species is likely to have always been rare: early collectors noted that it was rare or uncommon (Pyle and Pyle 2017) and there was a large gap in records between 1899 and its apparent 'rediscovery' (although see above) in 1960 (Richardson and Bowles 1964). In addition to the extinction probability assessment made here, the USFWS (2023) delisted H. hanapepe from the Federal Lists of Endangered and Threatened Wildlife and Plants due to presumed extinction, which they believe occurred in the early 20th century.",,"Hemignathus hanapepe was endemic to Kaua'i in the Hawaiian Islands, U.S.A., where the last confirmed record was two specimens taken in 1899 (Munro 1960). It probably became confined to the Alaka'i Wilderness Preserve (Scott et al. 1986, Conant et al. 1998) and since its 'rediscovery' in 1960 (Richardson and Bowles 1964) it has been reported there at least 30 times. Although at least some, if not all, of these sightings lack sufficient evidence to eliminate Chlorodrepanis stejnegeri (Pratt and Pyle 2000).","Historically, Hawaiian honeycreepers were used extensively by indigenous people both for food and feathers (Amante-Helweg and Conant 2009). Feathers were used to manufacture numerous cultural artefacts such as mahiole (feathered helmets), 'ahu'ula (feathered capes), malo (loin cloths) and 'aumakua hulu manu (icons of royal battle gods) (Amante-Helweg and Conant 2009). Primarily, the red feathers of Iiwi Drepanis coccinea and the black and yellow feathers of Oo Moho spp. and Hawaii Mamo D. pacifica were used for these purposes. Despite its yellow feathers there is no direct evidence to suggest that Kauai Nukupuu were used to manufacture feathered objects, although it is plausible. Likewise, they plausibly may have been taken for food as other honeycreepers were (Amante-Helweg and Conant 2009). The use of Hawaiian honeycreepers for food and cultural artefacts has not occurred for a number of centuries (Amante-Helweg and Conant 2009).",Terrestrial,,Oceanian,1899,FALSE,FALSE,Global,103823616,ANIMALIA,CHORDATA,AVES,PASSERIFORMES,FRINGILLIDAE,Hemignathus,Hemignathus hanapepe,"Wilson, 1889",,,,EX,Kauai Nukupuu,Pacific Islands,Hawaii,Invasive Species; Agriculture,Invasive Species,,AU
250520617,103824084,Loxops ochraceus,Extinct,,2024,2024-02-26 00:00:00 UTC,3.1,English,"Endemic to Maui, the last confirmed record of Maui Akepa was two birds seen in 1988 (Engilis 1990) with later unconfirmed records of birds sound recorded in 1994 and 1995 (Reynolds and Snetsinger 2001). There have been no records since, despite extensive searches. Following methods developed in a series of papers published in 2017 (Akcakaya et al. 2017, Keith et al. 2017, Thompson et al. 2017), the probability that the species is extinct based on records and surveys is 0.93, and the probability it is extinct based on threats is 0.94. Accordingly, it is classified as Extinct. ","It is suspected to have inhabited similar habitat to L. coccineus: wet and mesic forest, primarily of koa-'ohi'a at 1,100-2,100 m (mostly above 1,500 m) (Scott et al. 1986, Lepson and Freed 2020). Foraging habits also presumed to have been similar to L. coccineus. It fed mostly on caterpillars and spiders and used its laterally asymmetric bill to prize open leaf and flower buds in a manner akin to crossbills (Loxia spp.) (Lepson and Freed 2020).","Since the arrival of humans in the Hawaiian Archipelago, Hawai’i’s forest birds have undergone tremendous losses and face a panoply of threats. At least 71 taxa of Hawaiian birds disappeared before the arrival of Captain James Cook in 1778, 24 more have been extirpated since (Banko and Banko 2009). With the arrival of the Polynesians between 1000 and 1200 CE, almost all lowland forests were felled and burned to make way for agriculture (Kirch 1982). This loss continued with the arrival of European and American settlers. Forests continued to be cleared until only high-elevation forest remained. Much of the forest that remains has been invaded by non-native species. Hawai’i has a long history of non-native species. When the Polynesians arrived, they brought with them pigs Sus scrofa, dogs Canis familiaris and Polynesian Rats Rattus exulans. With the Europeans and Americans came Black R. rattus and Brown Rats R. norvegicus, cats Felis catus, mongoose Herpestes auropunctatus, feral goats Capra hircus, cattle Bos taurus, deer Axis axis, more than 50 species of birds (Atkinson and Lapointe 2009), plants, invertebrates, and diseases. Introduced ungulates have severely damaged forest structure through herbivory and the dispersal of invasive plants, rendering it far less suitable for Maui Akepa and other forest birds. Rats, cats and mongoose predate both nests and adult birds (Lindsey et al. 2009), while non-native birds may also compete with them for food and nest-sites (Foster 2009). Non-native avian diseases introduced to Hawai'i are some of the most pervasive threats faced by native birds and are likely to be the main cause of many previous extinctions. Both avian malaria Plasmodium relictum and avian pox Avipoxvirus spp. are transmitted by the Southern House Mosquito Culex quinquefasciatus, currently climatically restricted to elevations below 1,500 m and responsible for the disappearance of many highly susceptible Hawaiian forest birds from elevations below this. Maui still retains some forest above 1,500 m, offering some refugia from these fatal diseases. However, the quality and intactness of this forest is less than pristine. Wallows created by feral pigs provide additional breeding habitats for Culex and allow it to infiltrate deeper into forests (Lapointe et al. 2009). As the climate warms the elevational limits of Culex will shift upslope and the area of suitable, mosquito-free forest will shrink even more (Lapointe and Atkinson 2009).","Following methods developed in a series of papers published in 2017 (Akcakaya et al. 2017, Keith et al. 2017, Thompson et al. 2017), the probability that this species is extinct based on records and surveys is 0.93, and the probability it is extinct based on threats is 0.94. It is accordingly considered Extinct and the population size is set to 0 mature individuals. The last confirmed record of Loxops ochraceus was of two birds seen in 1988 (Engilis 1990) with later unconfirmed records of birds sound recorded in 1994 and 1995 (Reynolds and Snetsinger 2001). Visual confirmation of records is required due to potential confusion with, or mimicry by, Pseudonestor xanthophrys (Reynolds and Snetsinger 2001). L. ochraceus were described as locally abundant in 1894 (Perkins 1903) and a flock of more than 100 in 1961 led Bole (1961) to conclude they were not rare on Maui.In addition to the extinction probability analysis used here, the USFWS (2023) has now delisted L. ochraceus from the Federal Lists of Endangered and Threatened Wildlife and Plants due to presumed extinction.",,"Loxops ochraceus was endemic to Maui, Hawaiian Islands, U.S.A. Most specimens were obtained above Olinda, although some were taken from Kipahulu Valley (Pyle and Pyle 2017). Between 1950 and 1995, Loxops ochraceus were observed on the upper slopes of Haleakala, Kipahulu Valley and Ko'olau Forest Reserve. The last confirmed record in 1988 was in Hanawi Natural Area Reserve; an unconfirmed audio recording in 1994 was taken during a Rare Bird Search survey, also from Hanawi Natural Area Reserve. An unconfirmed 1995 recording was taken in Kipahulu Valley (Reynolds and Snetsinger 2001).","Historically, Hawaiian honeycreepers were used extensively by indigenous people both for food and feathers (Amante-Helweg and Conant 2009). Feathers were used to manufacture numerous cultural artefacts such as mahiole (feathered helmets), 'ahu'ula (feathered capes), malo (loin cloths) and 'aumakua hulu manu (icons of royal battle gods) (Amante-Helweg and Conant 2009). Primarily, the red feathers of Iiwi Drepanis coccinea and the black and yellow feathers of Oo Moho spp. and Hawaii Mamo D. pacifica were used for these purposes. Despite its red/orange feathers there is no direct evidence to suggest that L. ochraceus were used to manufacture feathered objects, although it is plausible. Likewise, they plausibly may have been taken for food as other honeycreepers were (Amante-Helweg and Conant 2009). The use of Hawaiian honeycreepers for food and cultural artefacts has not occurred for a number of centuries (Amante-Helweg and Conant 2009).",Terrestrial,,Oceanian,1988,FALSE,FALSE,Global,103824084,ANIMALIA,CHORDATA,AVES,PASSERIFORMES,FRINGILLIDAE,Loxops,Loxops ochraceus,"Rothschild, 1893",,,,EX,Maui Akepa,Pacific Islands,Hawaii,Invasive Species; Agriculture; Climate Change,Invasive Species,,SG
252734800,22729490,Alopochen kervazoi,Extinct,,2024,2024-06-27 00:00:00 UTC,3.1,English,"This species was endemic to the island of Réunion, but is now Extinct. The last record came from 1671-1672, and it had been lost to hunting by c. 1700.",It is thought to have inhabited freshwater pools and lakes.,"Over-hunting is thought to be the main cause of extinction for this species, with introduced predators taking chicks and eggs likely a contributing factors (Hume 2017).",No extant population remains.,,"Alopochen kervazoi is known only from subfossil bones collected by Bertrand Kervazo in the Grottes des Premiers Français on Réunion (to France) in 1974 (Cowles 1994). Nontekoe mentioned finding geese on the island when he visited in 1619, as did Dubois in 1671-2, but it was not to persist long and the species was specifically mentioned to have become extinct by Boucher in 1710 (Cheke 1987). The specimens are deposited in the Muséum National d'Histoire Naturelle, Paris (Cowles 1994).",Over-hunting is thought to be the main cause of extinction (Hume 2017).,Freshwater (=Inland waters),,Afrotropical,1672,FALSE,FALSE,Global,22729490,ANIMALIA,CHORDATA,AVES,ANSERIFORMES,ANATIDAE,Alopochen,Alopochen kervazoi,"(Cowles, 1994)",,,,EX,Reunion Shelduck,Indian Ocean Islands,Reunion,Invasive Species; Overharvesting,Invasive Species,,AU
254614367,45958541,Notomys robustus,Extinct,,2024,2024-06-06 00:00:00 UTC,3.1,English,"The Broad-cheeked Hopping-mouse is listed as Extinct, because it is known only from skulls taken from old owl roosts in the Flinders and Davenport Ranges, South Australia, and has never been collected alive.","All of the collection sites were in arid, rocky ranges adjacent to plains with ephemeral streams running eventually into inland lakes. The mean annual rainfall varies from 125 to 300 mm. The dominant plant associations include a mixed cover of native grasses and chenopod shrubland (Medlin 2008).","As with other now extinct hopping-mice, the primary cause of extinction was probably predation by feral cats Felis catus, possibly compounded by habitat degradation associated with the onset of pastoralism.",The species is extinct.,,"The Broad-cheeked Hopping-mouse has been collected only as subfossil material from the Davenport and Flinders Ranges, South Australia. It is now extinct.",,Terrestrial,The species is extinct.,Australasian,never recorded alive,FALSE,FALSE,Global,45958541,ANIMALIA,CHORDATA,MAMMALIA,RODENTIA,MURIDAE,Notomys,Notomys robustus,"Mahoney, M.J. Smith &amp; Medlin, 2008",,,,EX,Broad-cheeked Hopping Mouse,Oceania,Australia,Invasive Species; Habitat Loss; Overharvesting,Invasive Species,,AU
254622081,75927841,Conilurus capricornensis,Extinct,,2025,2024-09-29 00:00:00 UTC,3.1,English,"The recently described Capricorn Rabbit-rat is listed as Extinct because it is only known from subfossil material, some of which may have post-dated European settlement of Australia. There have been no targeted surveys for the species in the area, although there have been some general wildlife surveys in the broader region around the known locations (e.g., Kirkpatrick and Lavery 1979).  ",No living individuals have ever been reported. Habits and ecology are likely to be similar to congeners - partly arboreal species sheltering during the day in tree hollows and hollow logs; mostly granivorous; relatively low reproductive output (Watts and Aslin 1981). Louys et al. (2023) reported some subfossil material of this species co-occurred with that of C. albipes and suggested that this indicated some niche differentiation between the two species.,"This species has never been recorded alive, so assessment of threats is speculative. If it post-dated European colonisation of Australia (1788), it was probably affected by the same threats that contributed to the extinction of Conilurus albipes - most likely predation by feral cats Felis catus, with this species being in the preferred prey size range for predation by cats (Woolley et al. 2019). Other factors that may have contributed to its extinction include reduction in food resources and habitat quality due to spread of pastoralism, clearing and changes in fire regime.","The Capricorn Rabbit-rat is known only from fossil and subfossil material (Cramb and Hocknull 2010, Louys et al. 2023). Some of this material is considered to be 'very recent', though no dates are estimated (Cramb and Hocknull 2010). In the description, Cramb and Hocknull (2010) noted that ‘it is most likely extinct’, but that ‘some [skull material] specimens collected in 2003 from a cave floor at Broken River appear remarkably fresh. The very ‘fresh’ nature of these specimens may indicate the persistence of the species in that area today’. This material showed ‘no signs of fossilisation and still preserved desiccation cracks and organic staining to the bone’. Cramb and Hocknull (2010) expressed some hope that it may yet be found alive, though it is presumed extinct here. It is recognised as extinct by the Threatened Species Scientific Committee (2021) of the Australian Government.",,"No living individuals of this species have been reported. It is known only from fossil and subfossil material from four sites in north-eastern Australia: Capricorn Caves and Mount Etna (both near Rockhampton in mid-eastern Queensland), and Broken River and Christmas Creek (both inland from Townsville in north-eastern Queensland) (Cramb and Hocknull 2010, Louys et al. 2023).",,Terrestrial,This species is presumed extinct. Some targeted survey in its presumed former range is justified.,Australasian,Quaternary,FALSE,FALSE,Global,75927841,ANIMALIA,CHORDATA,MAMMALIA,RODENTIA,MURIDAE,Conilurus,Conilurus capricornensis,"Cramb &amp; Hocknull, 2010",,,,EX,Capricorn Rabbit-rat,Oceania,Australia,Invasive Species; Urbanization; Fire,Invasive Species,,KN
254622730,136379,Crocidura trichura,Extinct,,2025,2025-04-19 00:00:00 UTC,3.1,English,"There have been no confirmed records of Christmas Island shrew since 1985, despite surveys and many studies. A recent analysis estimated that there was a 92% likelihood, albeit with very broad 95% confidence intervals from 39.18–99.99%, that the species is extinct based on the Records and Surveys model; and analysis using the Threats model concluded that there was a 98% (range 85.5–100) likelihood it is extinct (see Supplementary Information for details). These estimates exceed the 90% likelihood of extinction [P(E)] recommended underpinning a categorisation as Extinct. On the balance of evidence, this species is therefore assessed as Extinct.","The most recent records were from tall rainforest with deep soils, and terrace rainforest with shallow soils (Schulz 2002). It was recorded using holes in rocks and roots of trees as shelter and foraging predominantly on small beetles (Andrews 1900).","The most marked population decline occurred between 1900 and 1909, most likely due to the same disease (trypanosomisis), associated with the introduction of black rats Rattus rattus in 1900 (Green 2014), that caused the extinction then of Christmas Island's two endemic rat species. Schulz (2002) listed the following potential threats in the previous Recovery Plan for this species: disease; the introduced yellow crazy ant (Anoplolepis gracilipes) which is a threat for many terrestrial animals on Christmas Island; habitat loss; habitat alteration (in part through the spread of invasive weeds); predation by both introduced and natural predators (including cats and black rats); small population size; and mortality due to road traffic. The introduction of the common wolf snake Lycodon capucinus in the 1980s may have further contributed to its decline, given that this snake quickly spread across the entire island, attained high densities, and was probably the causal factor in the extinction of two endemic reptile species (Emery et al. 2021) and the endemic insectivorous bat (Woinarski 2018).","The Christmas Island shrew is likely to be Extinct. It was reported to be 'extremely common' at the time of the first zoological survey of the island in 1898 (Andrews 1900) but its population then declined rapidly and it was considered probably extinct by the time of the next survey in 1908 (Andrews 1909). Since 1898 there have been only four confirmed records: two individuals in 1958, and two individuals in 1985. Several unconfirmed reports occurred between 1996 and 1998 but a survey undertaken in 2000 to determine the status of the shrew failed to find any individuals (Meek 2000), and substantial survey effort since then has failed to record the species (Eldridge et al. 2014, Woinarski et al. 2014, Woinarski et al. 2023). This sampling includes assessment of the stomach contents of over 500 feral cats. Using the Records and Surveys method of Thompson et al. (2017), Woinarski et al. (2023) estimated that the likelihood of its extinction was 92% (albeit with broad 95% confidence intervals from 39.18–99.99)—see the Supplementary Information for details. Analysis using the Threats model (Keith et al. 2017) concluded that there was a 98% (range 85.5–100) likelihood it is extinct.",,The Christmas Island shrew was endemic to Christmas Island (Australia).,,Terrestrial,"Management of this species was previously coordinated with a Conservation Advice (Threatened Species Scientific Committee 2018), which replaced a 2002 Recovery Plan. Most of Christmas Island is included in a national park. There is ongoing control of yellow crazy ants and an attempt to eradicate feral cats.  This species is currently listed as Critically Endangered under Australian environmental legislation.",Australasian,1985,FALSE,FALSE,Global,136379,ANIMALIA,CHORDATA,MAMMALIA,EULIPOTYPHLA,SORICIDAE,Crocidura,Crocidura trichura,"Dobson in Thomas, 1889",,,,CR,Christmas Island Shrew,Oceania,Australia,Invasive Species; Habitat Loss; Urbanization; Disease,Invasive Species,,TF
254623623,75927882,Pseudomys auritus,Extinct,,2024,2024-06-06 00:00:00 UTC,3.1,English,The Long-eared Mouse is listed as Extinct as there have been no records since the 1850s.,"The Long-eared Mouse was the largest of all known Pseudomys (with the exception of a subfossil Pseudomys from the southern Kimberley: Start et al. 2012). Large rodents (those within the ‘critical weight range’) have become extinct or seriously declined disproportionately compared with smaller species. Areas in which it occurred had a mean annual rainfall of between 470 and 800 mm, and the vegetation included open heath, dense mallee, open scrub, and open woodland and forest with a dense understorey (Medlin 2008, 2023).","Extinction was probably due to a combination of predation by feral cats Felis catus, land clearance and overgrazing by livestock.","The species is extinct. It was formerly common, being one of the most abundant species in fossil material at Naracoorte, spanning a period of 45,000 years (Medlin 2023), and was probably still common at the time of European colonisation of Australia (1788) (Menkhorst and Loyn 2011). The last known specimen caught was in the 1850s (Medlin 2023).",,"The Long-eared Mouse was previously distributed from Kangaroo Island and the Coorong through southeastern South Australia to the basalt plains of southwestern Victoria (Menkhorst and Loyn 2011, Medlin 2023). It is now extinct.",,Terrestrial,The species is extinct.,Australasian,1850s,FALSE,FALSE,Global,75927882,ANIMALIA,CHORDATA,MAMMALIA,RODENTIA,MURIDAE,Pseudomys,Pseudomys auritus,"O. Thomas, 1910",,,,EX,Long-eared Mouse,Oceania,Australia,Invasive Species; Habitat Loss; Agriculture,Invasive Species,,MU
257424215,135292,Pseudobactricia ridleyi,Extinct,,2025,2025-07-04 00:00:00 UTC,3.1,English,"This species is known from just a single specimen collected in Singapore and described in 1904. Extensive searches of the remaining natural forest in Singapore forest have failed to reveal any more specimens of this species, genus or subfamily. Exhaustive surveys have also been carried out in neighbouring countries; these have failed to discover populations of this species. Therefore, it is considered to be Extinct.","This is almost certainly a tropical moist forest species, with few details available of the ecology including the food plant used.","Habitat loss (human-induced), as well as possible collection for traditional medicine, probably contributed to the extinction of Pseudobactricia ridleyi (T.W. Lim pers. comm.).","Remaining areas of seemingly suitable habitat in Singapore have been explored, but no specimens of this stick insect have been found following the species description from a single specimen in 1904.",,"This species is known only from a single male specimen collected from an indistinct locality in Singapore. There have been many surveys of stick insects in Singapore, Malaysia and Indonesia since 2008 with no rediscovery of this species (T.W. Lim pers. comm. January 2025).",There is not trade or use of this species.,Terrestrial,"Almost all natural forest in Singapore has been cleared since the description of this stick insect. There have been subsequent substantial directed surveys for this species in Singapore without success. With no rediscovery despite the survey effort, it suggests that the species may truly be extinct.",Indomalayan,before 1904,FALSE,FALSE,Global,135292,ANIMALIA,ARTHROPODA,INSECTA,PHASMIDA,DIAPHEROMERIDAE,Pseudobactricia,Pseudobactricia ridleyi,(Kirby 1904),,,,EX,Ridley's Stick Insect,Asia,Indonesia,Habitat Loss; Overharvesting,Habitat Loss,,RE
258653869,136805,Bettongia pusilla,Extinct,,2025,2024-08-29 00:00:00 UTC,3.1,English,"The Nullarbor Dwarf Bettong was described recently (McNamara 1997). It is known only from subfossil material, but is considered to have been extant at European settlement, e.g. Baynes (1987) placed it (as ‘unnamed potoroid’) in the modern mammal fauna of the Nullarbor Plain. It has never been reported alive, despite extensive searching in its former range (Boscacci et al. 1987). The timing of its decline and extinction is unresolved. This species is listed as Extinct under Australian national environmental law.A probabilistic model to estimate the probability of extinction of this species has been published (Fisher and Humphries 2024): the Threat &amp; effort Cox Regression Survival model (Fisher and Blomberg 2012). This model concluded that this species is extinct with &gt;90% probability.",There is no information about its habitat or ecology.,"The species is extinct. Its extinction was probably caused by predation by feral Cats (Felis catus), with habitat degradation by introduced rabbits (Oryctolagus cuniculus) and livestock also possible contributing factors (Woinarski et al. 2014). The timing of its decline and loss is unresolved but likely preceded the arrival in its range of the European red fox (Vulpes vulpes).","The Nullarbor Dwarf Bettong is only known from recent subfossils (McNamara 1997). The species is thought to have persisted after European settlement of Australia (1788), but is now extinct.",,"The Nullarbor Dwarf Bettong is known only from the Nullarbor and adjacent Hampton and Mallee bioregions of Australia (Burbidge et al. 2009, Woinarski et al. 2014, Baynes and Burbidge 2023).",,Terrestrial,All Bettongia spp. are listed on CITES Appendix I.,Australasian,There is no record of it ever having been seen.,FALSE,FALSE,Global,136805,ANIMALIA,CHORDATA,MAMMALIA,DIPROTODONTIA,POTOROIDAE,Bettongia,Bettongia pusilla,"McNamara, 1997",,,,EX,Nullarbor Dwarf Bettong,Oceania,Australia,Invasive Species; Habitat Loss; Agriculture; Urbanization,Invasive Species,,MU
258666243,71510353,Bettongia anhydra,Extinct,,2025,2024-08-22 00:00:00 UTC,3.1,English,"The Desert Bettong is known from a single modern specimen, collected in 1933 and has not been recorded alive since then, despite extensive surveys. The date of extinction is unknown, but was possibly in the 1950s or 1960s as Woylie Bettongia penicillata and Boodie B. lesueur survived in the Tanami Desert until c. 1960 (Burbidge et al. 1988).","Nothing is known about what habitat the Desert Bettong occurred in or about its ecology. The Tanami Desert is mostly a dry hummock grassland with scattered shrubs and this was possibly the habitat of this species. However, the subfossil record from the Nullarbor Plain Western Australian (McDowell 2013, McDowell et al. 2015) suggests a wider array of habitats. Interpretation of the skull and dentition of the Desert Bettong suggests that coarse browse material was a substantial proportion of its diet (McDowell et al. 2015).","The Desert Bettong was probably driven to extinction because of predation by introduced Red Foxes Vulpes vulpes and feral domestic Cats Felis catus, perhaps combined with changes in fire regimes. There is strong evidence for decline and extinction of critical weight range mammals due to predation by Red Foxes; Short (1998) documented a close correlation between the extinction of bettongs in New South Wales and the arrival of the Red Fox. There is strong evidence for decline and extinction of desert critical weight range mammals due to predation by feral domestic Cats; attempts to reintroduce Boodies B. lesueur to mainland areas where Red Foxes were controlled failed because of predation by feral cats (Christensen and Burrows 1994). When Aboriginal people moved to settlements, fire regimes in the western deserts changed from mostly small fires resulting in a mosaic of fire ages to a regime of infrequent, very large summer fires (Latz 1995), with consequences for food availability and habitat suitability demonstrated for small desert macropods (Bolton and Latz 1978).","It is not known how abundant the Desert Bettong was before its extinction. The species has not been recorded alive since 1933, despite extensive surveys.",,"The single modern specimen, a damaged skull, was collected in 1933 from a freshly-dead animal by the explorer Michael Terry near the McEwin Hills, east of Lake Mackay in the Tanami Desert, Northern Territory. Holocene material (a single maxilla) attributable to this species on morphological criteria is known from Stegamite Cave, southern Nullarbor Plain, Western Australia (McDowell et al. 2015). As these localities are widely separated, it may once have had a relatively wide distribution. Burbidge et al. (1988) did not record any Aboriginal oral history that may show indigenous knowledge of a third species of Bettongia in the central and western deserts; however, they did not ask people about a third species, as the Desert Bettong was not known to be a separate species at the time. If the Desert Bettong's pelage and behaviour was similar to the Boodie's, the two species may not have been differentiated.",,Terrestrial,The species was not included in any State or Territory legislation and it is not known if it formerly occurred in any protected areas.,Australasian,1933,FALSE,FALSE,Global,71510353,ANIMALIA,CHORDATA,MAMMALIA,DIPROTODONTIA,POTOROIDAE,Bettongia,Bettongia anhydra,"Finlayson, 1957",,,,EX,Desert Bettong,Oceania,Australia,Invasive Species; Overharvesting; Fire; Unknown,Invasive Species,,MU
259598170,199838,Pennatomys nivalis,Extinct,,2024,2024-06-12 00:00:00 UTC,3.1,English,"The Nevis Rice Rat has never been definitely reported extant during the European historical period. However, it is known to have survived until almost immediately prior to European arrival in the Caribbean, suggesting strongly that pre-Columbian human impacts did not cause its disappearance and that it persisted into the historical period. Several reports of rats being eaten on Nevis and St. Kitts, in one instance of animals specifically described as “unusual-looking” (i.e., suggesting a difference from introduced Black Rats), have been reported from the seventeenth, eighteenth, and twentieth centuries, until the 1930s, and may well represent this species. However, several weeks of survey work in 2009 (involving live trapping with Sherman and Tomahawk traps) at various elevations in the forests of Nevis Peak found no evidence of the Nevis Rice Rat’s continued survival, and instead discovered very high densities of invasive mongoose and Black Rats throughout the island’s forests (S. Turvey unpublished data). The species is therefore assessed as Extinct.","Nothing is known about this species’ habitat or ecology. This island rice rat was about the same size as a Black Rat, and therefore much smaller than Megalomys, the other recently extinct endemic insular Caribbean rice rat genus (see Turvey et al. 2010).","The cause of extinction of the Nevis Rice Rat is unknown. However, its survival until the European historical era suggests that its extinction may have been driven by predation or competition with invasive mammals, probably introduced Black Rats or mongoose.",This species is now extinct.,,"The Nevis Rice Rat is thought to have formerly occurred on the three main islands of the Saint Kitts Bank (Nevis, Saint Kitts and Saint Eustatius) (Turvey et al. 2010), though ancient DNA analyses have suggested that there may have been sufficient genetic differentiation between each island to constitute three distinct species (Brace et al. 2015). It has been recorded from numerous pre-Columbian zooarchaeological sites, as it constituted a major component of the diet of prehistoric Amerindians (Turvey et al. 2010).","This species was widely exploited by Amerindians for food during the recent prehistoric period, but its continued presence in kitchen middens dating closely before European arrival in the Caribbean c. 500 years ago suggests that this exploitation did not seriously impact its population. Animals specifically identified as rats, and therefore possibly representing this species, were described as providing “good meat” on St. Kitts (Harlow 1925), and in 1720 it was reported that “in Nevis some people do eat Rats, wrapping them up in banano-leaves to bake them as it were under warm embers” (Merrill 1958). There are reports of unusual-looking rats occurring on Nevis and being eaten by inhabitants of the island until the 1930s (Turvey et al. 2010).",Terrestrial,"This species is Extinct, so no further actions are needed.",Neotropical,1930,FALSE,FALSE,Global,199838,ANIMALIA,CHORDATA,MAMMALIA,RODENTIA,CRICETIDAE,Pennatomys,Pennatomys nivalis,"Turvey, Weksler, Morris &amp; Nokkert, 2010",,,,EX,Nevis Rice Rat,Caribbean,Caribbean,Invasive Species; Unknown,Invasive Species,,MU
261858995,22728666,Anas marecula,Extinct,,2024,2024-06-27 00:00:00 UTC,3.1,English,"This species was found on Amsterdam and St Paul Island, French Southern Territories, but it is now Extinct having not been seen since 1793. Hunting and introduced rats were the main cause of its extinction.","It was flightless, and is likely to have inhabited small freshwater pools and lakes (Hume 2017).","It was presumably hunted to extinction by whalers stopping off on the island (Olson and Jouventin 1996). The island was also infested by rats by the time naturalists visited Amsterdam Island in 1874 (Hume 2017), which presumably contributed to its extinction.",No extant population remains.,,"Anas marecula was endemic to Amsterdam Island and St Paul Island, French Southern Territories (Hume 2017). ",It was presumably hunted to extinction by whalers stopping off on the island (Olson and Jouventin 1996).,Freshwater (=Inland waters),,Afrotropical,1793,FALSE,FALSE,Global,22728666,ANIMALIA,CHORDATA,AVES,ANSERIFORMES,ANATIDAE,Anas,Anas marecula,"Olson & Jouventin, 1996",,,,EX,Amsterdam Duck,Island,Island,Invasive Species; Overharvesting,Invasive Species,,MU
261860542,62254534,Columba thiriouxi,Extinct,,2024,2024-06-27 00:00:00 UTC,3.1,English,"This Extinct species has been newly-described from subfossil remains. It is little-known but probably became extinct around 1730 as a result of overhunting, predation by rats, and deforestation.","A small arboreal pigeon, likely fed on seeds and fruit in the forest canopy (Hume 2017).","This species was apparently easily caught, and probably became extinct as a result of overhunting, predation by Black Rats, and deforestation (Hume 2017).",No extant population remains.,,"Columba thiriouxi is known from subfossil remains on Mauritius (Hume 2011). It is thought to have become extinct around 1730 (Hume and Walters 2012). Available specimen material is limited, and there is some doubt about the validity of the species since currently available material may not satisfactorily exclude C. livia (R. Roe in litt. 2014).",Over-hunting likely contributed to its extinction (Hume 2017).,Terrestrial,,Afrotropical,1730,FALSE,FALSE,Global,62254534,ANIMALIA,CHORDATA,AVES,COLUMBIFORMES,COLUMBIDAE,Columba,Columba thiriouxi,"Hume, 2011",,,,EX,Mauritius Woodpigeon,Indian Ocean Islands,Mauritius,Invasive Species; Habitat Loss,Invasive Species,,MU
261897803,22728712,Nesoenas duboisi,Extinct,,2024,2024-06-28 00:00:00 UTC,3.1,English,"This species was found on the island of Réunion, but it was last recorded in 1674 and is thought to have been Extinct since the end of the 17th century. Predation by introduced cats and rats is likely to have been the primary cause of its extinction.","Nothing is known, though it is likely to have inhabited forest.","The species was considered common in the late 1600s but appears to have rapidly become extinct (by the end of the 17th century; Hume 2017). The account by Dubois (1967) suggests the species was hunted for consumption, and R. rattus had reached plague proportions on the island by the early 1676, soon followed by cats (Hume 2011), both of which likely contributed to the rapid decline of the species (Hume 2017).",No extant population remains.,,Nesoenas duboisi is based on Dubois' 1674 description of rusty-red pigeons from Réunion (Rothschild 1907).,An account by Dubois (1674) stated that they 'taste very good' and the species was likely heavily hunted for consumption.,Terrestrial,,Afrotropical,1699,FALSE,FALSE,Global,22728712,ANIMALIA,CHORDATA,AVES,COLUMBIFORMES,COLUMBIDAE,Nesoenas,Nesoenas duboisi,"Rothschild, 1907",,,,EX,Reunion Pigeon,Indian Ocean Islands,Reunion,Invasive Species,Invasive Species,,MU
261900726,62257034,Nesoenas cicur,Extinct,,2024,2024-06-28 00:00:00 UTC,3.1,English,"This Extinct species has been newly-described from subfossil remains. It is little-known but probably became extinct around 1730 as a result of overhunting, predation by rats, and deforestation.","Little is known, but it was probably more terrestrial than N. picturatus (Hume 2017).","This species is thought to have became extinct as a result of overhunting, predation by invasive mammals, and severe deforestation (Hume 2017).",The species is known to be extinct.,,Nesoenas cicur is known from subfossil remains on Mauritius (Hume 2011).,Over-hunting is presumed to have contributed to the extinction of this species (Hume 2017).,Terrestrial,,Afrotropical,1730,FALSE,FALSE,Global,62257034,ANIMALIA,CHORDATA,AVES,COLUMBIFORMES,COLUMBIDAE,Nesoenas,Nesoenas cicur,"Hume, 2011",,,,EX,Mauritius Turtle-dove,Indian Ocean Islands,Mauritius,Invasive Species; Habitat Loss,Invasive Species,,MG
261913120,22728722,Nesoenas rodericanus,Extinct,,2024,2024-06-28 00:00:00 UTC,3.1,English,This Extinct species has been newly-described from subfossil remains. It is little-known but probably became extinct during the 18th century as a result of overhunting and predation by rats.,"The only detailed description of the species was made by Leguat (1708), who provided some observations on the general ecology of the species. Specifically, it was said that they perch and build their nests in trees, and would feed on melon seeds thrown to them by the visitors. Additionally, they reportedly built their nests on the surrounding islets as opposed to the island itself, which was hypothesised to avoid the predation of eggs by rats.","The species was described as being tame and easily hunted by Leguat (1708), but the presence of rats was likely the main driver of extinction (Hume 2017). Specifically, Leguat (1708) stated that rats were vast in number on the island, and postulated that the species would nest on surrounding islets to avoid predation.",No extant population remains.,,Nesoenas rodericanus is known from subfossil remains found in caves on Rodrigues (Mauritius; Hume 2017).,The account by Leguat (1708) stated that the species 'was easily taken' and 'good to eat' (Hume 2017). Consumption of the species presumably contributed to its extinction.,Terrestrial,,Afrotropical,1726-1761,FALSE,FALSE,Global,22728722,ANIMALIA,CHORDATA,AVES,COLUMBIFORMES,COLUMBIDAE,Nesoenas,Nesoenas rodericanus,"(Milne-Edwards, 1874)",,,,EX,Rodrigues Turtle-dove,Indian Ocean Islands,Mauritius,Invasive Species,Invasive Species,,SH
261916273,22690059,Raphus cucullatus,Extinct,,2024,2024-06-28 00:00:00 UTC,3.1,English,"This species was found in Mauritius, but is now Extinct as a result of hunting by settlers and nest predation by introduced animals.","It was mainly a species of the dry lowland forests (Owadally 1979), reportedly occurred in forest dominated with Sideroxylon grandiflorum, Pandanus sp., and endemic plants (de Boer et al. 2013; Rijkdijk et al. 2009, 2011, 2015). Evidence suggests it was predominantly herbivorous (Rijsdijk et al. 2009). Evidence suggests the species likely foraged on hard seeds, fallen fruits, land snails, and possibly marine invertebrates (Hume 2017). The species was flightless (Livezey 1993) and tame (Hachisuka 1953).","Due to its tameness and large size it was very heavily hunted for food by sailors (Hachisuka 1953). The introduction of Rattus rattus (Black Rats), pigs, goats, and possibly monkeys, also all likely contributed to the declines through competition and predation of eggs (Hume 2017). There are also reports of the species being shipped off island for use as a display animal. For example, live specimens were reported from a menagerie in India (Herbert 1634, Temple 1914), and a live specimen was on display in London in 1638 (Strickland and Melville 1848).",No extant population remains.,,"Raphus cucullatus is known from numerous bones, specimen fragments, reports and paintings from Mauritius (Strickland and Melville 1848). It was last reported from an offshore islet by Iversen in 1662 (Cheke 1987), and although one analysis indicates that it is likely to have persisted until 1690 (Roberts and Solow 2004), it is generally considered that all references to ""dodos"" thereafter refer to Red Rail Aphanapteryx bonasia (Cheke 2006, Hume 2017).",Hunting for consumption is most often cited as the main driver of the species' extinction (Hume 2017).,Terrestrial,,Afrotropical,1662,FALSE,FALSE,Global,22690059,ANIMALIA,CHORDATA,AVES,COLUMBIFORMES,COLUMBIDAE,Raphus,Raphus cucullatus,"(Linnaeus, 1758)",,,,EX,Dodo,Indian Ocean Islands,Mauritius,Invasive Species; Overharvesting,Invasive Species,,SH
261927718,22690062,Pezophaps solitaria,Extinct,,2024,2024-07-08 00:00:00 UTC,3.1,English,"This species was endemic to the island of Rodrigues, Mauritius, but was hunted to extinction in the 18th century. It was reported as rare and persisting in isolated parts of the island in 1761, but likely became extinct sometime in the 1760s.","It is likely to have inhabited dry forest and perhaps scrubland. The species' diet reportedly comprised of hard seeds, and fallen fruit and leaves (Hume 2017).","The species was reportedly commonin 1733 (Gennes 1735) but supposedly declined rapidly after this time (Hume 2017). Reports suggest that Rodrigues harboured the densest population of Giant Tortoises in the world at the time, and as such was visited frequently by passing ships (Hume 2017). A turtle run was established to aid in the provision of meat to Réunion and the hospital on Mauritius (Cheke and Hume 2008). The species was undoubtedly harvested by the plethora of visitors (Hume 2017). Goats and cats were also introduced to the island sometime after 1726, and also likely contributed to the decline of the species (Hume 2017), through competition, disturbance, or nest or adult predation.",No extant population remains.,,"Pezophaps solitaria was endemic to Rodrigues, Mauritius, from where it is known from numerous historical accounts (Cheke 1987), with those of Leguat in 1708 providing particularly rich detail (Hachisuka 1953), and many bones (Cowles 1987).",The high numbers of tortoise hunters that visited the island undoubtedly also consumed P. solitaria (Hume 2017).,Terrestrial,,Afrotropical,1761,FALSE,FALSE,Global,22690062,ANIMALIA,CHORDATA,AVES,COLUMBIFORMES,COLUMBIDAE,Pezophaps,Pezophaps solitaria,"(Gmelin, 1789)",,,,EX,Rodrigues Solitaire,Indian Ocean Islands,Mauritius,Invasive Species,Invasive Species,,MU
261969150,22691601,Alectroenas nitidissimus,Extinct,,2024,2024-07-01 00:00:00 UTC,3.1,English,"This species was found on Mauritius, and although it persisted alongside humans for over two-centuries it eventually became extinct owing largely to deforestation. The last specimen was taken in 1826, with the last account in 1832. The species may have persisted until 1837.","Little is known about this species. One observer reported that it inhabited river banks and fed on fruit and freshwater molluscs (Milbert 1812), which has been disputed by others (Hume 2017). As with other blue pigeons, it is expected that the species occurred in small flocks or pairs, and movements were dictated by fruit availability (Hume 2017). It likely inhabited montane, evergreen forests, and foraged on fruit predominantly in trees in fruit (Hume 2017).  ","The species persisted despite human occupation and the presence of introduced predators for over two centuries (Hume 2017). Although it is likely that hunting and predation were impacting the species, the primary driver of its extinction is thought to be deforestation (Hume 2017), which is the main threat to blue pigeons today (Baptista et al. 1997). Particularly, the final account of the species stated that it only persisted in remote, intact forest (Desjardins 1832), suggesting its forest dependence was high.",This species has no extant population.,,"Alectroenas nitidissimus is known only from three skins (Cheke 1987) and a number of descriptions and paintings (Tuijn 1969, Cheke 1987), from Mauritius (Cowles 1987).",,Terrestrial,,Afrotropical,1832,FALSE,FALSE,Global,22691601,ANIMALIA,CHORDATA,AVES,COLUMBIFORMES,COLUMBIDAE,Alectroenas,Alectroenas nitidissimus,"(Scopoli, 1786)",,,,EX,Mauritius Blue-pigeon,Indian Ocean Islands,Mauritius,Invasive Species; Habitat Loss; Overharvesting,Invasive Species,,MU
261973331,62759683,Alectroenas payandeei,Extinct,,2024,2024-07-01 00:00:00 UTC,3.1,English,This recently-recognised Extinct pigeon is known from a single tarsometatarsus and possibly a femur. It may have survived into the 17th century but most likely disappeared by the 1690s owing to predation by invasive rats.,"Nothing known, but presumably inhabited forest.","The island was used as a refurbishment station for shipping from at least 1601, presumably leading to the arrival of rats, which were noted to be present in large numbers in 1691-1693 (Leguat 1708), and were likely the primary cause of the species' extinction. The very small size of Rodrigues Island always would have made the species extremely susceptible to any threats and anthropogenic changes (Hume 2017).",The species is Extinct.,,Alectroenas payandeei was described by Hume (2011) from a single subfossil tarsometatarsus bone found on the island of Rodrigues (Mauritius). It was not seen by competent observers who visited Rodrigues in 1691-1693 and 1725-1726 and was likely driven to extinction during the 17th century by invasive rats (Hume 2011).,,Terrestrial,,Afrotropical,1600,FALSE,FALSE,Global,62759683,ANIMALIA,CHORDATA,AVES,COLUMBIFORMES,COLUMBIDAE,Alectroenas,Alectroenas payandeei,"Hume, 2011",,,,EX,Rodrigues Blue-pigeon,Indian Ocean Islands,Mauritius,Invasive Species,Invasive Species,,RE
261974345,22684143,Coua delalandei,Extinct,,2024,2024-07-01 00:00:00 UTC,3.1,English,"This species was endemic to Île Sainte-Marie off the east coast of Madagascar, but is now Extinct. It has not been reported since 1834 and likely succumbed to the complete destruction of its native forest.",It was a terrestrial species of primary rainforest (Collar and Stuart 1985). Observations by Ackerman (1841) suggest its primary food source was molluscs.,"The complete deforestation of Île Sainte-Marie was presumably the ultimate cause of its extinction (Goodman 1993). However, deforestation, over-hunting, and declining food sources (snails) as a result of introduced rats, likely all contributed to the species' extinction (Hume 2017).","The species is Extinct. There have been no reliable records since 1834 (Hume 2017). Reports from 1930 (WCMC 1992) are unfounded, and it is now considered extinct (Collar et al. 1994).",,"Coua delalandei is known from several specimens all collected from Île Sainte-Marie, Madagascar (Hume 2017), with the most recent from 1834 (Collar and Stuart 1985). It has been reported that the species formally occurred on the mainland, but there is no direct evidence to this effect (Hume 2017).","Over-hunting is implicated as a contributing factor in the species' extinction (Collar and Stuart 1985). Reportedly, the species was trapped by locals in the 1920s for their feathers (Lavauden 1932), but there is no direct evidence that the species persisted into the 1900s nor that it occurred on the mainland (Hume 2017).",Terrestrial,,Afrotropical,1834,FALSE,FALSE,Global,22684143,ANIMALIA,CHORDATA,AVES,CUCULIFORMES,CUCULIDAE,Coua,Coua delalandei,"(Temminck, 1827)",,,,EX,Snail-eating Coua,Africa,Madagascar,Invasive Species; Habitat Loss; Overharvesting,Invasive Species,,AC
261985006,22728841,Nannococcyx psix,Extinct,,2024,2024-07-01 00:00:00 UTC,3.1,English,"This species was formerly found on St Helena. It is now Extinct, presumably as a result of island deforestation in the which began in the early 16th century.","The species presumably occupied forest, which would explain its rapid decline after human deforestation of the island (Hume 2017). The species was a diminutive cuckoo, which suggests it parasitised parents of a small forest passerine, that is also likely extinct (Rowlands et al. 1998).",Its extinction is likely to have occurred as a result of the deforestation of the island (Hume 2017).,The species is considered Extinct.,,Nannococcyx psix was described from St Helena (to UK) from a single fragment of a humerus (Hume 2017).,,Terrestrial,,Afrotropical,1550,FALSE,FALSE,Global,22728841,ANIMALIA,CHORDATA,AVES,CUCULIFORMES,CUCULIDAE,Nannococcyx,Nannococcyx psix,"Olson, 1975",,,,EX,Saint Helena Cuckoo,Europe,Europe,Habitat Loss,Habitat Loss,,SH
261986737,22728754,Laterallus podarces,Extinct,,2024,2024-07-01 00:00:00 UTC,3.1,English,"This species was known from St Helena, but is now Extinct. It was presumably driven to extinction by hunting, introduced predators, and large scale deforestation soon after the island was discovered in 1502.","Little is known about the species. It presumably foraged among the island's seabird colonies, feeding on their eggs and chicks, and also potentially fed on snails and other invertebrates (Olson 1973).","It was large and flightless, and therefore likely hunted. Additionally, its eggs and young would have been vulnerable to predation by introduced mammals (Hume 2017). The systematic deforestation of the island also likely contributed to the species' decline.",No extant population remains.,,Laterallus podarces was described from fossils by Wetmore (1963) from St Helena (to UK).,"The species was flightless and easy to catch, although no information regarding the hunting and consumption of the species is available.",Terrestrial,,Afrotropical,1550,FALSE,FALSE,Global,22728754,ANIMALIA,CHORDATA,AVES,GRUIFORMES,RALLIDAE,Laterallus,Laterallus podarces,"(Wetmore, 1963)",,,,EX,Saint Helena Rail,Europe,Europe,Invasive Species; Habitat Loss; Overharvesting,Invasive Species,,RE
261990244,22728884,Aphanapteryx bonasia,Extinct,,2024,2024-07-01 00:00:00 UTC,3.1,English,"This species was known from Mauritius, but went Extinct by the end of the 17th century due to ongoing hunting and the introduction of cats.","Very little is known about the species. A historical account suggests that the species forages in fallen leaves for worms (Hume and Winters 2016). Another report suggests they also fed on molluscs (Hachisuka 1953). The species was likely an opportunistic omnivore (Hume 2017), that inhabited forest.","Several historical accounts report the ease at which the species was hunted (Hume 2017), which was likely the primary cause of its decline. However, the species did persist despite ongoing hunting through the 17th century, as well as likely impacts from introduced animals (monkeys, pigs, and rats; Hume 2017). The introduction of cats towards the end of the century was reportedly disastrous (Cheke and Hume 2008), and the species was extinct by the end of the century.",The species is considered Extinct.,,"Aphanapteryx bonasia was endemic to Mauritius from where it is known from a number of travellers' accounts and illustrations (Cheke 1987), and from numerous bones (Cowles 1987).",Numerous historical accounts show the species was easily and readily caught for consumption (Hume 2017).,Terrestrial,,Afrotropical,1693,FALSE,FALSE,Global,22728884,ANIMALIA,CHORDATA,AVES,GRUIFORMES,RALLIDAE,Aphanapteryx,Aphanapteryx bonasia,"(Selys Longchamps, 1848)",,,,EX,Red Rail,Indian Ocean Islands,Mauritius,Invasive Species; Overharvesting,Invasive Species,,SH
261996606,22728889,Erythromachus leguati,Extinct,,2024,2024-07-08 00:00:00 UTC,3.1,English,"This species was endemic to the island of Rodrigues, Mauritius, but is now Extinct as a result of hunting and predation from cats. It was last recorded in 1726, and was first reported as extinct in 1761.",Virtually nothing is known about the species. It may have inhabited the islands' forests.,"Historical accounts suggest the species was heavily hunted for consumption due to its ease of capture (Hume 2017). However, the species' apparent rapid decline from 1726 to 1761 suggest that introduced cats were the primary cause of its extinction (Hume 2017).",The species is known to be Extinct.,,"Erythromachus leguati was restricted to Rodrigues, Mauritius (Cheke 1987). It is known from a number of bones (Cowles 1987), and from several travellers' reports, the last of which was that of Tafforet in 1726.",Historical accounts suggest the species was heavily hunted for consumption due to its ease of capture (Hume 2017).,Terrestrial,,Afrotropical,1726-1761,FALSE,FALSE,Global,22728889,ANIMALIA,CHORDATA,AVES,GRUIFORMES,RALLIDAE,Erythromachus,Erythromachus leguati,"(Milne-Edwards, 1874)",,,,EX,Rodrigues Rail,Indian Ocean Islands,Mauritius,Invasive Species; Overharvesting,Invasive Species,,RE
261999490,62258591,Dryolimnas augusti,Extinct,,2024,2024-07-01 00:00:00 UTC,3.1,English,"This recently-described, probably flightless rail was likely driven Extinct in the late 17th century as a result of hunting pressure and predation by introduced cats.","Little is known, but it is likely to have been flightless (Hume 2017).","Presumably driven extinct by over-hunting, and predation by introduced mammals, particularly cats (Hume 2017).",No extant population remains.,,Dryolimnas augusti was described from subfossil remains from Réunion (to France).,Hunting contributed to the extinction of the species (Hume 2017).,Terrestrial|Freshwater (=Inland waters),,Afrotropical,1670,FALSE,FALSE,Global,62258591,ANIMALIA,CHORDATA,AVES,GRUIFORMES,RALLIDAE,Dryolimnas,Dryolimnas augusti,"Mourer-Chauviré, Bour, Ribes &amp; Moutou, 1999",,,,EX,Reunion Rail,Indian Ocean Islands,Reunion,Invasive Species; Overharvesting,Invasive Species,,SH
262001031,22728746,Mundia elpenor,Extinct,,2024,2024-07-01 00:00:00 UTC,3.1,English,"This species was known from Ascension Island, but is now Extinct. The only record of the species comes from 1656 and it is thought to have succumbed to predation by introduced rats and potentially cats.","Very little is known of the species' ecology. It was a flightless rail, that likely scavenged amongst sea-bird colonies (Hume 2017), potentially occupying the near-desert interior of the island, and feeding primarily on Sterna fuscata (Sooty Tern) eggs (Olson 1973).","The introduction of rats sometime in the 17th or early 18th century was likely the primary cause of the species' extinction (Hume 2017). Cats arrived on Ascension Island in 1815 and decimated local bird populations, but M. elpenor was likely extinct long before this (Hume 2017).",No extant population remains.,,"Mundia elpenor was endemic to Ascension Island (to UK) from where it is known from subfossil bones (Ashmole 1963), and Mundy's description and sketch from 1656 (Hume 2017).",,Terrestrial,,Afrotropical,1700,FALSE,FALSE,Global,22728746,ANIMALIA,CHORDATA,AVES,GRUIFORMES,RALLIDAE,Mundia,Mundia elpenor,"(Olson, 1973)",,,,EX,Ascension Crake,Europe,Europe,Invasive Species,Invasive Species,,SH
262002629,22728760,Zapornia astrictocarpus,Extinct,,2024,2024-07-01 00:00:00 UTC,3.1,English,"This species was known from St Helena, but is now Extinct. It is likely to have been driven to extinction by introduced predators, over-hunting, and deforestation soon after the island was discovered in 1502.",Nothing is known about the ecology of this species. It likely scavenged amongst seabird colonies similar to the Laterallus podarces (Hume 2017).,"The species reportedly became extinct due to over-hunting, deforestation, and introduced animals (Hume 2017). Predation by Fregata sp. is also conjectured to have been a threat to this species (Hume 2017), as is the predation of its eggs and young by Laterallus podarces (Olson 1973, Rowland et al. 1998). ",No extant population remains.,,Zapornia astrictocarpus is only known from subfossil bones from St Helena (to UK) (Hume 2017).,Over-hunting likely contributed to the species' extinction.,Terrestrial,,Afrotropical,1502,FALSE,FALSE,Global,22728760,ANIMALIA,CHORDATA,AVES,GRUIFORMES,RALLIDAE,Zapornia,Zapornia astrictocarpus,"(Olson, 1973)",,,,EX,Saint Helena Crake,Europe,Europe,Invasive Species; Habitat Loss; Overharvesting,Invasive Species,,RE
262189688,22728726,Porphyrio caerulescens,Extinct,,2024,2024-07-03 00:00:00 UTC,3.1,English,"This species was endemic to the island of Réunion, but became extinct sometime in the early 1700s due to over-hunting and nest predation by introduced rats.","Historical accounts reported the species from plains and plateaus at the top of mountains, and it supposedly nested amongst grasses and aquatic ferns (Hume 2017).","Historical accounts suggest the species was easy to hunt, and the species likely went extinct in the 18th century as a result of over-hunting (Hume 2017). However, rats were also likely a contributing factor after they were introduced to the island in 1676 (Cheke and Hume 2008) through nest predation (Hume 2017).",No extant population remains.,,Porphyrio caerulescens was endemic to Réunion (to France).,Several historical reports suggest the species was heavily hunted for consumption (Hume 2017).,Terrestrial|Freshwater (=Inland waters),,Afrotropical,1750,FALSE,FALSE,Global,22728726,ANIMALIA,CHORDATA,AVES,GRUIFORMES,RALLIDAE,Porphyrio,Porphyrio caerulescens,"(Selys Longchamps, 1848)",,,,EX,Reunion Gallinule,Indian Ocean Islands,Reunion,Invasive Species; Overharvesting,Invasive Species,,RE
262209629,22728763,Gallinula nesiotis,Extinct,,2024,2024-07-03 00:00:00 UTC,3.1,English,"This species is likely to have become Extinct in the late 19th century from a combination of predation by rats, cats and pigs, habitat destruction and hunting for consumption.","Its ecology is unknown, but is likely to have been similar to G. comeri (Hume 2017). Early reports suggest it may have been widespread on the island, occurring ""on the table-land as well as on the low ground"" (Carmichael 1818).","It became extinct as a result of hunting, predation of nests and young by introduced rats, cats and pigs, deforestation to promote grazing, and habitat destruction by fire (Taylor and van Perlo 1998, Hume 2017).",No extant population remains.,,Gallinula nesiotis was endemic to Tristan da Cunha (to UK).,Hunting for consumption is implicated in the extinction of this species (Hume 2017).,Terrestrial|Freshwater (=Inland waters),,Afrotropical,1861,FALSE,FALSE,Global,22728763,ANIMALIA,CHORDATA,AVES,GRUIFORMES,RALLIDAE,Gallinula,Gallinula nesiotis,"P.L. Sclater, 1861",,,,EX,Tristan Moorhen,Europe,Europe,Invasive Species; Habitat Loss; Overharvesting; Agriculture; Fire,Invasive Species,,MU
262219759,22728769,Fulica newtonii,Extinct,,2024,2024-07-03 00:00:00 UTC,3.1,English,"This species was found in the Mascarene Islands, but has been extinct since the early 1700s. The drivers of its decline are unknown, but hunting and introduced predators are presumed to have contributed.","Nothing is known, but it is likely to have been typical of the genus.",The species presumably went extinct as a result of over-hunting and introduced predators (Hume 2017).,No extant population remains.,,"Fulica newtonii is known from numerous travellers' reports (Cheke 1987) and bones (Cowles 1987) from Réunion (to France), and Mauritius.",The species was presumably hunted for consumption (Hume 2017).,Freshwater (=Inland waters),,Afrotropical,1699,FALSE,FALSE,Global,22728769,ANIMALIA,CHORDATA,AVES,GRUIFORMES,RALLIDAE,Fulica,Fulica newtonii,"Milne-Edwards, 1867",,,,EX,Mascarene Coot,Indian Ocean Islands,Mauritius,Invasive Species; Overharvesting; Unknown,Invasive Species,,MU
262222743,22728800,Pterodroma rupinarum,Extinct,,2024,2024-07-04 00:00:00 UTC,3.1,English,"This species was endemic to St Helena Island and the surrounding waters. It probably became extinct due to widespread deforestation on the island, as well as predation by rats and cats.","The species may have occurred throughout the island, but foraged at sea. It nested in burrows (Hume 2017).","The ultimate cause of extinction is unknown, but likely occurred due to deforestation and invasive species during the early 16th century (Hume 2017). Introduced species to the island include goats, pigs, rats and mice (Hume 2017), with cats subsequently introduced to attempt to control the outbreak of rats (Bolton et al. 2011). As the species nested in burrows, rats and mice would have especially impacted it through nest predation, with the introduction of cats likely rapidly driving it to extinction shortly after their introduction (Hume 2017).",No extant population remains.,,Pterodroma rupinarum was one of three petrel species known only from the fossil record of St Helena (to UK).,,Terrestrial|Marine,,Afrotropical,1502,FALSE,FALSE,Global,22728800,ANIMALIA,CHORDATA,AVES,PROCELLARIIFORMES,PROCELLARIIDAE,Pterodroma,Pterodroma rupinarum,"Olson, 1975",,,,EX,Large Saint Helena Petrel,Europe,Europe,Invasive Species; Habitat Loss; Unknown,Invasive Species,,RE
262268997,22728804,Bulweria bifax,Extinct,,2024,2024-07-04 00:00:00 UTC,3.1,English,"This species was endemic to the island of St Helena, but is thought to have been hunted to extinction shortly after the island's discovery in 1502.",Nothing is known about the species' habits and ecology but it was likely similar in nature to other Bulweria species.,"Very little is known about the cause of extinction for this species. The fossil record suggests the species had declined prior to the arrival of humans on St Helena, but impacts after this fact likely contributed the extinction of the species (Hume 2017). For example, introduced predators, and/or deforestation.",No extant population remains.,,Bulweria bifax is known only from subfossil remains from St Helena (to UK).,,Terrestrial|Marine,,Afrotropical,1502,FALSE,FALSE,Global,22728804,ANIMALIA,CHORDATA,AVES,PROCELLARIIFORMES,PROCELLARIIDAE,Bulweria,Bulweria bifax,"Olson, 1975",,,,EX,Small Saint Helena Petrel,Europe,Europe,Invasive Species; Habitat Loss,Invasive Species,,MU
262272153,22728791,Threskiornis solitarius,Extinct,,2024,2024-07-04 00:00:00 UTC,3.1,English,"This species was found on Réunion Island, but became Extinct sometime in the early to mid 1700s. Hunting and introduced predators are likely to have driven its decline.","It is likely to have inhabited freshwater wetlands, but was reportedly a montane species that inhabited the tops on mountains, but this may have been due to range contraction from an expanding human population (Hume 2017).","The species range reportedly swiftly contracted as Réunion became more populated (Hume 2017), so habitat loss was likely a threat. However, the bird was easily hunted, and over-hunting along with impacts from introduced predators (presumably cats and rats) were likely the main drivers of declines (Hume 2017).",No extant population remains.,,Threskiornis solitarius is known from subfossil remains discovered on Réunion (to France) (Mourer-Chauviré and Moutou 1987).,Over-hunting likely was a primary driver of the species' extinction (Hume 2017).,Terrestrial|Freshwater (=Inland waters),,Afrotropical,1763,FALSE,FALSE,Global,22728791,ANIMALIA,CHORDATA,AVES,PELECANIFORMES,THRESKIORNITHIDAE,Threskiornis,Threskiornis solitarius,"(Sélys-Longchamps, 1848)",,,,EX,Reunion Ibis,Indian Ocean Islands,Reunion,Invasive Species; Habitat Loss; Overharvesting,Invasive Species,,MU
262274485,22728781,Nycticorax duboisi,Extinct,,2024,2024-07-04 00:00:00 UTC,3.1,English,"This species was endemic to the island of Réunion. The only account in life was in 1674, and it likely went extinct in the early 1700s.",It is likely to have inhabited freshwater wetlands.,"It was said to be ""good and fat"" [to eat] (Dubois 1674), hunting is therefore likely to have caused its extinction, but it would have also been subject to introduced predators (Hume 2017).",No extant population remains.,,"Nycticorax duboisi was endemic to Réunion (to France), and is known only from an incomplete tibiotarsus collected by Bertrand Kervazo in the Grottes des Premiers Français in 1974. The specimens are deposited in the Muséum National d'Histoire Naturelle, Paris (Cowles 1994).",The only historical account (Dubois 1674) suggests the species was hunted for consumption.,Terrestrial|Freshwater (=Inland waters),,Afrotropical,1674,FALSE,FALSE,Global,22728781,ANIMALIA,CHORDATA,AVES,PELECANIFORMES,ARDEIDAE,Nycticorax,Nycticorax duboisi,"Rothschild, 1907",,,,EX,Reunion Night Heron,Indian Ocean Islands,Reunion,Invasive Species; Overharvesting,Invasive Species,,SH
262276501,22728777,Nycticorax mauritianus,Extinct,,2024,2024-07-04 00:00:00 UTC,3.1,English,"This species is known from the mainland of Mauritius. The only potential account of the species in life is from 1693, and it likely went extinct sometime in the early 1700s.",It is likely to have inhabited freshwater wetlands.,"Introduced predators (such as cats) are considered the most likely cause of extinction (Hume 2017), but hunting for consumption may have also contributed.",No extant population remains.,,"Nycticorax mauritianus was described from seven fossil bones (of which only a coracoid and a tarsometatarsus are available today), from Mauritius (Cowles 1987).","Little information, but hunting for consumption may have contributed to its decline.",Terrestrial|Freshwater (=Inland waters),,Afrotropical,1693,FALSE,FALSE,Global,22728777,ANIMALIA,CHORDATA,AVES,PELECANIFORMES,ARDEIDAE,Nycticorax,Nycticorax mauritianus,"(Newton & Gadow, 1893)",,,,EX,Mauritius Night Heron,Indian Ocean Islands,Mauritius,Invasive Species; Overharvesting,Invasive Species,,RE
262277571,22728787,Nycticorax megacephalus,Extinct,,2024,2024-07-04 00:00:00 UTC,3.1,English,"This species was endemic to the island of Rodrigues, Mauritius, but is now Extinct having been last recorded in 1726, and mentioned as absent in 1761. The cause of extinction is unknown, but hunting and introduced predators undoubtedly played a role.",It is likely to have inhabited freshwater wetlands.,"Leguat mentioned that they were easily caught (Hachisuka 1953), therefore hunting presumably contributed to their extinction, along with severe deforestation and introduced predators, primarily cats (Hume 2017).",No extant population remains.,,"Nycticorax megacephalus is known from a number of subfossil bones (Cowles 1987), and from Leguat's (1708) and Tafforet's (1726) accounts, from Rodrigues, Mauritius.","Leguat mentioned that they were easily caught (Hachisuka 1953), therefore hunting presumably contributed to their extinction.",Freshwater (=Inland waters),,Afrotropical,1726,FALSE,FALSE,Global,22728787,ANIMALIA,CHORDATA,AVES,PELECANIFORMES,ARDEIDAE,Nycticorax,Nycticorax megacephalus,"(Milne-Edwards, 1873)",,,,EX,Rodrigues Night Heron,Indian Ocean Islands,Mauritius,Invasive Species; Habitat Loss; Overharvesting; Unknown,Invasive Species,,RE
262282497,22728866,Mascarenotus grucheti,Extinct,,2024,2024-07-04 00:00:00 UTC,3.1,English,"This species formerly occurred on the island of Réunion. As a presumably forest dependent species, it was probably driven Extinct after the island was colonised in the early 17th century as a result of severe deforestation.","There are no accounts of this species in life, but it was likely a secretive inhabitant of dense and remote forests, and was likely adapted to hunt in such habitats (Hume 2017).",Accelerated deforestation on Réunion through the 18th century was likely the primary cause of decline for this species (Hume 2017).,None remain.,,Mascarenotus grucheti is only known from subfossil remains (Cowles 1987) found on Réunion (to France) (Mourer-Chauviré et al. 1994).,,Terrestrial,,Afrotropical,1750,FALSE,FALSE,Global,22728866,ANIMALIA,CHORDATA,AVES,STRIGIFORMES,STRIGIDAE,Mascarenotus,Mascarenotus grucheti,"Mourer-Chauviré, Bour, Moutou &amp; Ribes, 1994",,,,EX,Reunion Owl,Indian Ocean Islands,Reunion,Habitat Loss,Habitat Loss,,SC
262284504,22728856,Mascarenotus murivorus,Extinct,,2024,2024-07-04 00:00:00 UTC,3.1,English,"This species was endemic to the island of Rodrigues, Mauritius, but is now Extinct due to logging of its habitat and the effects of introduced species. It was last recorded in 1726.","Nothing is known, though it is likely to have inhabited dense and remote forests, nesting in tree-holes (Hume 2017). Historical observations suggest they fed on lizards and small birds (Tafforet 1726 in Hume 2017).","As a presumably forest dependent species that nested in tree-holes, severe deforestation was likely the primary cause of its extinction (Hume et al. 2013, 2014). However, introduced predators such as rats and cats also likely played a role in its extinction (Hume 2017).",None remain.,,"Mascarenotus murivorus was described by a number of early travellers (with the last being Tafforet in 1726) as endemic to Rodrigues, Mauritius (Cheke 1987). The reports have been corroborated by the discovery of a number of bones (Cowles 1987), but the species has only recently been assigned to a genus (Mourer-Chauviré et al. 1994).",,Terrestrial,,Afrotropical,1726,FALSE,FALSE,Global,22728856,ANIMALIA,CHORDATA,AVES,STRIGIFORMES,STRIGIDAE,Mascarenotus,Mascarenotus murivorus,"(Milne-Edwards, 1873)",,,,EX,Rodrigues Owl,Indian Ocean Islands,Mauritius,Invasive Species; Habitat Loss,Invasive Species,,MU
262285773,22728861,Mascarenotus sauzieri,Extinct,,2024,2024-07-04 00:00:00 UTC,3.1,English,"This species was formerly found on Mauritius, but the logging of its forest habitat has driven it to extinction. It was last recorded in 1837, and certainly Extinct by 1859.","Historical reports suggest that the species was forest dependent, with adaptations that suggest it hunted reptiles and small birds (Hume 2017). ","Severe deforestation in the 19th century was presumably the primary cause of decline for the species, considering it persisted for many years alongside introduced predators (Hume 2017). Historical accounts suggest the species was also hunted (Clarke 1859).",None remain.,,Mascarenotus sauzieri is only known from subfossil bones from Mauritius (Mourer-Chauviré et al. 1994).,Historical accounts suggest the species was hunted (Clarke 1859).,Terrestrial,,Afrotropical,1837,FALSE,FALSE,Global,22728861,ANIMALIA,CHORDATA,AVES,STRIGIFORMES,STRIGIDAE,Mascarenotus,Mascarenotus sauzieri,"(Newton & Gadow, 1893)",,,,EX,Mauritius Owl,Indian Ocean Islands,Mauritius,Invasive Species; Habitat Loss,Invasive Species,,RE
262288483,22728670,Upupa antaios,Extinct,,2024,2024-07-04 00:00:00 UTC,3.1,English,"This species formerly occurred on St Helena, but is now Extinct. It was presumably driven to extinction by introduced predators and severe deforestation, persisting until the mid-1600s.","Nothing is known, though it is likely to have been similar to the extant Upupa species (Olson 1975). The species likely occurred in open ground with reduced vegetation cover within patches of forest (Rowland et al. 1998). The remains were found in Prosperous Bay, in an area once bordered by scrub and Dry Gumwood areas which likely provided suitable habitat for the species (Lewis 2008). The species morphology suggests it was a weak flyer that stayed close to feeding areas where its diet likely consisted of invertebrates (Lewis 2008, Hume 2017).","The exact causes of extinction are unknown, but the species went extinct sometime after the island was discovered in 1502, likely from a combination of introduced predators, and severe deforestation (Hume 2017).",No extant population remains.,,Upupa antaios was endemic to St Helena (to UK) (Olson 1975).,,Terrestrial,,Afrotropical,1500,FALSE,FALSE,Global,22728670,ANIMALIA,CHORDATA,AVES,BUCEROTIFORMES,UPUPIDAE,Upupa,Upupa antaios,"Olson, 1975",,,,EX,Saint Helena Hoopoe,Europe,Europe,Invasive Species; Habitat Loss; Unknown,Invasive Species,,MU
262290016,22731930,Falco duboisi,Extinct,,2024,2024-07-04 00:00:00 UTC,3.1,English,"This species was endemic to the island of Réunion, but is now Extinct and has not been recorded since 1671-1672. Persecution is likely to have driven its decline.",It is likely to have occurred in open habitat throughout the island.,"Reasons for its extinction are unknown, but persecution as a result of the species taking domestic fowl (Dubois 1674) is thought to be the primary cause (Hume 2017).",No extant population remains.,,"Falco duboisi is known only from subfossil bones collected by Bertrand Kervazo in the Grottes des Premiers Français on Réunion (to France) in 1974 (Cowles 1994). The specimens are deposited in the Muséum National d'Histoire Naturelle, Paris (Cowles 1994).",The cause of extinction is thought to be persecution to protect domestic animals (Hume 2017),Terrestrial,,Afrotropical,1672,FALSE,FALSE,Global,22731930,ANIMALIA,CHORDATA,AVES,FALCONIFORMES,FALCONIDAE,Falco,Falco duboisi,"G.S. Cowles, 1994",,,,EX,Reunion Kestrel,Indian Ocean Islands,Reunion,Unknown,Unknown,Yes,SC
262292291,22685258,Mascarinus mascarin,Extinct,,2024,2024-07-04 00:00:00 UTC,3.1,English,"This species was known from the island of Réunion, but it has gone Extinct as a result of hunting pressure. The last record of wild birds dates from 1775.","Nothing is known, although it is likely to have inhabited forest where it fed on fruits and nuts. An account by Feuilley (1705) suggests the species fed on seeds, and underwent vertical migration, assume on fat deposits (Hume 2017).","The species was hunted regularly (Hume 2017), both for consumption (Feuilley 1705) and for the cage bird trade, as several specimens were exported to Europe (Hume 2017). There is little information on the cause of extinction for this species, but exploitation was undoubtedly the major driver.",None remain.,,"Mascarinus mascarin was described by numerous early travellers to Réunion (to France), with several captive birds shipped to France in the late 18th century. There are also vague accounts that may relate to the species from Mauritius (Temple 1914) but there are no fossil remains to confirm these accounts.","The species was hunted regularly (Hume 2017), both for consumption (Feuilley 1705) and for the cage bird trade, as several specimens were exported to Europe (Hume 2017).",Terrestrial,,Afrotropical,1775,FALSE,FALSE,Global,22685258,ANIMALIA,CHORDATA,AVES,PSITTACIFORMES,PSITTACIDAE,Mascarinus,Mascarinus mascarin,"(Linnaeus, 1771)",,,,EX,Mascarene Parrot,Indian Ocean Islands,Mauritius,Overharvesting,Overharvesting,,MU
262298318,22685437,Palaeornis wardi,Extinct,,2024,2024-07-04 00:00:00 UTC,3.1,English,"This species was found in the Seychelles, but it is now Extinct as a result of hunting pressure. The last known individuals were shot in 1893, and none were found on a survey in 1906.","It was reportedly a bird of native forest, but adapted to open, cultivated areas once forest was cleared (Hume 2017). The species was seen in flocks, feeding on fruits and seeds, such as cultivated maize (Newton 1867, Skerrett et al. 2001).","Clearance of forest for coconut plantations and shooting and trapping (in particular, to protect maize crops) were the main causes of the species' demise (Forshaw and Cooper 1989, Hume 2017). There are also records of the species from captivity (Hume 2017), so taking the bird as a display animal also likely contributed to its extinction.",None remain.,,"Psittacula wardi was endemic to Mahé and Silhouette, Seychelles, with a sight record from Praslin (Hume 2017).",The species was persecuted as it often fed on cultivated maize (Newton 1867). Historical accounts also describe the species from captivity (Hume 2017).,Terrestrial,,Afrotropical,1893,FALSE,FALSE,Global,22685437,ANIMALIA,CHORDATA,AVES,PSITTACIFORMES,PSITTACIDAE,Palaeornis,Palaeornis wardi,"(E. Newton, 1867)",,,,EX,Seychelles Parakeet,Indian Ocean Islands,Seychelles,Habitat Loss; Overharvesting; Agriculture,Habitat Loss,,MU
262300612,22685465,Alexandrinus exsul,Extinct,,2024,2024-07-04 00:00:00 UTC,3.1,English,"This species was endemic to the island of Rodrigues, Mauritius, but it has not been recorded since 1875 and is now Extinct. It is thought that hunting and habitat loss were major contributors to its decline, and that the final blow may have been dealt by vicious storms in 1876.","It was presumably a forest species which fed on fruits, nuts and seeds.",The species' extinction was presumably caused by a combination of habitat loss and hunting (Cheke 1987).,None remain.,,"Alexandrinus exsul was endemic to forests on Rodrigues, Mauritius (Cheke 1987).","The species was reportedly good to eat (Leguat 1708), so hunting also likely contributed to their decline.",Terrestrial,,Afrotropical,1875,FALSE,FALSE,Global,22685465,ANIMALIA,CHORDATA,AVES,PSITTACIFORMES,PSITTACIDAE,Alexandrinus,Alexandrinus exsul,"(Newton, 1872)",,,,EX,Rodrigues Parakeet,Indian Ocean Islands,Mauritius,Habitat Loss; Overharvesting,Habitat Loss,,MU
262304241,103811601,Foudia delloni,Extinct,,2024,2024-07-04 00:00:00 UTC,3.1,English,"This species was endemic to the island of Réunion, where it was once described as abundant. It was last seen shortly after 1672 and was likely driven to extinction following the arrival of rats on the island. It is therefore classified as Extinct.","The species reportedly originally occurred in vast numbers, unperturbed by human occupation, often causing damage to crops (Dubois 1674). Reportedly, the species' primary habitat was lowland evergreen forest up 300 m (Moreau 1960).","The species was likely driven to extinction following the arrival of rats on the island (Cheke and Hume 2008). Additionally, the species reportedly occupied lowland evergreen forest (Moreau 1960), a habitat type that would have been extensively cleared (Hume 2017).",No extant population remains.,,This species was endemic to the island of Réunion (to France).,,Terrestrial,,Afrotropical,1672,FALSE,FALSE,Global,103811601,ANIMALIA,CHORDATA,AVES,PASSERIFORMES,PLOCEIDAE,Foudia,Foudia delloni,"Cheke &amp; Hume, 2008",,,,EX,Reunion Fody,Indian Ocean Islands,Reunion,Invasive Species,Invasive Species,,SC
262305641,22710836,Necropsar rodericanus,Extinct,,2024,2024-07-04 00:00:00 UTC,3.1,English,"This species was endemic to the island of Rodrigues, Mauritius, but is now Extinct, probably due to a combination of habitat loss and invasive species. The last records date from 1726.","Nothing is known, although a travellers account suggests the species only occupied the surrounding islets (to avoid birds of prey on the mainland), and fed only on the eggs of nesting seabirds and deceased turtles (based on observations from a manuscript by Julien Tafforet translated in Hume 2014).","The reason for this species' extinction is unknown (Cheke 1987), but habitat destruction and predation by introduced mammals likely played a role in its extinction. The species apparently only occurred on the surrounded islets of Rodrigues (based on observations from a manuscript by Julien Tafforet translated in Hume 2014), and so would have been very vulnerable to stochastic events. It also apparently fed predominantly on the eggs of nesting seabirds, so perhaps faced competition from introduced rats.",No extant population remains.,,"Necropsar rodericanus is known only from bones from Rodrigues, Mauritius (Cowles 1987), which are presumably referable to the birds ""Testudophaga bicolor"" (Rothschild 1907) described by Tafforet from Ile du Mât in 1726.",,Terrestrial,,Afrotropical,1726,FALSE,FALSE,Global,22710836,ANIMALIA,CHORDATA,AVES,PASSERIFORMES,STURNIDAE,Necropsar,Necropsar rodericanus,"Slater, 1879",,,,EX,Rodrigues Starling,Indian Ocean Islands,Mauritius,Invasive Species; Habitat Loss; Unknown,Invasive Species,,RE
262309629,103889951,Zosterops semiflavus,Extinct,,2024,2024-07-04 00:00:00 UTC,3.1,English,"This newly-recognised species was known with certainty only from Marianne Island in the Seychelles, although it may also have occurred on Praslin, La Digue, Silhouette Island and Mahé. The only specimen collected after the type series appears to have been in April 1890 by Doctor W.L. Abbott (Ridgway 1896). It became Extinct between then and 1940, most likely before 1900.","Little is known, but Marianne is a small, granitic island with a maximum altitude of 130 m. The species was likely gregarious and lived in small flocks (Hume 2017).","The cause of extinction is unknown, but deforestation was likely the main cause, as natural forest cleared for coconut plantation (Skerrett et al. 2001), with competition with introduced birds, and predation by introduced black rats R. rattus playing a role (Hume 2017).",No extant population remains.,,"This newly-recognised species was known with certainty only from Marianne Island, Seychelles, although it may also have occurred on Praslin, La Digue, Silhouette Island and Mahé (Hume 2017).",,Terrestrial,,Afrotropical,11/04/1890,FALSE,FALSE,Global,103889951,ANIMALIA,CHORDATA,AVES,PASSERIFORMES,ZOSTEROPIDAE,Zosterops,Zosterops semiflavus,"Newton, 1867",,,,EX,Marianne White-eye,Indian Ocean Islands,Seychelles,Invasive Species; Habitat Loss; Overharvesting; Unknown,Invasive Species,,RE
262345230,22728844,Lophopsittacus bensoni,Extinct,,2024,2024-07-05 00:00:00 UTC,3.1,English,"This species was known from Mauritius, and possibly Reunion. It persisted into the mid-1700s despite heavily hunting and persecution, but severe deforestation during the 18th century appears to have rapidly driven it to extinction by the end of the 1750s.","Very little is known about this species, but it presumably inhabited forest.","This species was heavily hunted for consumption, and persecuted for damaging crops (Dubois 1674, Hume 2017). However, it persisted and was apparently common until the 1750s (Hume 2017). The species was last sighted in 1759, so it appears to have undergone a rapid decline, likely due to severe deforestation starting from the 1730s (Hume 2017).",None remain.,,"Lophopsittacus bensoni was described from a lower mandible, palatine and tarsometatarsus found in caves near Port Louis, Mauritius (Holyoak 1973). There are also a number of reports of small grey parrots from Réunion which probably refer to this or a closely related species (Cheke 1987).","This species was heavily hunted for food and persecuted for damaging crops (Dubois 1674, Hume 2017).",Terrestrial,,Afrotropical,1759,FALSE,FALSE,Global,22728844,ANIMALIA,CHORDATA,AVES,PSITTACIFORMES,PSITTACIDAE,Lophopsittacus,Lophopsittacus bensoni,"Holyoak, 1973",,,,EX,Mauritius Grey Parrot,Indian Ocean Islands,Mauritius,Habitat Loss; Overharvesting; Agriculture,Habitat Loss,,MU
262346605,22728847,Lophopsittacus mauritianus,Extinct,,2024,2024-07-05 00:00:00 UTC,3.1,English,"This species is known from Mauritius, and eventually became extinct after prolonged declines from introduced predators. It became extinct sometime after the last account in 1674.","There is very little known, although it is likely to have been a forest species. Reportedly a weak flier with strong sexual dimorphism (Hume 2017).","The species was reportedly a weak flier (Hume 2017), which would have made it particularly susceptible to introduced predators and was likely the primary cause of its extinction (Hume 2017).",None remain.,,Lophopsittacus mauritianus is known from numerous bones and travellers' reports and sketches from Mauritius (Cowles 1987).,,Terrestrial,,Afrotropical,1674,FALSE,FALSE,Global,22728847,ANIMALIA,CHORDATA,AVES,PSITTACIFORMES,PSITTACIDAE,Lophopsittacus,Lophopsittacus mauritianus,"(Owen, 1866)",,,,EX,Broad-billed Parrot,Indian Ocean Islands,Mauritius,Invasive Species,Invasive Species,,MU
262347522,22728851,Necropsittacus rodricanus,Extinct,,2024,2024-07-05 00:00:00 UTC,3.1,English,"This species was endemic to the island of Rodrigues, Mauritius, but is now Extinct. It was last reported in 1761 and presumably went extinct soon after from a combination of deforestation, over-hunting, and introduced predators.","Nothing is known, though it is likely to have been a forest species. Early observations suggest the species mainly occupied the small islet to the south of Rodrigues, where they fed on small black seeds, visiting the mainland primarily to drink (Hume 2017).","The exact cause of extinction is uncertain, but deforestation, over-hunting, egg predation from rats, and predation by cats, are all thought to have contributed to its extinction (Hume 2017).",None remain.,,"Necropsittacus rodricanus is known from Rodrigues, Mauritius, from several early travellers' reports (Cheke 1987) and a number of subfossil bones (Cowles 1987).",Over-hunting is presumed to be a contributor to the species' extinction (Hume 2017).,Terrestrial,,Afrotropical,1761,FALSE,FALSE,Global,22728851,ANIMALIA,CHORDATA,AVES,PSITTACIFORMES,PSITTACIDAE,Necropsittacus,Necropsittacus rodricanus,"(Milne-Edwards, 1867)",,,,EX,Rodrigues Parrot,Indian Ocean Islands,Mauritius,Invasive Species; Habitat Loss; Overharvesting,Invasive Species,,SC
262348658,22714587,Nesillas aldabrana,Extinct,,2024,2024-07-08 00:00:00 UTC,3.1,English,"This species was formerly found within an incredibly small range on Aldabra, Seychelles, but it is now Extinct due to predation and habitat alteration by invasive species. It was last recorded in 1983, and searches in 1986 confirmed its extinction.","This species occurred in rugged areas of limestone rock, covered by dense mixed scrub (Prŷs-Jones 1979 in Hume 2017, Safford and Hawkins 2013). It was a skulking, insectivorous species (Benson and Penny 1968) which foraged through leaf litter (Prŷs-Jones 1979).","The species always had a very restricted range (Prŷs-Jones 1979 in Hume 2017, Safford and Hawkins 2013), which meant it was always at high risk of extinction. The exact cause of its extinction is uncertain, but cats (direct predation) and Rattus rattus (nest predation) were present on the island and were likely a major threat (Hume 2017). Further, browsing/grazing by introduced goats would have degraded the already restricted habitat for the species (Prŷs-Jones 1979, Safford and Hawkins 2013). Consequentially, this may have allowed access into these habitats for Aldabrachelys gigantea (Aldabra Giant Tortoise), which would have fed on leaf litter, removing a vital habitat feature that N. aldabrana required for foraging (Prŷs-Jones 1979, Safford and Hawkins 2013).",None remain.,,"Nesillas aldabrana was endemic to Ile Malabar, Aldabra, Seychelles (Hambler et al. 1985). The species was only discovered in 1967 (Benson and Penny 1968), and the last records were in 1983 when it seemed only males remained (Hambler et al. 1985, Skerrett and Disley 2011).",,Terrestrial,,Afrotropical,1983,FALSE,FALSE,Global,22714587,ANIMALIA,CHORDATA,AVES,PASSERIFORMES,ACROCEPHALIDAE,Nesillas,Nesillas aldabrana,"Benson & Penny, 1968",,,,EX,Aldabra Brush-warbler,Indian Ocean Islands,Seychelles,Invasive Species; Agriculture,Invasive Species,,RE
262377757,22710840,Fregilupus varius,Extinct,,2024,2024-07-08 00:00:00 UTC,3.1,English,"This species was known from the island of Réunion, but it became Extinct by 1860s. Over-hunting and severe deforestation appear to be the primary drivers of its extinction.","Historical reports suggest the species had high forest dependence, however it was hunted due to the damage it did to crops, so clearly occasionally ventured into more open areas, and apparently fed in coffee plantations (Vinson 1877 translated from Hume 2014, Hume 2017). The species' morphology suggests it was an opportunistic forager that occupied all forest strata (Hume 2014). The species was likely omnivorous, as are most starlings, and nested in tree cavities (Hume 2017). Historical observations also suggest the species was a vertical migrant, breeding in mountain forests during summer (Hume 2014).","The primary causes of the species' extinction were undoubtedly deforestation and hunting. Historical reports suggest that the species primarily occupied the interior of forests (Hume 2017). As deforestation accelerated through the 1830s (Hume 2017), this would have caused the rapid decline of the species' habitat. The species did however move into coffee plantations where it would feed on insects that plagued the coffee flowers (Vinson 1877 translated from Hume 2014), but as plantations gave way to sugarcane during the 1830s, even this marginal habitat was lost (Hume 2017). As the species was also considered a pest, it was heavily hunted during the 1800s (Hume 2017). Supposedly, the species was easily approached, and hunters could take dozens at a time as a consequence (Cheke 1987, Hume 2017). There are also suggestions that disease contacted from introduced Acroditheres tristris (Common Mynas) and impacts from introduced cats and rats may also have caused declines, but as mynas occurred on the island as early as 1759 (Cheke and Hume 2008), and the species survived for decades alongside cats and rats, any declines from these threats are likely negligible (Hume 2017).",No extant population remains.,,Fregilupus varius was endemic to Réunion (to France).,The species was heavily persecuted for the damage it did to crops (Hume 2017).,Terrestrial,,Afrotropical,1859,FALSE,FALSE,Global,22710840,ANIMALIA,CHORDATA,AVES,PASSERIFORMES,STURNIDAE,Fregilupus,Fregilupus varius,"(Boddaert, 1783)",,,,EX,Reunion Starling,Indian Ocean Islands,Reunion,Invasive Species; Habitat Loss; Overharvesting; Disease,Invasive Species,,MU